fips,state_fips,county_fips,acs_county_name,median_household_income,poverty_rate_pct,bachelor_or_higher_pct,total_population,acs_year,acs_source
01001,01,001,"Autauga County, Alabama",68315,11.4,29.6,58761,2022,ACS 2022 5-year Data Profile
01003,01,003,"Baldwin County, Alabama",71039,10.2,32.6,233420,2022,ACS 2022 5-year Data Profile
01005,01,005,"Barbour County, Alabama",39712,24.2,11.9,24877,2022,ACS 2022 5-year Data Profile
01007,01,007,"Bibb County, Alabama",50669,20.6,10.9,22251,2022,ACS 2022 5-year Data Profile
01009,01,009,"Blount County, Alabama",57440,14.2,14.7,59077,2022,ACS 2022 5-year Data Profile
01011,01,011,"Bullock County, Alabama",36136,27.9,9.4,10328,2022,ACS 2022 5-year Data Profile
01013,01,013,"Butler County, Alabama",44429,21.1,13.0,18981,2022,ACS 2022 5-year Data Profile
01015,01,015,"Calhoun County, Alabama",54339,18.0,19.2,116162,2022,ACS 2022 5-year Data Profile
01017,01,017,"Chambers County, Alabama",48805,17.9,12.7,34612,2022,ACS 2022 5-year Data Profile
01019,01,019,"Cherokee County, Alabama",46621,14.3,14.6,25069,2022,ACS 2022 5-year Data Profile
01021,01,021,"Chilton County, Alabama",62471,14.5,14.0,45140,2022,ACS 2022 5-year Data Profile
01023,01,023,"Choctaw County, Alabama",43299,19.1,13.0,12669,2022,ACS 2022 5-year Data Profile
01025,01,025,"Clarke County, Alabama",47549,22.4,13.8,23058,2022,ACS 2022 5-year Data Profile
01027,01,027,"Clay County, Alabama",48074,17.6,12.8,14209,2022,ACS 2022 5-year Data Profile
01029,01,029,"Cleburne County, Alabama",51553,12.9,16.5,15144,2022,ACS 2022 5-year Data Profile
01031,01,031,"Coffee County, Alabama",62199,16.3,21.6,53559,2022,ACS 2022 5-year Data Profile
01033,01,033,"Colbert County, Alabama",56149,15.9,18.0,57270,2022,ACS 2022 5-year Data Profile
01035,01,035,"Conecuh County, Alabama",39888,18.4,13.3,11576,2022,ACS 2022 5-year Data Profile
01037,01,037,"Coosa County, Alabama",52279,11.1,10.6,10329,2022,ACS 2022 5-year Data Profile
01039,01,039,"Covington County, Alabama",48772,18.8,16.3,37542,2022,ACS 2022 5-year Data Profile
01041,01,041,"Crenshaw County, Alabama",48557,14.9,17.2,13205,2022,ACS 2022 5-year Data Profile
01043,01,043,"Cullman County, Alabama",58119,13.0,18.3,88284,2022,ACS 2022 5-year Data Profile
01045,01,045,"Dale County, Alabama",52813,17.5,19.2,49455,2022,ACS 2022 5-year Data Profile
01047,01,047,"Dallas County, Alabama",37180,27.1,15.7,38326,2022,ACS 2022 5-year Data Profile
01049,01,049,"DeKalb County, Alabama",47920,20.2,14.1,71680,2022,ACS 2022 5-year Data Profile
01051,01,051,"Elmore County, Alabama",73258,9.6,24.2,87694,2022,ACS 2022 5-year Data Profile
01053,01,053,"Escambia County, Alabama",41153,21.8,12.6,36755,2022,ACS 2022 5-year Data Profile
01055,01,055,"Etowah County, Alabama",52177,15.9,17.7,103348,2022,ACS 2022 5-year Data Profile
01057,01,057,"Fayette County, Alabama",45650,22.2,13.0,16297,2022,ACS 2022 5-year Data Profile
01059,01,059,"Franklin County, Alabama",47359,16.6,14.8,32011,2022,ACS 2022 5-year Data Profile
01061,01,061,"Geneva County, Alabama",47608,20.8,13.9,26647,2022,ACS 2022 5-year Data Profile
01063,01,063,"Greene County, Alabama",32796,32.9,16.7,7706,2022,ACS 2022 5-year Data Profile
01065,01,065,"Hale County, Alabama",35851,25.0,16.4,14742,2022,ACS 2022 5-year Data Profile
01067,01,067,"Henry County, Alabama",58395,15.5,21.0,17282,2022,ACS 2022 5-year Data Profile
01069,01,069,"Houston County, Alabama",55064,17.8,22.5,107040,2022,ACS 2022 5-year Data Profile
01071,01,071,"Jackson County, Alabama",46748,18.6,16.2,52618,2022,ACS 2022 5-year Data Profile
01073,01,073,"Jefferson County, Alabama",63595,15.9,35.6,672265,2022,ACS 2022 5-year Data Profile
01075,01,075,"Lamar County, Alabama",49565,15.3,10.2,13885,2022,ACS 2022 5-year Data Profile
01077,01,077,"Lauderdale County, Alabama",56081,13.3,25.8,94329,2022,ACS 2022 5-year Data Profile
01079,01,079,"Lawrence County, Alabama",54786,15.8,15.8,33116,2022,ACS 2022 5-year Data Profile
01081,01,081,"Lee County, Alabama",59288,18.5,40.2,175126,2022,ACS 2022 5-year Data Profile
01083,01,083,"Limestone County, Alabama",80146,11.2,29.5,104199,2022,ACS 2022 5-year Data Profile
01085,01,085,"Lowndes County, Alabama",33125,25.5,16.3,10153,2022,ACS 2022 5-year Data Profile
01087,01,087,"Macon County, Alabama",41206,25.0,20.6,19198,2022,ACS 2022 5-year Data Profile
01089,01,089,"Madison County, Alabama",78058,10.7,45.1,389781,2022,ACS 2022 5-year Data Profile
01091,01,091,"Marengo County, Alabama",42975,21.5,22.0,19180,2022,ACS 2022 5-year Data Profile
01093,01,093,"Marion County, Alabama",49743,16.4,11.8,29203,2022,ACS 2022 5-year Data Profile
01095,01,095,"Marshall County, Alabama",58272,16.6,21.4,97923,2022,ACS 2022 5-year Data Profile
01097,01,097,"Mobile County, Alabama",55352,17.6,24.2,413878,2022,ACS 2022 5-year Data Profile
01099,01,099,"Monroe County, Alabama",39965,22.9,13.5,19816,2022,ACS 2022 5-year Data Profile
01101,01,101,"Montgomery County, Alabama",56707,19.6,33.7,228132,2022,ACS 2022 5-year Data Profile
01103,01,103,"Morgan County, Alabama",61588,13.7,23.8,123102,2022,ACS 2022 5-year Data Profile
01105,01,105,"Perry County, Alabama",32332,32.8,15.2,8479,2022,ACS 2022 5-year Data Profile
01107,01,107,"Pickens County, Alabama",45339,22.3,14.5,18925,2022,ACS 2022 5-year Data Profile
01109,01,109,"Pike County, Alabama",42616,23.6,27.7,32997,2022,ACS 2022 5-year Data Profile
01111,01,111,"Randolph County, Alabama",49879,19.9,18.8,22179,2022,ACS 2022 5-year Data Profile
01113,01,113,"Russell County, Alabama",47420,22.0,16.4,58849,2022,ACS 2022 5-year Data Profile
01115,01,115,"St. Clair County, Alabama",73218,10.9,19.3,91719,2022,ACS 2022 5-year Data Profile
01117,01,117,"Shelby County, Alabama",90618,6.9,45.6,223916,2022,ACS 2022 5-year Data Profile
01119,01,119,"Sumter County, Alabama",31726,30.4,21.8,12196,2022,ACS 2022 5-year Data Profile
01121,01,121,"Talladega County, Alabama",52457,18.7,16.6,81105,2022,ACS 2022 5-year Data Profile
01123,01,123,"Tallapoosa County, Alabama",53282,16.8,18.2,41251,2022,ACS 2022 5-year Data Profile
01125,01,125,"Tuscaloosa County, Alabama",61645,16.7,30.9,231558,2022,ACS 2022 5-year Data Profile
01127,01,127,"Walker County, Alabama",52987,16.4,15.3,64978,2022,ACS 2022 5-year Data Profile
01129,01,129,"Washington County, Alabama",51184,15.8,14.2,15434,2022,ACS 2022 5-year Data Profile
01131,01,131,"Wilcox County, Alabama",38208,26.8,11.6,10441,2022,ACS 2022 5-year Data Profile
01133,01,133,"Winston County, Alabama",49494,18.2,13.8,23655,2022,ACS 2022 5-year Data Profile
02013,02,013,"Aleutians East Borough, Alaska",79961,12.6,16.9,3407,2022,ACS 2022 5-year Data Profile
02016,02,016,"Aleutians West Census Area, Alaska",100662,9.6,15.4,5219,2022,ACS 2022 5-year Data Profile
02020,02,020,"Anchorage Municipality, Alaska",95731,9.6,37.0,290674,2022,ACS 2022 5-year Data Profile
02050,02,050,"Bethel Census Area, Alaska",64094,25.3,9.7,18538,2022,ACS 2022 5-year Data Profile
02060,02,060,"Bristol Bay Borough, Alaska",94167,7.9,26.3,854,2022,ACS 2022 5-year Data Profile
02063,02,063,"Chugach Census Area, Alaska",83068,4.9,31.5,7000,2022,ACS 2022 5-year Data Profile
02066,02,066,"Copper River Census Area, Alaska",70606,11.2,28.1,2614,2022,ACS 2022 5-year Data Profile
02068,02,068,"Denali Borough, Alaska",87292,7.3,25.1,2101,2022,ACS 2022 5-year Data Profile
02070,02,070,"Dillingham Census Area, Alaska",69412,15.9,20.5,4854,2022,ACS 2022 5-year Data Profile
02090,02,090,"Fairbanks North Star Borough, Alaska",81655,6.9,32.9,96299,2022,ACS 2022 5-year Data Profile
02100,02,100,"Haines Borough, Alaska",68276,5.8,33.7,2079,2022,ACS 2022 5-year Data Profile
02105,02,105,"Hoonah-Angoon Census Area, Alaska",62344,11.6,27.5,2329,2022,ACS 2022 5-year Data Profile
02110,02,110,"Juneau City and Borough, Alaska",95711,6.9,40.7,32108,2022,ACS 2022 5-year Data Profile
02122,02,122,"Kenai Peninsula Borough, Alaska",76272,12.5,28.0,59235,2022,ACS 2022 5-year Data Profile
02130,02,130,"Ketchikan Gateway Borough, Alaska",82763,9.7,28.5,13910,2022,ACS 2022 5-year Data Profile
02150,02,150,"Kodiak Island Borough, Alaska",91138,8.0,28.5,13065,2022,ACS 2022 5-year Data Profile
02158,02,158,"Kusilvak Census Area, Alaska",42663,34.3,4.6,8372,2022,ACS 2022 5-year Data Profile
02164,02,164,"Lake and Peninsula Borough, Alaska",61607,15.2,15.5,999,2022,ACS 2022 5-year Data Profile
02170,02,170,"Matanuska-Susitna Borough, Alaska",86435,10.2,23.7,108661,2022,ACS 2022 5-year Data Profile
02180,02,180,"Nome Census Area, Alaska",70121,21.1,18.3,10018,2022,ACS 2022 5-year Data Profile
02185,02,185,"North Slope Borough, Alaska",83472,7.9,14.2,10924,2022,ACS 2022 5-year Data Profile
02188,02,188,"Northwest Arctic Borough, Alaska",77647,18.5,15.2,7682,2022,ACS 2022 5-year Data Profile
02195,02,195,"Petersburg Borough, Alaska",77826,4.6,24.8,3374,2022,ACS 2022 5-year Data Profile
02198,02,198,"Prince of Wales-Hyder Census Area, Alaska",61779,15.3,19.4,5799,2022,ACS 2022 5-year Data Profile
02220,02,220,"Sitka City and Borough, Alaska",95261,6.9,34.2,8462,2022,ACS 2022 5-year Data Profile
02230,02,230,"Skagway Municipality, Alaska",79583,6.2,27.8,1303,2022,ACS 2022 5-year Data Profile
02240,02,240,"Southeast Fairbanks Census Area, Alaska",75378,13.2,19.8,6888,2022,ACS 2022 5-year Data Profile
02275,02,275,"Wrangell City and Borough, Alaska",61000,10.1,18.0,2134,2022,ACS 2022 5-year Data Profile
02282,02,282,"Yakutat City and Borough, Alaska",76875,10.0,10.8,564,2022,ACS 2022 5-year Data Profile
02290,02,290,"Yukon-Koyukuk Census Area, Alaska",47826,22.9,14.1,5355,2022,ACS 2022 5-year Data Profile
04001,04,001,"Apache County, Arizona",37483,32.5,13.8,66054,2022,ACS 2022 5-year Data Profile
04003,04,003,"Cochise County, Arizona",58421,14.7,26.7,125504,2022,ACS 2022 5-year Data Profile
04005,04,005,"Coconino County, Arizona",67266,16.9,39.6,144705,2022,ACS 2022 5-year Data Profile
04007,04,007,"Gila County, Arizona",55242,19.0,18.1,53419,2022,ACS 2022 5-year Data Profile
04009,04,009,"Graham County, Arizona",64089,17.7,14.0,38453,2022,ACS 2022 5-year Data Profile
04011,04,011,"Greenlee County, Arizona",73756,12.8,16.7,9483,2022,ACS 2022 5-year Data Profile
04012,04,012,"La Paz County, Arizona",46634,21.0,12.4,16681,2022,ACS 2022 5-year Data Profile
04013,04,013,"Maricopa County, Arizona",80675,11.5,35.0,4430871,2022,ACS 2022 5-year Data Profile
04015,04,015,"Mohave County, Arizona",53592,16.0,14.4,214229,2022,ACS 2022 5-year Data Profile
04017,04,017,"Navajo County, Arizona",50335,25.5,17.3,107110,2022,ACS 2022 5-year Data Profile
04019,04,019,"Pima County, Arizona",64323,14.9,35.0,1042393,2022,ACS 2022 5-year Data Profile
04021,04,021,"Pinal County, Arizona",73313,11.3,21.4,433338,2022,ACS 2022 5-year Data Profile
04023,04,023,"Santa Cruz County, Arizona",51885,20.2,23.5,47838,2022,ACS 2022 5-year Data Profile
04025,04,025,"Yavapai County, Arizona",62430,12.3,28.7,237830,2022,ACS 2022 5-year Data Profile
04027,04,027,"Yuma County, Arizona",56439,17.5,16.4,204374,2022,ACS 2022 5-year Data Profile
05001,05,001,"Arkansas County, Arkansas",58695,16.8,15.8,17024,2022,ACS 2022 5-year Data Profile
05003,05,003,"Ashley County, Arkansas",44804,23.3,11.6,19018,2022,ACS 2022 5-year Data Profile
05005,05,005,"Baxter County, Arkansas",47403,13.5,18.2,41801,2022,ACS 2022 5-year Data Profile
05007,05,007,"Benton County, Arkansas",85269,7.9,35.5,286528,2022,ACS 2022 5-year Data Profile
05009,05,009,"Boone County, Arkansas",52275,13.2,16.6,37662,2022,ACS 2022 5-year Data Profile
05011,05,011,"Bradley County, Arkansas",43688,15.2,12.5,10461,2022,ACS 2022 5-year Data Profile
05013,05,013,"Calhoun County, Arkansas",60237,12.5,12.5,4773,2022,ACS 2022 5-year Data Profile
05015,05,015,"Carroll County, Arkansas",56826,15.4,21.4,28362,2022,ACS 2022 5-year Data Profile
05017,05,017,"Chicot County, Arkansas",36593,27.4,17.6,10234,2022,ACS 2022 5-year Data Profile
05019,05,019,"Clark County, Arkansas",48071,20.0,26.4,21469,2022,ACS 2022 5-year Data Profile
05021,05,021,"Clay County, Arkansas",44685,19.4,15.4,14537,2022,ACS 2022 5-year Data Profile
05023,05,023,"Cleburne County, Arkansas",52780,14.1,17.2,24948,2022,ACS 2022 5-year Data Profile
05025,05,025,"Cleveland County, Arkansas",48913,13.6,15.9,7548,2022,ACS 2022 5-year Data Profile
05027,05,027,"Columbia County, Arkansas",47441,22.5,19.0,22707,2022,ACS 2022 5-year Data Profile
05029,05,029,"Conway County, Arkansas",50282,20.9,19.1,20782,2022,ACS 2022 5-year Data Profile
05031,05,031,"Craighead County, Arkansas",55169,19.1,28.2,111038,2022,ACS 2022 5-year Data Profile
05033,05,033,"Crawford County, Arkansas",56702,17.8,20.3,60593,2022,ACS 2022 5-year Data Profile
05035,05,035,"Crittenden County, Arkansas",51860,19.7,17.6,47945,2022,ACS 2022 5-year Data Profile
05037,05,037,"Cross County, Arkansas",48129,20.2,16.1,16827,2022,ACS 2022 5-year Data Profile
05039,05,039,"Dallas County, Arkansas",40085,11.9,13.0,6472,2022,ACS 2022 5-year Data Profile
05041,05,041,"Desha County, Arkansas",38067,27.2,13.1,11285,2022,ACS 2022 5-year Data Profile
05043,05,043,"Drew County, Arkansas",44968,21.4,25.0,17309,2022,ACS 2022 5-year Data Profile
05045,05,045,"Faulkner County, Arkansas",61273,15.5,32.5,124611,2022,ACS 2022 5-year Data Profile
05047,05,047,"Franklin County, Arkansas",47695,20.2,12.3,17160,2022,ACS 2022 5-year Data Profile
05049,05,049,"Fulton County, Arkansas",38917,15.3,14.4,12183,2022,ACS 2022 5-year Data Profile
05051,05,051,"Garland County, Arkansas",54229,16.9,25.2,100021,2022,ACS 2022 5-year Data Profile
05053,05,053,"Grant County, Arkansas",68598,13.5,18.8,18022,2022,ACS 2022 5-year Data Profile
05055,05,055,"Greene County, Arkansas",54879,17.6,16.6,45954,2022,ACS 2022 5-year Data Profile
05057,05,057,"Hempstead County, Arkansas",45049,23.0,15.8,20037,2022,ACS 2022 5-year Data Profile
05059,05,059,"Hot Spring County, Arkansas",50260,19.7,15.5,33129,2022,ACS 2022 5-year Data Profile
05061,05,061,"Howard County, Arkansas",44824,18.3,15.0,12779,2022,ACS 2022 5-year Data Profile
05063,05,063,"Independence County, Arkansas",52361,19.3,17.1,37910,2022,ACS 2022 5-year Data Profile
05065,05,065,"Izard County, Arkansas",46159,19.7,18.9,13748,2022,ACS 2022 5-year Data Profile
05067,05,067,"Jackson County, Arkansas",41929,20.4,11.9,16784,2022,ACS 2022 5-year Data Profile
05069,05,069,"Jefferson County, Arkansas",46855,19.5,20.2,66934,2022,ACS 2022 5-year Data Profile
05071,05,071,"Johnson County, Arkansas",42470,21.2,15.0,25925,2022,ACS 2022 5-year Data Profile
05073,05,073,"Lafayette County, Arkansas",40262,21.6,10.6,6277,2022,ACS 2022 5-year Data Profile
05075,05,075,"Lawrence County, Arkansas",43606,17.8,12.9,16258,2022,ACS 2022 5-year Data Profile
05077,05,077,"Lee County, Arkansas",33801,27.6,7.7,8666,2022,ACS 2022 5-year Data Profile
05079,05,079,"Lincoln County, Arkansas",50526,17.7,8.1,13016,2022,ACS 2022 5-year Data Profile
05081,05,081,"Little River County, Arkansas",58627,11.8,15.9,12024,2022,ACS 2022 5-year Data Profile
05083,05,083,"Logan County, Arkansas",51131,14.5,14.3,21247,2022,ACS 2022 5-year Data Profile
05085,05,085,"Lonoke County, Arkansas",68078,11.8,19.9,74292,2022,ACS 2022 5-year Data Profile
05087,05,087,"Madison County, Arkansas",51514,16.5,12.3,16737,2022,ACS 2022 5-year Data Profile
05089,05,089,"Marion County, Arkansas",42891,17.8,15.2,16905,2022,ACS 2022 5-year Data Profile
05091,05,091,"Miller County, Arkansas",47613,20.5,15.6,42682,2022,ACS 2022 5-year Data Profile
05093,05,093,"Mississippi County, Arkansas",50012,21.9,14.8,40361,2022,ACS 2022 5-year Data Profile
05095,05,095,"Monroe County, Arkansas",41786,23.8,14.2,6787,2022,ACS 2022 5-year Data Profile
05097,05,097,"Montgomery County, Arkansas",47103,18.2,16.4,8555,2022,ACS 2022 5-year Data Profile
05099,05,099,"Nevada County, Arkansas",43421,27.8,10.9,8292,2022,ACS 2022 5-year Data Profile
05101,05,101,"Newton County, Arkansas",50699,11.4,14.8,7243,2022,ACS 2022 5-year Data Profile
05103,05,103,"Ouachita County, Arkansas",47348,19.1,15.0,22606,2022,ACS 2022 5-year Data Profile
05105,05,105,"Perry County, Arkansas",53980,15.3,15.2,10055,2022,ACS 2022 5-year Data Profile
05107,05,107,"Phillips County, Arkansas",37458,30.5,15.2,16373,2022,ACS 2022 5-year Data Profile
05109,05,109,"Pike County, Arkansas",49248,17.5,18.5,10205,2022,ACS 2022 5-year Data Profile
05111,05,111,"Poinsett County, Arkansas",43440,21.0,11.5,22997,2022,ACS 2022 5-year Data Profile
05113,05,113,"Polk County, Arkansas",48449,17.8,16.3,19384,2022,ACS 2022 5-year Data Profile
05115,05,115,"Pope County, Arkansas",51678,17.9,23.9,63475,2022,ACS 2022 5-year Data Profile
05117,05,117,"Prairie County, Arkansas",47045,10.0,16.0,8217,2022,ACS 2022 5-year Data Profile
05119,05,119,"Pulaski County, Arkansas",58326,16.6,37.0,398322,2022,ACS 2022 5-year Data Profile
05121,05,121,"Randolph County, Arkansas",45993,19.2,15.5,18619,2022,ACS 2022 5-year Data Profile
05123,05,123,"St. Francis County, Arkansas",39822,28.1,13.3,23138,2022,ACS 2022 5-year Data Profile
05125,05,125,"Saline County, Arkansas",73236,9.5,28.5,123988,2022,ACS 2022 5-year Data Profile
05127,05,127,"Scott County, Arkansas",45340,17.1,12.0,9871,2022,ACS 2022 5-year Data Profile
05129,05,129,"Searcy County, Arkansas",42063,26.6,14.9,7880,2022,ACS 2022 5-year Data Profile
05131,05,131,"Sebastian County, Arkansas",54047,16.5,23.9,128184,2022,ACS 2022 5-year Data Profile
05133,05,133,"Sevier County, Arkansas",53567,20.1,11.7,15913,2022,ACS 2022 5-year Data Profile
05135,05,135,"Sharp County, Arkansas",43332,15.9,11.5,17422,2022,ACS 2022 5-year Data Profile
05137,05,137,"Stone County, Arkansas",37664,21.2,14.4,12393,2022,ACS 2022 5-year Data Profile
05139,05,139,"Union County, Arkansas",49745,18.6,18.5,38815,2022,ACS 2022 5-year Data Profile
05141,05,141,"Van Buren County, Arkansas",45768,18.9,16.8,15900,2022,ACS 2022 5-year Data Profile
05143,05,143,"Washington County, Arkansas",61985,15.2,34.5,247331,2022,ACS 2022 5-year Data Profile
05145,05,145,"White County, Arkansas",51144,16.1,20.5,77118,2022,ACS 2022 5-year Data Profile
05147,05,147,"Woodruff County, Arkansas",49608,19.0,16.5,6259,2022,ACS 2022 5-year Data Profile
05149,05,149,"Yell County, Arkansas",55879,12.4,13.8,20342,2022,ACS 2022 5-year Data Profile
06001,06,001,"Alameda County, California",122488,9.2,50.9,1663823,2022,ACS 2022 5-year Data Profile
06003,06,003,"Alpine County, California",101125,13.7,39.6,1515,2022,ACS 2022 5-year Data Profile
06005,06,005,"Amador County, California",74853,7.8,20.6,40577,2022,ACS 2022 5-year Data Profile
06007,06,007,"Butte County, California",66085,18.2,30.8,213605,2022,ACS 2022 5-year Data Profile
06009,06,009,"Calaveras County, California",77526,13.1,21.4,45674,2022,ACS 2022 5-year Data Profile
06011,06,011,"Colusa County, California",69619,10.9,14.3,21811,2022,ACS 2022 5-year Data Profile
06013,06,013,"Contra Costa County, California",120020,8.3,44.5,1162648,2022,ACS 2022 5-year Data Profile
06015,06,015,"Del Norte County, California",61149,14.3,17.7,27462,2022,ACS 2022 5-year Data Profile
06017,06,017,"El Dorado County, California",99246,8.6,38.0,191713,2022,ACS 2022 5-year Data Profile
06019,06,019,"Fresno County, California",67756,19.5,23.4,1008280,2022,ACS 2022 5-year Data Profile
06021,06,021,"Glenn County, California",64033,15.3,14.9,28657,2022,ACS 2022 5-year Data Profile
06023,06,023,"Humboldt County, California",57881,19.8,31.1,136132,2022,ACS 2022 5-year Data Profile
06025,06,025,"Imperial County, California",53847,21.1,15.9,179578,2022,ACS 2022 5-year Data Profile
06027,06,027,"Inyo County, California",63417,11.9,29.0,18829,2022,ACS 2022 5-year Data Profile
06029,06,029,"Kern County, California",63883,19.3,18.3,906883,2022,ACS 2022 5-year Data Profile
06031,06,031,"Kings County, California",68540,16.2,14.7,152515,2022,ACS 2022 5-year Data Profile
06033,06,033,"Lake County, California",56259,16.6,18.2,68024,2022,ACS 2022 5-year Data Profile
06035,06,035,"Lassen County, California",59515,15.2,12.1,31873,2022,ACS 2022 5-year Data Profile
06037,06,037,"Los Angeles County, California",83411,13.7,34.6,9936690,2022,ACS 2022 5-year Data Profile
06039,06,039,"Madera County, California",73543,20.1,17.2,157243,2022,ACS 2022 5-year Data Profile
06041,06,041,"Marin County, California",142019,7.0,61.1,260485,2022,ACS 2022 5-year Data Profile
06043,06,043,"Mariposa County, California",60021,16.0,28.9,17130,2022,ACS 2022 5-year Data Profile
06045,06,045,"Mendocino County, California",61335,16.2,24.0,91145,2022,ACS 2022 5-year Data Profile
06047,06,047,"Merced County, California",64772,18.5,14.6,282290,2022,ACS 2022 5-year Data Profile
06049,06,049,"Modoc County, California",54962,16.9,23.8,8651,2022,ACS 2022 5-year Data Profile
06051,06,051,"Mono County, California",82038,11.3,31.7,13219,2022,ACS 2022 5-year Data Profile
06053,06,053,"Monterey County, California",91043,12.3,27.1,437609,2022,ACS 2022 5-year Data Profile
06055,06,055,"Napa County, California",105809,7.9,37.8,137384,2022,ACS 2022 5-year Data Profile
06057,06,057,"Nevada County, California",79395,10.4,38.8,102322,2022,ACS 2022 5-year Data Profile
06059,06,059,"Orange County, California",109361,9.7,42.8,3175227,2022,ACS 2022 5-year Data Profile
06061,06,061,"Placer County, California",109375,6.8,42.4,406608,2022,ACS 2022 5-year Data Profile
06063,06,063,"Plumas County, California",67885,10.9,21.2,19650,2022,ACS 2022 5-year Data Profile
06065,06,065,"Riverside County, California",84505,11.4,24.1,2429487,2022,ACS 2022 5-year Data Profile
06067,06,067,"Sacramento County, California",84010,13.1,32.6,1579211,2022,ACS 2022 5-year Data Profile
06069,06,069,"San Benito County, California",104451,7.5,22.0,64753,2022,ACS 2022 5-year Data Profile
06071,06,071,"San Bernardino County, California",77423,13.8,22.4,2180563,2022,ACS 2022 5-year Data Profile
06073,06,073,"San Diego County, California",96974,10.6,41.0,3289701,2022,ACS 2022 5-year Data Profile
06075,06,075,"San Francisco County, California",136689,10.5,59.8,851036,2022,ACS 2022 5-year Data Profile
06077,06,077,"San Joaquin County, California",82837,12.9,20.3,779445,2022,ACS 2022 5-year Data Profile
06079,06,079,"San Luis Obispo County, California",90158,12.6,38.0,281712,2022,ACS 2022 5-year Data Profile
06081,06,081,"San Mateo County, California",149907,6.4,52.9,754250,2022,ACS 2022 5-year Data Profile
06083,06,083,"Santa Barbara County, California",92332,13.5,35.7,445213,2022,ACS 2022 5-year Data Profile
06085,06,085,"Santa Clara County, California",153792,6.9,55.3,1916831,2022,ACS 2022 5-year Data Profile
06087,06,087,"Santa Cruz County, California",104409,11.4,42.5,268571,2022,ACS 2022 5-year Data Profile
06089,06,089,"Shasta County, California",68347,13.3,22.8,181852,2022,ACS 2022 5-year Data Profile
06091,06,091,"Sierra County, California",61108,12.6,23.9,2916,2022,ACS 2022 5-year Data Profile
06093,06,093,"Siskiyou County, California",53898,16.7,22.0,44049,2022,ACS 2022 5-year Data Profile
06095,06,095,"Solano County, California",97037,9.0,28.2,450995,2022,ACS 2022 5-year Data Profile
06097,06,097,"Sonoma County, California",99266,8.9,37.8,488436,2022,ACS 2022 5-year Data Profile
06099,06,099,"Stanislaus County, California",74872,13.7,18.2,552063,2022,ACS 2022 5-year Data Profile
06101,06,101,"Sutter County, California",72654,13.3,20.6,99101,2022,ACS 2022 5-year Data Profile
06103,06,103,"Tehama County, California",59029,16.2,18.2,65484,2022,ACS 2022 5-year Data Profile
06105,06,105,"Trinity County, California",47317,22.0,19.2,15889,2022,ACS 2022 5-year Data Profile
06107,06,107,"Tulare County, California",64474,18.5,15.6,473446,2022,ACS 2022 5-year Data Profile
06109,06,109,"Tuolumne County, California",70432,11.4,24.4,54993,2022,ACS 2022 5-year Data Profile
06111,06,111,"Ventura County, California",102141,9.0,34.7,842009,2022,ACS 2022 5-year Data Profile
06113,06,113,"Yolo County, California",85097,17.4,43.3,217141,2022,ACS 2022 5-year Data Profile
06115,06,115,"Yuba County, California",66693,15.4,17.4,81705,2022,ACS 2022 5-year Data Profile
08001,08,001,"Adams County, Colorado",86297,9.6,27.2,520149,2022,ACS 2022 5-year Data Profile
08003,08,003,"Alamosa County, Colorado",52271,15.5,28.2,16460,2022,ACS 2022 5-year Data Profile
08005,08,005,"Arapahoe County, Colorado",92292,8.0,44.9,654453,2022,ACS 2022 5-year Data Profile
08007,08,007,"Archuleta County, Colorado",66813,8.2,39.4,13509,2022,ACS 2022 5-year Data Profile
08009,08,009,"Baca County, Colorado",42115,23.0,24.4,3496,2022,ACS 2022 5-year Data Profile
08011,08,011,"Bent County, Colorado",45776,27.1,15.5,5561,2022,ACS 2022 5-year Data Profile
08013,08,013,"Boulder County, Colorado",99770,11.3,63.2,328658,2022,ACS 2022 5-year Data Profile
08014,08,014,"Broomfield County, Colorado",117541,5.0,58.4,73946,2022,ACS 2022 5-year Data Profile
08015,08,015,"Chaffee County, Colorado",65703,11.8,41.4,19564,2022,ACS 2022 5-year Data Profile
08017,08,017,"Cheyenne County, Colorado",65577,10.9,23.4,1726,2022,ACS 2022 5-year Data Profile
08019,08,019,"Clear Creek County, Colorado",87169,6.6,55.0,9403,2022,ACS 2022 5-year Data Profile
08021,08,021,"Conejos County, Colorado",44093,15.7,24.6,7553,2022,ACS 2022 5-year Data Profile
08023,08,023,"Costilla County, Colorado",34578,22.5,23.7,3534,2022,ACS 2022 5-year Data Profile
08025,08,025,"Crowley County, Colorado",40685,24.2,12.7,5782,2022,ACS 2022 5-year Data Profile
08027,08,027,"Custer County, Colorado",66250,7.7,36.5,4885,2022,ACS 2022 5-year Data Profile
08029,08,029,"Delta County, Colorado",56349,15.0,24.5,31173,2022,ACS 2022 5-year Data Profile
08031,08,031,"Denver County, Colorado",85853,11.7,54.2,710800,2022,ACS 2022 5-year Data Profile
08033,08,033,"Dolores County, Colorado",64708,16.7,26.3,2329,2022,ACS 2022 5-year Data Profile
08035,08,035,"Douglas County, Colorado",139010,3.0,60.0,360206,2022,ACS 2022 5-year Data Profile
08037,08,037,"Eagle County, Colorado",98887,8.0,51.8,55650,2022,ACS 2022 5-year Data Profile
08039,08,039,"Elbert County, Colorado",124360,4.3,35.6,26457,2022,ACS 2022 5-year Data Profile
08041,08,041,"El Paso County, Colorado",82748,9.2,40.2,730323,2022,ACS 2022 5-year Data Profile
08043,08,043,"Fremont County, Colorado",56165,15.0,20.2,49107,2022,ACS 2022 5-year Data Profile
08045,08,045,"Garfield County, Colorado",82772,8.1,33.7,61683,2022,ACS 2022 5-year Data Profile
08047,08,047,"Gilpin County, Colorado",95902,9.3,43.9,5856,2022,ACS 2022 5-year Data Profile
08049,08,049,"Grand County, Colorado",79367,8.6,37.8,15724,2022,ACS 2022 5-year Data Profile
08051,08,051,"Gunnison County, Colorado",76538,10.8,59.3,17018,2022,ACS 2022 5-year Data Profile
08053,08,053,"Hinsdale County, Colorado",58712,7.4,44.6,911,2022,ACS 2022 5-year Data Profile
08055,08,055,"Huerfano County, Colorado",49631,20.6,26.1,6896,2022,ACS 2022 5-year Data Profile
08057,08,057,"Jackson County, Colorado",38686,20.9,27.5,1440,2022,ACS 2022 5-year Data Profile
08059,08,059,"Jefferson County, Colorado",103167,6.7,49.1,580519,2022,ACS 2022 5-year Data Profile
08061,08,061,"Kiowa County, Colorado",45250,15.9,18.0,1347,2022,ACS 2022 5-year Data Profile
08063,08,063,"Kit Carson County, Colorado",58992,9.4,18.0,7039,2022,ACS 2022 5-year Data Profile
08065,08,065,"Lake County, Colorado",78942,7.3,39.2,7403,2022,ACS 2022 5-year Data Profile
08067,08,067,"La Plata County, Colorado",81936,11.4,47.0,55983,2022,ACS 2022 5-year Data Profile
08069,08,069,"Larimer County, Colorado",87199,11.4,50.9,359363,2022,ACS 2022 5-year Data Profile
08071,08,071,"Las Animas County, Colorado",48965,19.0,16.5,14422,2022,ACS 2022 5-year Data Profile
08073,08,073,"Lincoln County, Colorado",59167,11.6,22.7,5583,2022,ACS 2022 5-year Data Profile
08075,08,075,"Logan County, Colorado",54864,11.7,19.7,21302,2022,ACS 2022 5-year Data Profile
08077,08,077,"Mesa County, Colorado",68077,11.5,30.0,156131,2022,ACS 2022 5-year Data Profile
08079,08,079,"Mineral County, Colorado",58929,11.2,57.7,794,2022,ACS 2022 5-year Data Profile
08081,08,081,"Moffat County, Colorado",63983,14.8,20.5,13232,2022,ACS 2022 5-year Data Profile
08083,08,083,"Montezuma County, Colorado",61377,12.5,30.1,26070,2022,ACS 2022 5-year Data Profile
08085,08,085,"Montrose County, Colorado",62817,11.6,27.7,42823,2022,ACS 2022 5-year Data Profile
08087,08,087,"Morgan County, Colorado",70471,12.8,17.7,29045,2022,ACS 2022 5-year Data Profile
08089,08,089,"Otero County, Colorado",47500,24.0,18.3,18580,2022,ACS 2022 5-year Data Profile
08091,08,091,"Ouray County, Colorado",78750,4.8,49.6,4936,2022,ACS 2022 5-year Data Profile
08093,08,093,"Park County, Colorado",85019,6.8,35.5,17597,2022,ACS 2022 5-year Data Profile
08095,08,095,"Phillips County, Colorado",58474,13.9,26.3,4493,2022,ACS 2022 5-year Data Profile
08097,08,097,"Pitkin County, Colorado",96123,6.7,63.1,17325,2022,ACS 2022 5-year Data Profile
08099,08,099,"Prowers County, Colorado",49422,17.6,18.2,11968,2022,ACS 2022 5-year Data Profile
08101,08,101,"Pueblo County, Colorado",59436,16.6,24.1,168135,2022,ACS 2022 5-year Data Profile
08103,08,103,"Rio Blanco County, Colorado",69882,12.9,23.8,6511,2022,ACS 2022 5-year Data Profile
08105,08,105,"Rio Grande County, Colorado",57591,10.3,31.3,11442,2022,ACS 2022 5-year Data Profile
08107,08,107,"Routt County, Colorado",95144,8.0,50.0,24944,2022,ACS 2022 5-year Data Profile
08109,08,109,"Saguache County, Colorado",51946,17.5,24.4,6454,2022,ACS 2022 5-year Data Profile
08111,08,111,"San Juan County, Colorado",67344,19.1,41.7,690,2022,ACS 2022 5-year Data Profile
08113,08,113,"San Miguel County, Colorado",72829,8.5,62.2,8082,2022,ACS 2022 5-year Data Profile
08115,08,115,"Sedgwick County, Colorado",45855,16.1,26.5,2391,2022,ACS 2022 5-year Data Profile
08117,08,117,"Summit County, Colorado",100611,7.4,52.3,30955,2022,ACS 2022 5-year Data Profile
08119,08,119,"Teller County, Colorado",69655,7.0,38.0,24758,2022,ACS 2022 5-year Data Profile
08121,08,121,"Washington County, Colorado",59087,9.7,24.5,4817,2022,ACS 2022 5-year Data Profile
08123,08,123,"Weld County, Colorado",89182,9.7,30.7,331466,2022,ACS 2022 5-year Data Profile
08125,08,125,"Yuma County, Colorado",60118,14.0,24.4,9938,2022,ACS 2022 5-year Data Profile
09110,09,110,"Capitol Planning Region, Connecticut",88190,10.8,41.1,977165,2022,ACS 2022 5-year Data Profile
09120,09,120,"Greater Bridgeport Planning Region, Connecticut",83147,13.3,41.7,326381,2022,ACS 2022 5-year Data Profile
09130,09,130,"Lower Connecticut River Valley Planning Region, Connecticut",99742,6.5,45.3,175244,2022,ACS 2022 5-year Data Profile
09140,09,140,"Naugatuck Valley Planning Region, Connecticut",82939,10.2,33.3,451887,2022,ACS 2022 5-year Data Profile
09150,09,150,"Northeastern Connecticut Planning Region, Connecticut",83119,8.8,25.0,95687,2022,ACS 2022 5-year Data Profile
09160,09,160,"Northwest Hills Planning Region, Connecticut",87971,9.4,37.9,112696,2022,ACS 2022 5-year Data Profile
09170,09,170,"South Central Connecticut Planning Region, Connecticut",83617,11.8,40.4,571298,2022,ACS 2022 5-year Data Profile
09180,09,180,"Southeastern Connecticut Planning Region, Connecticut",80330,9.9,33.8,280293,2022,ACS 2022 5-year Data Profile
09190,09,190,"Western Connecticut Planning Region, Connecticut",118930,7.4,54.2,620666,2022,ACS 2022 5-year Data Profile
10001,10,001,"Kent County, Delaware",69278,12.3,26.3,182400,2022,ACS 2022 5-year Data Profile
10003,10,003,"New Castle County, Delaware",85309,10.5,38.3,570567,2022,ACS 2022 5-year Data Profile
10005,10,005,"Sussex County, Delaware",75406,11.6,31.7,240668,2022,ACS 2022 5-year Data Profile
11001,11,001,"District of Columbia, District of Columbia",101722,15.1,62.6,670587,2022,ACS 2022 5-year Data Profile
12001,12,001,"Alachua County, Florida",57566,20.2,46.7,279729,2022,ACS 2022 5-year Data Profile
12003,12,003,"Baker County, Florida",67872,13.7,14.1,27969,2022,ACS 2022 5-year Data Profile
12005,12,005,"Bay County, Florida",65999,12.2,26.6,181055,2022,ACS 2022 5-year Data Profile
12007,12,007,"Bradford County, Florida",54759,18.2,13.2,27816,2022,ACS 2022 5-year Data Profile
12009,12,009,"Brevard County, Florida",71308,10.1,32.9,610723,2022,ACS 2022 5-year Data Profile
12011,12,011,"Broward County, Florida",70331,12.4,34.9,1940907,2022,ACS 2022 5-year Data Profile
12013,12,013,"Calhoun County, Florida",41526,19.9,11.1,13753,2022,ACS 2022 5-year Data Profile
12015,12,015,"Charlotte County, Florida",62164,10.5,25.1,189900,2022,ACS 2022 5-year Data Profile
12017,12,017,"Citrus County, Florida",52569,15.0,19.7,155173,2022,ACS 2022 5-year Data Profile
12019,12,019,"Clay County, Florida",82242,9.4,27.6,219650,2022,ACS 2022 5-year Data Profile
12021,12,021,"Collier County, Florida",82011,10.4,38.7,380221,2022,ACS 2022 5-year Data Profile
12023,12,023,"Columbia County, Florida",53501,15.7,16.0,69832,2022,ACS 2022 5-year Data Profile
12027,12,027,"DeSoto County, Florida",45000,26.4,11.6,34258,2022,ACS 2022 5-year Data Profile
12029,12,029,"Dixie County, Florida",45057,16.1,8.0,16737,2022,ACS 2022 5-year Data Profile
12031,12,031,"Duval County, Florida",65579,14.3,32.2,995708,2022,ACS 2022 5-year Data Profile
12033,12,033,"Escambia County, Florida",61642,14.9,28.1,321296,2022,ACS 2022 5-year Data Profile
12035,12,035,"Flagler County, Florida",69251,9.8,28.4,117515,2022,ACS 2022 5-year Data Profile
12037,12,037,"Franklin County, Florida",58107,21.7,21.0,12276,2022,ACS 2022 5-year Data Profile
12039,12,039,"Gadsden County, Florida",45721,25.5,19.7,43746,2022,ACS 2022 5-year Data Profile
12041,12,041,"Gilchrist County, Florida",56823,12.4,14.6,18070,2022,ACS 2022 5-year Data Profile
12043,12,043,"Glades County, Florida",37221,21.9,13.0,12179,2022,ACS 2022 5-year Data Profile
12045,12,045,"Gulf County, Florida",56250,12.3,21.4,15002,2022,ACS 2022 5-year Data Profile
12047,12,047,"Hamilton County, Florida",47668,26.4,9.2,13492,2022,ACS 2022 5-year Data Profile
12049,12,049,"Hardee County, Florida",44665,28.5,10.4,25528,2022,ACS 2022 5-year Data Profile
12051,12,051,"Hendry County, Florida",49259,22.3,10.5,39902,2022,ACS 2022 5-year Data Profile
12053,12,053,"Hernando County, Florida",59202,12.5,20.0,196621,2022,ACS 2022 5-year Data Profile
12055,12,055,"Highlands County, Florida",53679,15.6,18.3,102339,2022,ACS 2022 5-year Data Profile
12057,12,057,"Hillsborough County, Florida",70612,13.7,36.2,1468560,2022,ACS 2022 5-year Data Profile
12059,12,059,"Holmes County, Florida",46063,16.6,11.0,19529,2022,ACS 2022 5-year Data Profile
12061,12,061,"Indian River County, Florida",67543,11.4,32.7,160986,2022,ACS 2022 5-year Data Profile
12063,12,063,"Jackson County, Florida",46144,19.2,13.9,47704,2022,ACS 2022 5-year Data Profile
12065,12,065,"Jefferson County, Florida",51573,18.3,19.5,14458,2022,ACS 2022 5-year Data Profile
12067,12,067,"Lafayette County, Florida",57852,19.3,8.1,8107,2022,ACS 2022 5-year Data Profile
12069,12,069,"Lake County, Florida",66239,9.7,25.7,386829,2022,ACS 2022 5-year Data Profile
12071,12,071,"Lee County, Florida",69368,11.7,30.1,772902,2022,ACS 2022 5-year Data Profile
12073,12,073,"Leon County, Florida",61317,19.4,47.5,294128,2022,ACS 2022 5-year Data Profile
12075,12,075,"Levy County, Florida",49933,15.7,16.1,43268,2022,ACS 2022 5-year Data Profile
12077,12,077,"Liberty County, Florida",51723,21.8,16.8,7704,2022,ACS 2022 5-year Data Profile
12079,12,079,"Madison County, Florida",43386,22.4,13.0,17986,2022,ACS 2022 5-year Data Profile
12081,12,081,"Manatee County, Florida",71385,10.2,32.8,405069,2022,ACS 2022 5-year Data Profile
12083,12,083,"Marion County, Florida",55265,14.4,22.0,378225,2022,ACS 2022 5-year Data Profile
12085,12,085,"Martin County, Florida",77894,10.5,35.1,159399,2022,ACS 2022 5-year Data Profile
12086,12,086,"Miami-Dade County, Florida",64215,15.3,32.5,2688237,2022,ACS 2022 5-year Data Profile
12087,12,087,"Monroe County, Florida",80111,11.7,36.3,82044,2022,ACS 2022 5-year Data Profile
12089,12,089,"Nassau County, Florida",84085,9.2,32.0,91538,2022,ACS 2022 5-year Data Profile
12091,12,091,"Okaloosa County, Florida",73988,10.2,33.3,212021,2022,ACS 2022 5-year Data Profile
12093,12,093,"Okeechobee County, Florida",50476,19.2,16.8,39870,2022,ACS 2022 5-year Data Profile
12095,12,095,"Orange County, Florida",72629,13.5,37.4,1427403,2022,ACS 2022 5-year Data Profile
12097,12,097,"Osceola County, Florida",64312,13.4,26.5,393745,2022,ACS 2022 5-year Data Profile
12099,12,099,"Palm Beach County, Florida",76066,11.4,38.8,1494805,2022,ACS 2022 5-year Data Profile
12101,12,101,"Pasco County, Florida",63187,11.8,27.1,569211,2022,ACS 2022 5-year Data Profile
12103,12,103,"Pinellas County, Florida",66406,11.5,35.1,959918,2022,ACS 2022 5-year Data Profile
12105,12,105,"Polk County, Florida",60901,14.8,21.4,736229,2022,ACS 2022 5-year Data Profile
12107,12,107,"Putnam County, Florida",44852,22.8,13.3,73604,2022,ACS 2022 5-year Data Profile
12109,12,109,"St. Johns County, Florida",100020,6.8,47.4,278722,2022,ACS 2022 5-year Data Profile
12111,12,111,"St. Lucie County, Florida",66154,12.5,25.0,334682,2022,ACS 2022 5-year Data Profile
12113,12,113,"Santa Rosa County, Florida",84715,8.9,29.9,188994,2022,ACS 2022 5-year Data Profile
12115,12,115,"Sarasota County, Florida",77213,8.1,38.3,439392,2022,ACS 2022 5-year Data Profile
12117,12,117,"Seminole County, Florida",79490,9.6,41.7,471321,2022,ACS 2022 5-year Data Profile
12119,12,119,"Sumter County, Florida",70105,9.3,33.7,131832,2022,ACS 2022 5-year Data Profile
12121,12,121,"Suwannee County, Florida",49729,14.4,15.9,43881,2022,ACS 2022 5-year Data Profile
12123,12,123,"Taylor County, Florida",46239,15.1,13.9,21421,2022,ACS 2022 5-year Data Profile
12125,12,125,"Union County, Florida",64043,15.9,10.0,15524,2022,ACS 2022 5-year Data Profile
12127,12,127,"Volusia County, Florida",63075,12.2,26.2,558520,2022,ACS 2022 5-year Data Profile
12129,12,129,"Wakulla County, Florida",72035,6.1,19.7,33732,2022,ACS 2022 5-year Data Profile
12131,12,131,"Walton County, Florida",74832,10.5,33.1,76618,2022,ACS 2022 5-year Data Profile
12133,12,133,"Washington County, Florida",47536,22.7,12.4,25014,2022,ACS 2022 5-year Data Profile
13001,13,001,"Appling County, Georgia",43268,25.3,10.0,18441,2022,ACS 2022 5-year Data Profile
13003,13,003,"Atkinson County, Georgia",38007,27.5,11.4,8265,2022,ACS 2022 5-year Data Profile
13005,13,005,"Bacon County, Georgia",43938,21.6,10.9,11138,2022,ACS 2022 5-year Data Profile
13007,13,007,"Baker County, Georgia",45417,23.1,19.0,2878,2022,ACS 2022 5-year Data Profile
13009,13,009,"Baldwin County, Georgia",54699,22.7,23.5,43778,2022,ACS 2022 5-year Data Profile
13011,13,011,"Banks County, Georgia",69096,13.2,17.1,18381,2022,ACS 2022 5-year Data Profile
13013,13,013,"Barrow County, Georgia",75053,9.6,21.2,84399,2022,ACS 2022 5-year Data Profile
13015,13,015,"Bartow County, Georgia",74812,10.8,21.0,109410,2022,ACS 2022 5-year Data Profile
13017,13,017,"Ben Hill County, Georgia",38255,26.5,12.2,17169,2022,ACS 2022 5-year Data Profile
13019,13,019,"Berrien County, Georgia",48670,23.2,14.8,18187,2022,ACS 2022 5-year Data Profile
13021,13,021,"Bibb County, Georgia",48897,25.1,25.9,156554,2022,ACS 2022 5-year Data Profile
13023,13,023,"Bleckley County, Georgia",56021,17.1,18.6,12413,2022,ACS 2022 5-year Data Profile
13025,13,025,"Brantley County, Georgia",40166,16.3,10.3,18105,2022,ACS 2022 5-year Data Profile
13027,13,027,"Brooks County, Georgia",42263,26.5,14.7,16275,2022,ACS 2022 5-year Data Profile
13029,13,029,"Bryan County, Georgia",90627,7.2,33.9,44995,2022,ACS 2022 5-year Data Profile
13031,13,031,"Bulloch County, Georgia",53675,22.8,29.6,79829,2022,ACS 2022 5-year Data Profile
13033,13,033,"Burke County, Georgia",50321,17.3,14.7,24337,2022,ACS 2022 5-year Data Profile
13035,13,035,"Butts County, Georgia",60076,15.8,13.1,25522,2022,ACS 2022 5-year Data Profile
13037,13,037,"Calhoun County, Georgia",48663,25.8,11.4,5594,2022,ACS 2022 5-year Data Profile
13039,13,039,"Camden County, Georgia",68104,16.4,21.7,55105,2022,ACS 2022 5-year Data Profile
13043,13,043,"Candler County, Georgia",45519,18.3,12.2,10946,2022,ACS 2022 5-year Data Profile
13045,13,045,"Carroll County, Georgia",66895,16.9,21.2,120060,2022,ACS 2022 5-year Data Profile
13047,13,047,"Catoosa County, Georgia",68896,8.9,23.2,68052,2022,ACS 2022 5-year Data Profile
13049,13,049,"Charlton County, Georgia",45770,20.5,12.1,12547,2022,ACS 2022 5-year Data Profile
13051,13,051,"Chatham County, Georgia",66171,14.0,36.1,296266,2022,ACS 2022 5-year Data Profile
13053,13,053,"Chattahoochee County, Georgia",52943,16.9,30.0,9402,2022,ACS 2022 5-year Data Profile
13055,13,055,"Chattooga County, Georgia",43556,19.9,9.5,24902,2022,ACS 2022 5-year Data Profile
13057,13,057,"Cherokee County, Georgia",100824,6.6,39.5,268567,2022,ACS 2022 5-year Data Profile
13059,13,059,"Clarke County, Georgia",48692,26.6,47.9,128864,2022,ACS 2022 5-year Data Profile
13061,13,061,"Clay County, Georgia",43264,25.7,16.6,2855,2022,ACS 2022 5-year Data Profile
13063,13,063,"Clayton County, Georgia",56207,16.9,20.6,296312,2022,ACS 2022 5-year Data Profile
13065,13,065,"Clinch County, Georgia",53350,32.5,12.9,6713,2022,ACS 2022 5-year Data Profile
13067,13,067,"Cobb County, Georgia",94244,8.3,49.7,765813,2022,ACS 2022 5-year Data Profile
13069,13,069,"Coffee County, Georgia",48398,20.0,12.9,43056,2022,ACS 2022 5-year Data Profile
13071,13,071,"Colquitt County, Georgia",47235,24.4,14.7,45813,2022,ACS 2022 5-year Data Profile
13073,13,073,"Columbia County, Georgia",92571,7.2,37.4,156921,2022,ACS 2022 5-year Data Profile
13075,13,075,"Cook County, Georgia",46706,21.8,16.0,17242,2022,ACS 2022 5-year Data Profile
13077,13,077,"Coweta County, Georgia",90031,8.3,34.1,147449,2022,ACS 2022 5-year Data Profile
13079,13,079,"Crawford County, Georgia",56948,16.6,11.3,12156,2022,ACS 2022 5-year Data Profile
13081,13,081,"Crisp County, Georgia",47463,23.6,14.1,20255,2022,ACS 2022 5-year Data Profile
13083,13,083,"Dade County, Georgia",59531,6.5,18.3,16239,2022,ACS 2022 5-year Data Profile
13085,13,085,"Dawson County, Georgia",84516,9.6,35.5,27355,2022,ACS 2022 5-year Data Profile
13087,13,087,"Decatur County, Georgia",47383,24.3,15.0,29063,2022,ACS 2022 5-year Data Profile
13089,13,089,"DeKalb County, Georgia",76044,13.4,46.7,761209,2022,ACS 2022 5-year Data Profile
13091,13,091,"Dodge County, Georgia",46091,22.3,14.7,19977,2022,ACS 2022 5-year Data Profile
13093,13,093,"Dooly County, Georgia",54109,21.0,13.0,11236,2022,ACS 2022 5-year Data Profile
13095,13,095,"Dougherty County, Georgia",45640,26.4,23.3,85038,2022,ACS 2022 5-year Data Profile
13097,13,097,"Douglas County, Georgia",76930,11.6,29.9,144735,2022,ACS 2022 5-year Data Profile
13099,13,099,"Early County, Georgia",48355,22.2,14.0,10753,2022,ACS 2022 5-year Data Profile
13101,13,101,"Echols County, Georgia",61184,15.0,14.0,3707,2022,ACS 2022 5-year Data Profile
13103,13,103,"Effingham County, Georgia",79474,6.6,25.2,65314,2022,ACS 2022 5-year Data Profile
13105,13,105,"Elbert County, Georgia",48190,19.0,14.1,19570,2022,ACS 2022 5-year Data Profile
13107,13,107,"Emanuel County, Georgia",47905,21.4,11.6,22907,2022,ACS 2022 5-year Data Profile
13109,13,109,"Evans County, Georgia",55222,21.2,16.4,10759,2022,ACS 2022 5-year Data Profile
13111,13,111,"Fannin County, Georgia",54857,11.8,23.2,25436,2022,ACS 2022 5-year Data Profile
13113,13,113,"Fayette County, Georgia",105910,5.3,47.2,119259,2022,ACS 2022 5-year Data Profile
13115,13,115,"Floyd County, Georgia",57868,17.5,22.3,98541,2022,ACS 2022 5-year Data Profile
13117,13,117,"Forsyth County, Georgia",131660,4.6,56.2,253225,2022,ACS 2022 5-year Data Profile
13119,13,119,"Franklin County, Georgia",52597,18.4,16.8,23480,2022,ACS 2022 5-year Data Profile
13121,13,121,"Fulton County, Georgia",86267,12.5,57.1,1061944,2022,ACS 2022 5-year Data Profile
13123,13,123,"Gilmer County, Georgia",70334,14.8,23.4,31519,2022,ACS 2022 5-year Data Profile
13125,13,125,"Glascock County, Georgia",60469,15.5,12.9,2903,2022,ACS 2022 5-year Data Profile
13127,13,127,"Glynn County, Georgia",65970,16.4,30.6,84566,2022,ACS 2022 5-year Data Profile
13129,13,129,"Gordon County, Georgia",57555,14.0,16.7,57785,2022,ACS 2022 5-year Data Profile
13131,13,131,"Grady County, Georgia",51929,19.8,15.8,26075,2022,ACS 2022 5-year Data Profile
13133,13,133,"Greene County, Georgia",77527,12.9,33.4,19020,2022,ACS 2022 5-year Data Profile
13135,13,135,"Gwinnett County, Georgia",82296,10.1,38.9,957977,2022,ACS 2022 5-year Data Profile
13137,13,137,"Habersham County, Georgia",61292,13.6,22.9,46326,2022,ACS 2022 5-year Data Profile
13139,13,139,"Hall County, Georgia",74153,13.5,25.5,204953,2022,ACS 2022 5-year Data Profile
13141,13,141,"Hancock County, Georgia",31767,27.5,9.6,8588,2022,ACS 2022 5-year Data Profile
13143,13,143,"Haralson County, Georgia",65940,12.5,17.9,30178,2022,ACS 2022 5-year Data Profile
13145,13,145,"Harris County, Georgia",85936,7.5,32.4,34914,2022,ACS 2022 5-year Data Profile
13147,13,147,"Hart County, Georgia",61765,10.8,18.3,26110,2022,ACS 2022 5-year Data Profile
13149,13,149,"Heard County, Georgia",62965,16.7,11.6,11489,2022,ACS 2022 5-year Data Profile
13151,13,151,"Henry County, Georgia",79663,8.4,27.5,240853,2022,ACS 2022 5-year Data Profile
13153,13,153,"Houston County, Georgia",76968,9.7,32.0,164117,2022,ACS 2022 5-year Data Profile
13155,13,155,"Irwin County, Georgia",46383,22.0,16.8,9487,2022,ACS 2022 5-year Data Profile
13157,13,157,"Jackson County, Georgia",82056,8.1,26.5,77033,2022,ACS 2022 5-year Data Profile
13159,13,159,"Jasper County, Georgia",57374,13.3,18.3,14882,2022,ACS 2022 5-year Data Profile
13161,13,161,"Jeff Davis County, Georgia",41780,22.6,11.5,14791,2022,ACS 2022 5-year Data Profile
13163,13,163,"Jefferson County, Georgia",46865,19.4,10.8,15591,2022,ACS 2022 5-year Data Profile
13165,13,165,"Jenkins County, Georgia",31463,27.9,9.1,8704,2022,ACS 2022 5-year Data Profile
13167,13,167,"Johnson County, Georgia",47796,21.9,9.5,9225,2022,ACS 2022 5-year Data Profile
13169,13,169,"Jones County, Georgia",66288,14.3,17.9,28382,2022,ACS 2022 5-year Data Profile
13171,13,171,"Lamar County, Georgia",64966,11.2,17.5,18676,2022,ACS 2022 5-year Data Profile
13173,13,173,"Lanier County, Georgia",39971,32.1,18.4,9964,2022,ACS 2022 5-year Data Profile
13175,13,175,"Laurens County, Georgia",46776,24.4,17.1,49407,2022,ACS 2022 5-year Data Profile
13177,13,177,"Lee County, Georgia",83632,8.8,32.6,32968,2022,ACS 2022 5-year Data Profile
13179,13,179,"Liberty County, Georgia",55149,15.4,20.2,65550,2022,ACS 2022 5-year Data Profile
13181,13,181,"Lincoln County, Georgia",50754,18.1,16.2,7726,2022,ACS 2022 5-year Data Profile
13183,13,183,"Long County, Georgia",56819,15.8,13.0,16804,2022,ACS 2022 5-year Data Profile
13185,13,185,"Lowndes County, Georgia",52821,20.6,26.1,118257,2022,ACS 2022 5-year Data Profile
13187,13,187,"Lumpkin County, Georgia",67592,14.5,32.0,33405,2022,ACS 2022 5-year Data Profile
13189,13,189,"McDuffie County, Georgia",54752,16.1,18.4,21715,2022,ACS 2022 5-year Data Profile
13191,13,191,"McIntosh County, Georgia",51262,20.3,17.8,11183,2022,ACS 2022 5-year Data Profile
13193,13,193,"Macon County, Georgia",33960,26.2,10.1,12099,2022,ACS 2022 5-year Data Profile
13195,13,195,"Madison County, Georgia",53626,20.6,19.6,30378,2022,ACS 2022 5-year Data Profile
13197,13,197,"Marion County, Georgia",48836,12.4,12.2,7508,2022,ACS 2022 5-year Data Profile
13199,13,199,"Meriwether County, Georgia",52392,22.1,13.1,20679,2022,ACS 2022 5-year Data Profile
13201,13,201,"Miller County, Georgia",52132,24.5,19.7,5923,2022,ACS 2022 5-year Data Profile
13205,13,205,"Mitchell County, Georgia",45966,28.7,12.3,21634,2022,ACS 2022 5-year Data Profile
13207,13,207,"Monroe County, Georgia",74867,13.7,28.6,28287,2022,ACS 2022 5-year Data Profile
13209,13,209,"Montgomery County, Georgia",49138,16.6,19.6,8687,2022,ACS 2022 5-year Data Profile
13211,13,211,"Morgan County, Georgia",81524,8.6,29.9,20171,2022,ACS 2022 5-year Data Profile
13213,13,213,"Murray County, Georgia",60617,13.1,11.4,40063,2022,ACS 2022 5-year Data Profile
13215,13,215,"Muscogee County, Georgia",54561,18.7,28.4,204572,2022,ACS 2022 5-year Data Profile
13217,13,217,"Newton County, Georgia",70732,13.4,22.6,113298,2022,ACS 2022 5-year Data Profile
13219,13,219,"Oconee County, Georgia",116221,4.5,53.5,41978,2022,ACS 2022 5-year Data Profile
13221,13,221,"Oglethorpe County, Georgia",66672,11.1,22.7,14974,2022,ACS 2022 5-year Data Profile
13223,13,223,"Paulding County, Georgia",89237,6.7,26.5,169898,2022,ACS 2022 5-year Data Profile
13225,13,225,"Peach County, Georgia",60940,20.7,22.9,28054,2022,ACS 2022 5-year Data Profile
13227,13,227,"Pickens County, Georgia",72558,13.5,24.3,33439,2022,ACS 2022 5-year Data Profile
13229,13,229,"Pierce County, Georgia",54861,15.3,17.0,19822,2022,ACS 2022 5-year Data Profile
13231,13,231,"Pike County, Georgia",83866,8.1,20.2,19145,2022,ACS 2022 5-year Data Profile
13233,13,233,"Polk County, Georgia",51956,17.2,14.4,43019,2022,ACS 2022 5-year Data Profile
13235,13,235,"Pulaski County, Georgia",42545,18.9,12.9,9887,2022,ACS 2022 5-year Data Profile
13237,13,237,"Putnam County, Georgia",60825,16.0,25.6,22206,2022,ACS 2022 5-year Data Profile
13239,13,239,"Quitman County, Georgia",38889,15.3,10.9,2180,2022,ACS 2022 5-year Data Profile
13241,13,241,"Rabun County, Georgia",57261,14.5,28.0,16915,2022,ACS 2022 5-year Data Profile
13243,13,243,"Randolph County, Georgia",24638,28.1,12.4,6365,2022,ACS 2022 5-year Data Profile
13245,13,245,"Richmond County, Georgia",50605,20.7,23.6,206153,2022,ACS 2022 5-year Data Profile
13247,13,247,"Rockdale County, Georgia",68999,11.4,28.1,93641,2022,ACS 2022 5-year Data Profile
13249,13,249,"Schley County, Georgia",53274,15.9,18.0,4565,2022,ACS 2022 5-year Data Profile
13251,13,251,"Screven County, Georgia",49941,18.4,15.7,14026,2022,ACS 2022 5-year Data Profile
13253,13,253,"Seminole County, Georgia",46063,21.0,17.0,9117,2022,ACS 2022 5-year Data Profile
13255,13,255,"Spalding County, Georgia",57367,18.8,18.3,67415,2022,ACS 2022 5-year Data Profile
13257,13,257,"Stephens County, Georgia",52901,12.8,16.0,26732,2022,ACS 2022 5-year Data Profile
13259,13,259,"Stewart County, Georgia",43094,21.9,15.8,5121,2022,ACS 2022 5-year Data Profile
13261,13,261,"Sumter County, Georgia",38899,24.2,22.2,29378,2022,ACS 2022 5-year Data Profile
13263,13,263,"Talbot County, Georgia",48065,18.4,15.4,5793,2022,ACS 2022 5-year Data Profile
13265,13,265,"Taliaferro County, Georgia",45881,18.9,11.5,1635,2022,ACS 2022 5-year Data Profile
13267,13,267,"Tattnall County, Georgia",51868,20.1,14.0,24309,2022,ACS 2022 5-year Data Profile
13269,13,269,"Taylor County, Georgia",40727,29.0,16.3,7799,2022,ACS 2022 5-year Data Profile
13271,13,271,"Telfair County, Georgia",41801,31.3,8.0,12619,2022,ACS 2022 5-year Data Profile
13273,13,273,"Terrell County, Georgia",43507,29.8,13.0,9004,2022,ACS 2022 5-year Data Profile
13275,13,275,"Thomas County, Georgia",55958,18.7,23.8,45665,2022,ACS 2022 5-year Data Profile
13277,13,277,"Tift County, Georgia",52561,21.0,18.7,41247,2022,ACS 2022 5-year Data Profile
13279,13,279,"Toombs County, Georgia",47310,21.7,16.4,26946,2022,ACS 2022 5-year Data Profile
13281,13,281,"Towns County, Georgia",55574,15.3,32.0,12546,2022,ACS 2022 5-year Data Profile
13283,13,283,"Treutlen County, Georgia",38641,28.1,13.7,6411,2022,ACS 2022 5-year Data Profile
13285,13,285,"Troup County, Georgia",53599,19.2,20.3,69527,2022,ACS 2022 5-year Data Profile
13287,13,287,"Turner County, Georgia",39666,22.4,10.5,8894,2022,ACS 2022 5-year Data Profile
13289,13,289,"Twiggs County, Georgia",50446,15.7,10.6,7955,2022,ACS 2022 5-year Data Profile
13291,13,291,"Union County, Georgia",59783,11.7,25.5,24880,2022,ACS 2022 5-year Data Profile
13293,13,293,"Upson County, Georgia",48740,22.4,15.4,27638,2022,ACS 2022 5-year Data Profile
13295,13,295,"Walker County, Georgia",52276,13.7,19.7,68065,2022,ACS 2022 5-year Data Profile
13297,13,297,"Walton County, Georgia",79425,13.1,24.3,97752,2022,ACS 2022 5-year Data Profile
13299,13,299,"Ware County, Georgia",44138,23.7,15.1,35917,2022,ACS 2022 5-year Data Profile
13301,13,301,"Warren County, Georgia",45091,22.9,11.1,5197,2022,ACS 2022 5-year Data Profile
13303,13,303,"Washington County, Georgia",43810,16.8,17.4,19975,2022,ACS 2022 5-year Data Profile
13305,13,305,"Wayne County, Georgia",49847,18.2,14.1,30277,2022,ACS 2022 5-year Data Profile
13307,13,307,"Webster County, Georgia",35000,27.9,9.3,2354,2022,ACS 2022 5-year Data Profile
13309,13,309,"Wheeler County, Georgia",36354,26.7,12.8,7550,2022,ACS 2022 5-year Data Profile
13311,13,311,"White County, Georgia",66256,13.0,23.1,28165,2022,ACS 2022 5-year Data Profile
13313,13,313,"Whitfield County, Georgia",59659,13.5,18.6,103033,2022,ACS 2022 5-year Data Profile
13315,13,315,"Wilcox County, Georgia",46759,23.0,13.6,8839,2022,ACS 2022 5-year Data Profile
13317,13,317,"Wilkes County, Georgia",51780,17.8,15.6,9610,2022,ACS 2022 5-year Data Profile
13319,13,319,"Wilkinson County, Georgia",40757,21.8,12.1,8852,2022,ACS 2022 5-year Data Profile
13321,13,321,"Worth County, Georgia",56496,19.6,9.5,20706,2022,ACS 2022 5-year Data Profile
15001,15,001,"Hawaii County, Hawaii",74238,14.1,30.7,202163,2022,ACS 2022 5-year Data Profile
15003,15,003,"Honolulu County, Hawaii",99816,8.8,36.6,1010100,2022,ACS 2022 5-year Data Profile
15005,15,005,"Kalawao County, Hawaii",87813,14.9,34.0,50,2022,ACS 2022 5-year Data Profile
15007,15,007,"Kauai County, Hawaii",88869,8.3,30.4,73511,2022,ACS 2022 5-year Data Profile
15009,15,009,"Maui County, Hawaii",95379,9.3,30.1,164765,2022,ACS 2022 5-year Data Profile
16001,16,001,"Ada County, Idaho",83881,8.8,42.8,497494,2022,ACS 2022 5-year Data Profile
16003,16,003,"Adams County, Idaho",55891,14.6,21.3,4464,2022,ACS 2022 5-year Data Profile
16005,16,005,"Bannock County, Idaho",60998,12.5,29.5,87434,2022,ACS 2022 5-year Data Profile
16007,16,007,"Bear Lake County, Idaho",63244,10.6,20.8,6436,2022,ACS 2022 5-year Data Profile
16009,16,009,"Benewah County, Idaho",54191,14.5,18.6,9731,2022,ACS 2022 5-year Data Profile
16011,16,011,"Bingham County, Idaho",69433,10.4,19.9,48253,2022,ACS 2022 5-year Data Profile
16013,16,013,"Blaine County, Idaho",81794,6.9,44.5,24248,2022,ACS 2022 5-year Data Profile
16015,16,015,"Boise County, Idaho",70776,9.4,27.1,7809,2022,ACS 2022 5-year Data Profile
16017,16,017,"Bonner County, Idaho",61816,11.9,27.2,47976,2022,ACS 2022 5-year Data Profile
16019,16,019,"Bonneville County, Idaho",73103,9.5,31.9,124490,2022,ACS 2022 5-year Data Profile
16021,16,021,"Boundary County, Idaho",58810,18.5,18.2,12335,2022,ACS 2022 5-year Data Profile
16023,16,023,"Butte County, Idaho",37358,22.1,16.2,2605,2022,ACS 2022 5-year Data Profile
16025,16,025,"Camas County, Idaho",63750,6.7,27.0,1133,2022,ACS 2022 5-year Data Profile
16027,16,027,"Canyon County, Idaho",68473,10.2,21.6,235006,2022,ACS 2022 5-year Data Profile
16029,16,029,"Caribou County, Idaho",65380,6.7,15.7,7058,2022,ACS 2022 5-year Data Profile
16031,16,031,"Cassia County, Idaho",63525,10.4,20.5,24859,2022,ACS 2022 5-year Data Profile
16033,16,033,"Clark County, Idaho",53500,9.2,15.3,756,2022,ACS 2022 5-year Data Profile
16035,16,035,"Clearwater County, Idaho",55885,11.3,18.1,8810,2022,ACS 2022 5-year Data Profile
16037,16,037,"Custer County, Idaho",60357,11.6,28.8,4344,2022,ACS 2022 5-year Data Profile
16039,16,039,"Elmore County, Idaho",55000,12.0,20.9,28752,2022,ACS 2022 5-year Data Profile
16041,16,041,"Franklin County, Idaho",61679,9.6,17.2,14376,2022,ACS 2022 5-year Data Profile
16043,16,043,"Fremont County, Idaho",67015,11.4,21.4,13519,2022,ACS 2022 5-year Data Profile
16045,16,045,"Gem County, Idaho",65204,11.8,22.5,19250,2022,ACS 2022 5-year Data Profile
16047,16,047,"Gooding County, Idaho",60938,13.3,15.8,15520,2022,ACS 2022 5-year Data Profile
16049,16,049,"Idaho County, Idaho",54745,10.4,21.5,16787,2022,ACS 2022 5-year Data Profile
16051,16,051,"Jefferson County, Idaho",77491,8.9,26.8,31383,2022,ACS 2022 5-year Data Profile
16053,16,053,"Jerome County, Idaho",67347,14.7,13.1,24474,2022,ACS 2022 5-year Data Profile
16055,16,055,"Kootenai County, Idaho",71949,9.3,26.7,173396,2022,ACS 2022 5-year Data Profile
16057,16,057,"Latah County, Idaho",62258,14.0,44.3,39872,2022,ACS 2022 5-year Data Profile
16059,16,059,"Lemhi County, Idaho",49216,10.7,22.2,8043,2022,ACS 2022 5-year Data Profile
16061,16,061,"Lewis County, Idaho",46484,17.7,18.5,3630,2022,ACS 2022 5-year Data Profile
16063,16,063,"Lincoln County, Idaho",62250,11.7,11.2,5203,2022,ACS 2022 5-year Data Profile
16065,16,065,"Madison County, Idaho",53025,30.1,39.1,52487,2022,ACS 2022 5-year Data Profile
16067,16,067,"Minidoka County, Idaho",63594,15.1,15.9,21626,2022,ACS 2022 5-year Data Profile
16069,16,069,"Nez Perce County, Idaho",65023,14.1,25.7,42200,2022,ACS 2022 5-year Data Profile
16071,16,071,"Oneida County, Idaho",67383,13.5,23.8,4572,2022,ACS 2022 5-year Data Profile
16073,16,073,"Owyhee County, Idaho",58440,13.1,13.9,12043,2022,ACS 2022 5-year Data Profile
16075,16,075,"Payette County, Idaho",62721,10.6,20.2,25571,2022,ACS 2022 5-year Data Profile
16077,16,077,"Power County, Idaho",56671,11.1,14.7,7918,2022,ACS 2022 5-year Data Profile
16079,16,079,"Shoshone County, Idaho",44807,16.0,11.6,13399,2022,ACS 2022 5-year Data Profile
16081,16,081,"Teton County, Idaho",88906,10.0,47.1,11813,2022,ACS 2022 5-year Data Profile
16083,16,083,"Twin Falls County, Idaho",61183,12.5,23.6,90592,2022,ACS 2022 5-year Data Profile
16085,16,085,"Valley County, Idaho",72878,14.0,36.4,11830,2022,ACS 2022 5-year Data Profile
16087,16,087,"Washington County, Idaho",50046,18.1,17.5,10612,2022,ACS 2022 5-year Data Profile
17001,17,001,"Adams County, Illinois",63767,12.1,26.9,65583,2022,ACS 2022 5-year Data Profile
17003,17,003,"Alexander County, Illinois",40365,21.4,10.3,5261,2022,ACS 2022 5-year Data Profile
17005,17,005,"Bond County, Illinois",58617,14.9,21.1,16750,2022,ACS 2022 5-year Data Profile
17007,17,007,"Boone County, Illinois",80502,9.8,24.0,53459,2022,ACS 2022 5-year Data Profile
17009,17,009,"Brown County, Illinois",64760,10.0,14.0,6334,2022,ACS 2022 5-year Data Profile
17011,17,011,"Bureau County, Illinois",64165,12.6,21.5,33203,2022,ACS 2022 5-year Data Profile
17013,17,013,"Calhoun County, Illinois",88059,8.4,19.5,4472,2022,ACS 2022 5-year Data Profile
17015,17,015,"Carroll County, Illinois",61539,11.2,18.7,15594,2022,ACS 2022 5-year Data Profile
17017,17,017,"Cass County, Illinois",64826,12.3,19.2,12955,2022,ACS 2022 5-year Data Profile
17019,17,019,"Champaign County, Illinois",61090,18.7,45.6,206525,2022,ACS 2022 5-year Data Profile
17021,17,021,"Christian County, Illinois",56933,11.9,17.2,33893,2022,ACS 2022 5-year Data Profile
17023,17,023,"Clark County, Illinois",65874,9.0,24.4,15467,2022,ACS 2022 5-year Data Profile
17025,17,025,"Clay County, Illinois",58028,15.7,15.0,13248,2022,ACS 2022 5-year Data Profile
17027,17,027,"Clinton County, Illinois",78054,7.2,23.6,36998,2022,ACS 2022 5-year Data Profile
17029,17,029,"Coles County, Illinois",53732,19.4,27.0,47076,2022,ACS 2022 5-year Data Profile
17031,17,031,"Cook County, Illinois",78304,13.4,41.3,5225367,2022,ACS 2022 5-year Data Profile
17033,17,033,"Crawford County, Illinois",64163,9.6,18.9,18729,2022,ACS 2022 5-year Data Profile
17035,17,035,"Cumberland County, Illinois",71274,9.7,17.7,10447,2022,ACS 2022 5-year Data Profile
17037,17,037,"DeKalb County, Illinois",68617,15.4,34.1,100686,2022,ACS 2022 5-year Data Profile
17039,17,039,"De Witt County, Illinois",61823,10.2,21.5,15535,2022,ACS 2022 5-year Data Profile
17041,17,041,"Douglas County, Illinois",67177,9.5,19.9,19714,2022,ACS 2022 5-year Data Profile
17043,17,043,"DuPage County, Illinois",107035,6.3,51.1,930559,2022,ACS 2022 5-year Data Profile
17045,17,045,"Edgar County, Illinois",56687,11.8,18.8,16852,2022,ACS 2022 5-year Data Profile
17047,17,047,"Edwards County, Illinois",60784,14.2,13.9,6182,2022,ACS 2022 5-year Data Profile
17049,17,049,"Effingham County, Illinois",73181,10.8,25.9,34594,2022,ACS 2022 5-year Data Profile
17051,17,051,"Fayette County, Illinois",51962,14.7,14.8,21464,2022,ACS 2022 5-year Data Profile
17053,17,053,"Ford County, Illinois",58930,12.1,19.8,13484,2022,ACS 2022 5-year Data Profile
17055,17,055,"Franklin County, Illinois",51031,17.8,17.7,37810,2022,ACS 2022 5-year Data Profile
17057,17,057,"Fulton County, Illinois",57223,13.4,17.7,33691,2022,ACS 2022 5-year Data Profile
17059,17,059,"Gallatin County, Illinois",51868,19.2,12.4,4967,2022,ACS 2022 5-year Data Profile
17061,17,061,"Greene County, Illinois",58900,13.7,15.4,12015,2022,ACS 2022 5-year Data Profile
17063,17,063,"Grundy County, Illinois",89993,6.0,25.7,52624,2022,ACS 2022 5-year Data Profile
17065,17,065,"Hamilton County, Illinois",60574,12.9,17.2,8008,2022,ACS 2022 5-year Data Profile
17067,17,067,"Hancock County, Illinois",61026,13.1,24.6,17582,2022,ACS 2022 5-year Data Profile
17069,17,069,"Hardin County, Illinois",53026,11.5,12.0,3665,2022,ACS 2022 5-year Data Profile
17071,17,071,"Henderson County, Illinois",64946,9.1,20.7,6374,2022,ACS 2022 5-year Data Profile
17073,17,073,"Henry County, Illinois",66313,9.2,24.7,49157,2022,ACS 2022 5-year Data Profile
17075,17,075,"Iroquois County, Illinois",62866,10.7,17.6,27043,2022,ACS 2022 5-year Data Profile
17077,17,077,"Jackson County, Illinois",44847,23.0,35.2,53176,2022,ACS 2022 5-year Data Profile
17079,17,079,"Jasper County, Illinois",67429,9.2,21.4,9295,2022,ACS 2022 5-year Data Profile
17081,17,081,"Jefferson County, Illinois",58384,14.1,18.1,37043,2022,ACS 2022 5-year Data Profile
17083,17,083,"Jersey County, Illinois",77607,8.1,21.8,21462,2022,ACS 2022 5-year Data Profile
17085,17,085,"Jo Daviess County, Illinois",67729,7.8,27.9,21942,2022,ACS 2022 5-year Data Profile
17087,17,087,"Johnson County, Illinois",63295,16.5,16.6,13313,2022,ACS 2022 5-year Data Profile
17089,17,089,"Kane County, Illinois",96400,8.3,36.3,517254,2022,ACS 2022 5-year Data Profile
17091,17,091,"Kankakee County, Illinois",65489,14.0,20.3,107421,2022,ACS 2022 5-year Data Profile
17093,17,093,"Kendall County, Illinois",106358,4.7,35.8,132795,2022,ACS 2022 5-year Data Profile
17095,17,095,"Knox County, Illinois",50263,16.3,20.4,49751,2022,ACS 2022 5-year Data Profile
17097,17,097,"Lake County, Illinois",104553,7.8,46.9,713159,2022,ACS 2022 5-year Data Profile
17099,17,099,"LaSalle County, Illinois",67942,13.7,18.4,109495,2022,ACS 2022 5-year Data Profile
17101,17,101,"Lawrence County, Illinois",55811,13.7,14.1,15302,2022,ACS 2022 5-year Data Profile
17103,17,103,"Lee County, Illinois",64588,12.5,18.9,34221,2022,ACS 2022 5-year Data Profile
17105,17,105,"Livingston County, Illinois",68175,10.2,18.7,35771,2022,ACS 2022 5-year Data Profile
17107,17,107,"Logan County, Illinois",62547,11.5,20.2,28027,2022,ACS 2022 5-year Data Profile
17109,17,109,"McDonough County, Illinois",48904,19.8,31.2,27370,2022,ACS 2022 5-year Data Profile
17111,17,111,"McHenry County, Illinois",100101,6.0,35.3,311133,2022,ACS 2022 5-year Data Profile
17113,17,113,"McLean County, Illinois",75356,14.2,46.0,171284,2022,ACS 2022 5-year Data Profile
17115,17,115,"Macon County, Illinois",59622,15.5,23.9,103542,2022,ACS 2022 5-year Data Profile
17117,17,117,"Macoupin County, Illinois",64706,14.7,19.3,44907,2022,ACS 2022 5-year Data Profile
17119,17,119,"Madison County, Illinois",71759,12.0,29.4,265512,2022,ACS 2022 5-year Data Profile
17121,17,121,"Marion County, Illinois",59099,17.0,16.7,37543,2022,ACS 2022 5-year Data Profile
17123,17,123,"Marshall County, Illinois",64940,12.3,17.4,11740,2022,ACS 2022 5-year Data Profile
17125,17,125,"Mason County, Illinois",58479,13.7,17.3,13074,2022,ACS 2022 5-year Data Profile
17127,17,127,"Massac County, Illinois",57365,13.8,14.7,14135,2022,ACS 2022 5-year Data Profile
17129,17,129,"Menard County, Illinois",84846,7.9,25.9,12284,2022,ACS 2022 5-year Data Profile
17131,17,131,"Mercer County, Illinois",67028,8.0,17.9,15692,2022,ACS 2022 5-year Data Profile
17133,17,133,"Monroe County, Illinois",100685,4.3,37.9,34905,2022,ACS 2022 5-year Data Profile
17135,17,135,"Montgomery County, Illinois",61796,14.0,18.2,28352,2022,ACS 2022 5-year Data Profile
17137,17,137,"Morgan County, Illinois",61188,12.9,22.4,32882,2022,ACS 2022 5-year Data Profile
17139,17,139,"Moultrie County, Illinois",72833,9.2,20.7,14531,2022,ACS 2022 5-year Data Profile
17141,17,141,"Ogle County, Illinois",75782,8.3,23.4,51672,2022,ACS 2022 5-year Data Profile
17143,17,143,"Peoria County, Illinois",63409,15.5,33.7,181186,2022,ACS 2022 5-year Data Profile
17145,17,145,"Perry County, Illinois",56338,17.5,10.9,20996,2022,ACS 2022 5-year Data Profile
17147,17,147,"Piatt County, Illinois",81151,7.2,30.8,16698,2022,ACS 2022 5-year Data Profile
17149,17,149,"Pike County, Illinois",55514,13.5,18.1,14776,2022,ACS 2022 5-year Data Profile
17151,17,151,"Pope County, Illinois",57582,18.7,15.4,3799,2022,ACS 2022 5-year Data Profile
17153,17,153,"Pulaski County, Illinois",41038,25.0,14.5,5177,2022,ACS 2022 5-year Data Profile
17155,17,155,"Putnam County, Illinois",75726,8.8,23.5,5628,2022,ACS 2022 5-year Data Profile
17157,17,157,"Randolph County, Illinois",63860,12.5,13.7,30413,2022,ACS 2022 5-year Data Profile
17159,17,159,"Richland County, Illinois",61607,13.7,18.9,15716,2022,ACS 2022 5-year Data Profile
17161,17,161,"Rock Island County, Illinois",64435,15.2,24.1,143819,2022,ACS 2022 5-year Data Profile
17163,17,163,"St. Clair County, Illinois",68915,13.8,30.4,256791,2022,ACS 2022 5-year Data Profile
17165,17,165,"Saline County, Illinois",51710,18.0,20.2,23662,2022,ACS 2022 5-year Data Profile
17167,17,167,"Sangamon County, Illinois",71653,12.9,34.6,196122,2022,ACS 2022 5-year Data Profile
17169,17,169,"Schuyler County, Illinois",63737,19.5,16.9,6879,2022,ACS 2022 5-year Data Profile
17171,17,171,"Scott County, Illinois",70500,11.0,22.0,4899,2022,ACS 2022 5-year Data Profile
17173,17,173,"Shelby County, Illinois",65585,10.3,18.3,21042,2022,ACS 2022 5-year Data Profile
17175,17,175,"Stark County, Illinois",58125,12.5,19.0,5395,2022,ACS 2022 5-year Data Profile
17177,17,177,"Stephenson County, Illinois",57527,13.3,20.3,44482,2022,ACS 2022 5-year Data Profile
17179,17,179,"Tazewell County, Illinois",74606,8.7,27.5,131276,2022,ACS 2022 5-year Data Profile
17181,17,181,"Union County, Illinois",54090,20.1,21.7,17122,2022,ACS 2022 5-year Data Profile
17183,17,183,"Vermilion County, Illinois",52787,17.5,15.6,74113,2022,ACS 2022 5-year Data Profile
17185,17,185,"Wabash County, Illinois",54074,13.3,18.5,11321,2022,ACS 2022 5-year Data Profile
17187,17,187,"Warren County, Illinois",62700,14.9,21.1,16760,2022,ACS 2022 5-year Data Profile
17189,17,189,"Washington County, Illinois",75111,8.0,23.1,13781,2022,ACS 2022 5-year Data Profile
17191,17,191,"Wayne County, Illinois",53522,13.9,15.8,16127,2022,ACS 2022 5-year Data Profile
17193,17,193,"White County, Illinois",54605,15.3,16.0,13834,2022,ACS 2022 5-year Data Profile
17195,17,195,"Whiteside County, Illinois",62828,11.6,19.3,55569,2022,ACS 2022 5-year Data Profile
17197,17,197,"Will County, Illinois",103678,6.7,36.1,696774,2022,ACS 2022 5-year Data Profile
17199,17,199,"Williamson County, Illinois",60325,13.2,27.1,67120,2022,ACS 2022 5-year Data Profile
17201,17,201,"Winnebago County, Illinois",61738,16.1,24.1,284591,2022,ACS 2022 5-year Data Profile
17203,17,203,"Woodford County, Illinois",80093,7.5,35.4,38414,2022,ACS 2022 5-year Data Profile
18001,18,001,"Adams County, Indiana",61731,11.5,15.4,35827,2022,ACS 2022 5-year Data Profile
18003,18,003,"Allen County, Indiana",66222,12.0,30.5,385456,2022,ACS 2022 5-year Data Profile
18005,18,005,"Bartholomew County, Indiana",76912,11.5,34.8,82371,2022,ACS 2022 5-year Data Profile
18007,18,007,"Benton County, Indiana",58620,14.2,18.7,8709,2022,ACS 2022 5-year Data Profile
18009,18,009,"Blackford County, Indiana",51108,17.0,14.8,12074,2022,ACS 2022 5-year Data Profile
18011,18,011,"Boone County, Indiana",103038,5.8,49.5,71235,2022,ACS 2022 5-year Data Profile
18013,18,013,"Brown County, Indiana",73933,8.2,27.5,15513,2022,ACS 2022 5-year Data Profile
18015,18,015,"Carroll County, Indiana",61464,7.3,16.6,20397,2022,ACS 2022 5-year Data Profile
18017,18,017,"Cass County, Indiana",55862,13.9,15.4,37820,2022,ACS 2022 5-year Data Profile
18019,18,019,"Clark County, Indiana",69005,9.7,24.6,121484,2022,ACS 2022 5-year Data Profile
18021,18,021,"Clay County, Indiana",68364,10.9,16.9,26396,2022,ACS 2022 5-year Data Profile
18023,18,023,"Clinton County, Indiana",59515,9.0,16.3,33020,2022,ACS 2022 5-year Data Profile
18025,18,025,"Crawford County, Indiana",46706,21.9,12.2,10511,2022,ACS 2022 5-year Data Profile
18027,18,027,"Daviess County, Indiana",64113,9.6,15.1,33337,2022,ACS 2022 5-year Data Profile
18029,18,029,"Dearborn County, Indiana",80352,8.5,24.7,50709,2022,ACS 2022 5-year Data Profile
18031,18,031,"Decatur County, Indiana",71566,9.6,20.5,26432,2022,ACS 2022 5-year Data Profile
18033,18,033,"DeKalb County, Indiana",68110,10.0,19.0,43312,2022,ACS 2022 5-year Data Profile
18035,18,035,"Delaware County, Indiana",53377,20.6,25.5,112156,2022,ACS 2022 5-year Data Profile
18037,18,037,"Dubois County, Indiana",68945,9.7,23.9,43584,2022,ACS 2022 5-year Data Profile
18039,18,039,"Elkhart County, Indiana",63978,12.0,20.0,206841,2022,ACS 2022 5-year Data Profile
18041,18,041,"Fayette County, Indiana",52219,16.4,15.4,23391,2022,ACS 2022 5-year Data Profile
18043,18,043,"Floyd County, Indiana",75686,9.4,31.3,80191,2022,ACS 2022 5-year Data Profile
18045,18,045,"Fountain County, Indiana",60559,12.1,13.5,16468,2022,ACS 2022 5-year Data Profile
18047,18,047,"Franklin County, Indiana",75985,7.4,20.7,22850,2022,ACS 2022 5-year Data Profile
18049,18,049,"Fulton County, Indiana",62644,14.8,17.8,20420,2022,ACS 2022 5-year Data Profile
18051,18,051,"Gibson County, Indiana",64153,10.0,18.0,33006,2022,ACS 2022 5-year Data Profile
18053,18,053,"Grant County, Indiana",53033,19.1,18.4,66560,2022,ACS 2022 5-year Data Profile
18055,18,055,"Greene County, Indiana",57771,14.0,16.1,30900,2022,ACS 2022 5-year Data Profile
18057,18,057,"Hamilton County, Indiana",114866,4.2,60.8,349527,2022,ACS 2022 5-year Data Profile
18059,18,059,"Hancock County, Indiana",85262,4.9,32.8,80170,2022,ACS 2022 5-year Data Profile
18061,18,061,"Harrison County, Indiana",71302,7.6,20.6,39684,2022,ACS 2022 5-year Data Profile
18063,18,063,"Hendricks County, Indiana",95261,5.2,39.2,175639,2022,ACS 2022 5-year Data Profile
18065,18,065,"Henry County, Indiana",57632,13.7,17.1,48913,2022,ACS 2022 5-year Data Profile
18067,18,067,"Howard County, Indiana",62014,12.1,19.8,83452,2022,ACS 2022 5-year Data Profile
18069,18,069,"Huntington County, Indiana",59894,11.1,21.9,36699,2022,ACS 2022 5-year Data Profile
18071,18,071,"Jackson County, Indiana",65609,12.4,18.6,46212,2022,ACS 2022 5-year Data Profile
18073,18,073,"Jasper County, Indiana",77777,7.5,19.0,33045,2022,ACS 2022 5-year Data Profile
18075,18,075,"Jay County, Indiana",52231,13.5,12.9,20451,2022,ACS 2022 5-year Data Profile
18077,18,077,"Jefferson County, Indiana",57801,12.9,18.0,33057,2022,ACS 2022 5-year Data Profile
18079,18,079,"Jennings County, Indiana",66892,13.9,14.1,27610,2022,ACS 2022 5-year Data Profile
18081,18,081,"Johnson County, Indiana",82730,7.5,32.4,161952,2022,ACS 2022 5-year Data Profile
18083,18,083,"Knox County, Indiana",58173,13.2,18.1,36148,2022,ACS 2022 5-year Data Profile
18085,18,085,"Kosciusko County, Indiana",70945,8.9,24.1,80442,2022,ACS 2022 5-year Data Profile
18087,18,087,"LaGrange County, Indiana",81658,5.7,11.2,40364,2022,ACS 2022 5-year Data Profile
18089,18,089,"Lake County, Indiana",66375,14.7,24.5,497682,2022,ACS 2022 5-year Data Profile
18091,18,091,"LaPorte County, Indiana",66854,14.7,21.1,112215,2022,ACS 2022 5-year Data Profile
18093,18,093,"Lawrence County, Indiana",64210,10.7,19.0,45113,2022,ACS 2022 5-year Data Profile
18095,18,095,"Madison County, Indiana",60060,14.1,19.4,130545,2022,ACS 2022 5-year Data Profile
18097,18,097,"Marion County, Indiana",59504,15.4,33.2,971737,2022,ACS 2022 5-year Data Profile
18099,18,099,"Marshall County, Indiana",66016,10.8,20.0,46208,2022,ACS 2022 5-year Data Profile
18101,18,101,"Martin County, Indiana",65489,14.1,14.1,9863,2022,ACS 2022 5-year Data Profile
18103,18,103,"Miami County, Indiana",59551,15.7,15.5,35952,2022,ACS 2022 5-year Data Profile
18105,18,105,"Monroe County, Indiana",60308,20.7,48.2,140065,2022,ACS 2022 5-year Data Profile
18107,18,107,"Montgomery County, Indiana",62937,12.7,20.8,38018,2022,ACS 2022 5-year Data Profile
18109,18,109,"Morgan County, Indiana",79134,8.5,20.3,71757,2022,ACS 2022 5-year Data Profile
18111,18,111,"Newton County, Indiana",63673,12.6,13.4,13829,2022,ACS 2022 5-year Data Profile
18113,18,113,"Noble County, Indiana",70286,7.3,17.7,47431,2022,ACS 2022 5-year Data Profile
18115,18,115,"Ohio County, Indiana",66333,10.0,15.7,5974,2022,ACS 2022 5-year Data Profile
18117,18,117,"Orange County, Indiana",60775,14.7,13.9,19768,2022,ACS 2022 5-year Data Profile
18119,18,119,"Owen County, Indiana",57947,12.3,15.3,21361,2022,ACS 2022 5-year Data Profile
18121,18,121,"Parke County, Indiana",63393,15.6,15.1,16327,2022,ACS 2022 5-year Data Profile
18123,18,123,"Perry County, Indiana",58936,12.1,16.2,19186,2022,ACS 2022 5-year Data Profile
18125,18,125,"Pike County, Indiana",64182,11.0,14.1,12227,2022,ACS 2022 5-year Data Profile
18127,18,127,"Porter County, Indiana",82915,9.3,29.9,173355,2022,ACS 2022 5-year Data Profile
18129,18,129,"Posey County, Indiana",75594,10.0,25.5,25226,2022,ACS 2022 5-year Data Profile
18131,18,131,"Pulaski County, Indiana",56823,12.8,14.1,12498,2022,ACS 2022 5-year Data Profile
18133,18,133,"Putnam County, Indiana",70609,8.9,19.4,36942,2022,ACS 2022 5-year Data Profile
18135,18,135,"Randolph County, Indiana",59674,13.0,15.1,24586,2022,ACS 2022 5-year Data Profile
18137,18,137,"Ripley County, Indiana",70285,9.6,19.0,28990,2022,ACS 2022 5-year Data Profile
18139,18,139,"Rush County, Indiana",62386,11.7,15.7,16716,2022,ACS 2022 5-year Data Profile
18141,18,141,"St. Joseph County, Indiana",61877,14.4,32.0,272388,2022,ACS 2022 5-year Data Profile
18143,18,143,"Scott County, Indiana",49343,15.8,11.5,24403,2022,ACS 2022 5-year Data Profile
18145,18,145,"Shelby County, Indiana",66449,12.9,19.6,44940,2022,ACS 2022 5-year Data Profile
18147,18,147,"Spencer County, Indiana",66168,7.2,19.9,19935,2022,ACS 2022 5-year Data Profile
18149,18,149,"Starke County, Indiana",59916,13.6,13.1,23308,2022,ACS 2022 5-year Data Profile
18151,18,151,"Steuben County, Indiana",68837,9.3,24.4,34507,2022,ACS 2022 5-year Data Profile
18153,18,153,"Sullivan County, Indiana",54556,12.2,13.8,20791,2022,ACS 2022 5-year Data Profile
18155,18,155,"Switzerland County, Indiana",66525,16.6,10.8,9896,2022,ACS 2022 5-year Data Profile
18157,18,157,"Tippecanoe County, Indiana",55728,19.1,39.1,186955,2022,ACS 2022 5-year Data Profile
18159,18,159,"Tipton County, Indiana",71947,12.1,24.8,15328,2022,ACS 2022 5-year Data Profile
18161,18,161,"Union County, Indiana",68514,6.0,19.9,7041,2022,ACS 2022 5-year Data Profile
18163,18,163,"Vanderburgh County, Indiana",58839,14.3,27.1,179900,2022,ACS 2022 5-year Data Profile
18165,18,165,"Vermillion County, Indiana",59567,14.9,17.9,15488,2022,ACS 2022 5-year Data Profile
18167,18,167,"Vigo County, Indiana",52789,20.0,25.6,106355,2022,ACS 2022 5-year Data Profile
18169,18,169,"Wabash County, Indiana",66194,11.0,21.7,31032,2022,ACS 2022 5-year Data Profile
18171,18,171,"Warren County, Indiana",72833,12.5,19.2,8454,2022,ACS 2022 5-year Data Profile
18173,18,173,"Warrick County, Indiana",91105,6.1,34.5,64065,2022,ACS 2022 5-year Data Profile
18175,18,175,"Washington County, Indiana",60695,13.1,14.1,28133,2022,ACS 2022 5-year Data Profile
18177,18,177,"Wayne County, Indiana",54854,16.0,19.0,66522,2022,ACS 2022 5-year Data Profile
18179,18,179,"Wells County, Indiana",68074,6.4,19.1,28167,2022,ACS 2022 5-year Data Profile
18181,18,181,"White County, Indiana",65345,8.7,18.3,24630,2022,ACS 2022 5-year Data Profile
18183,18,183,"Whitley County, Indiana",73636,9.1,22.8,34259,2022,ACS 2022 5-year Data Profile
19001,19,001,"Adair County, Iowa",63172,10.1,19.0,7479,2022,ACS 2022 5-year Data Profile
19003,19,003,"Adams County, Iowa",64750,9.5,21.4,3680,2022,ACS 2022 5-year Data Profile
19005,19,005,"Allamakee County, Iowa",64049,11.6,18.4,14046,2022,ACS 2022 5-year Data Profile
19007,19,007,"Appanoose County, Iowa",50684,17.3,18.8,12279,2022,ACS 2022 5-year Data Profile
19009,19,009,"Audubon County, Iowa",54973,11.8,21.7,5651,2022,ACS 2022 5-year Data Profile
19011,19,011,"Benton County, Iowa",79444,8.3,23.3,25652,2022,ACS 2022 5-year Data Profile
19013,19,013,"Black Hawk County, Iowa",62329,15.7,30.0,131041,2022,ACS 2022 5-year Data Profile
19015,19,015,"Boone County, Iowa",75759,7.5,26.4,26700,2022,ACS 2022 5-year Data Profile
19017,19,017,"Bremer County, Iowa",84727,6.6,34.0,25012,2022,ACS 2022 5-year Data Profile
19019,19,019,"Buchanan County, Iowa",73493,8.6,21.1,20631,2022,ACS 2022 5-year Data Profile
19021,19,021,"Buena Vista County, Iowa",62662,7.1,21.6,20687,2022,ACS 2022 5-year Data Profile
19023,19,023,"Butler County, Iowa",65743,11.8,19.4,14376,2022,ACS 2022 5-year Data Profile
19025,19,025,"Calhoun County, Iowa",65614,9.0,21.4,9893,2022,ACS 2022 5-year Data Profile
19027,19,027,"Carroll County, Iowa",68041,7.8,22.1,20728,2022,ACS 2022 5-year Data Profile
19029,19,029,"Cass County, Iowa",60815,15.3,20.9,13116,2022,ACS 2022 5-year Data Profile
19031,19,031,"Cedar County, Iowa",76959,7.8,20.9,18479,2022,ACS 2022 5-year Data Profile
19033,19,033,"Cerro Gordo County, Iowa",63149,9.3,24.0,42979,2022,ACS 2022 5-year Data Profile
19035,19,035,"Cherokee County, Iowa",63638,13.3,21.7,11601,2022,ACS 2022 5-year Data Profile
19037,19,037,"Chickasaw County, Iowa",72734,6.3,18.6,11957,2022,ACS 2022 5-year Data Profile
19039,19,039,"Clarke County, Iowa",63120,16.9,15.2,9737,2022,ACS 2022 5-year Data Profile
19041,19,041,"Clay County, Iowa",61756,11.5,26.0,16423,2022,ACS 2022 5-year Data Profile
19043,19,043,"Clayton County, Iowa",60441,13.0,17.2,17123,2022,ACS 2022 5-year Data Profile
19045,19,045,"Clinton County, Iowa",61080,12.4,21.6,46488,2022,ACS 2022 5-year Data Profile
19047,19,047,"Crawford County, Iowa",61188,17.0,16.1,16450,2022,ACS 2022 5-year Data Profile
19049,19,049,"Dallas County, Iowa",99533,5.7,51.5,100367,2022,ACS 2022 5-year Data Profile
19051,19,051,"Davis County, Iowa",77176,9.4,19.0,9093,2022,ACS 2022 5-year Data Profile
19053,19,053,"Decatur County, Iowa",56068,14.5,24.9,7684,2022,ACS 2022 5-year Data Profile
19055,19,055,"Delaware County, Iowa",75896,6.6,18.5,17523,2022,ACS 2022 5-year Data Profile
19057,19,057,"Des Moines County, Iowa",58084,14.6,23.3,38824,2022,ACS 2022 5-year Data Profile
19059,19,059,"Dickinson County, Iowa",72446,6.2,32.7,17692,2022,ACS 2022 5-year Data Profile
19061,19,061,"Dubuque County, Iowa",73495,10.0,32.0,98812,2022,ACS 2022 5-year Data Profile
19063,19,063,"Emmet County, Iowa",64461,12.7,15.2,9349,2022,ACS 2022 5-year Data Profile
19065,19,065,"Fayette County, Iowa",56043,11.8,17.2,19519,2022,ACS 2022 5-year Data Profile
19067,19,067,"Floyd County, Iowa",62356,10.9,18.2,15601,2022,ACS 2022 5-year Data Profile
19069,19,069,"Franklin County, Iowa",62214,13.7,18.5,10015,2022,ACS 2022 5-year Data Profile
19071,19,071,"Fremont County, Iowa",69375,7.5,19.2,6639,2022,ACS 2022 5-year Data Profile
19073,19,073,"Greene County, Iowa",56884,11.5,19.7,8801,2022,ACS 2022 5-year Data Profile
19075,19,075,"Grundy County, Iowa",80701,5.9,26.1,12351,2022,ACS 2022 5-year Data Profile
19077,19,077,"Guthrie County, Iowa",75795,10.1,21.6,10619,2022,ACS 2022 5-year Data Profile
19079,19,079,"Hamilton County, Iowa",66685,7.8,22.5,14979,2022,ACS 2022 5-year Data Profile
19081,19,081,"Hancock County, Iowa",67865,9.9,20.2,10790,2022,ACS 2022 5-year Data Profile
19083,19,083,"Hardin County, Iowa",64656,8.4,20.8,16861,2022,ACS 2022 5-year Data Profile
19085,19,085,"Harrison County, Iowa",75830,7.6,20.6,14623,2022,ACS 2022 5-year Data Profile
19087,19,087,"Henry County, Iowa",62365,11.3,22.8,20436,2022,ACS 2022 5-year Data Profile
19089,19,089,"Howard County, Iowa",63947,8.7,19.2,9479,2022,ACS 2022 5-year Data Profile
19091,19,091,"Humboldt County, Iowa",66617,13.3,18.4,9606,2022,ACS 2022 5-year Data Profile
19093,19,093,"Ida County, Iowa",63125,11.5,19.7,6969,2022,ACS 2022 5-year Data Profile
19095,19,095,"Iowa County, Iowa",69787,9.1,22.8,16575,2022,ACS 2022 5-year Data Profile
19097,19,097,"Jackson County, Iowa",69709,10.2,18.4,19470,2022,ACS 2022 5-year Data Profile
19099,19,099,"Jasper County, Iowa",67784,8.8,19.7,37808,2022,ACS 2022 5-year Data Profile
19101,19,101,"Jefferson County, Iowa",52210,14.0,39.5,15785,2022,ACS 2022 5-year Data Profile
19103,19,103,"Johnson County, Iowa",72977,16.9,54.1,153360,2022,ACS 2022 5-year Data Profile
19105,19,105,"Jones County, Iowa",68781,11.4,22.5,20733,2022,ACS 2022 5-year Data Profile
19107,19,107,"Keokuk County, Iowa",60016,12.2,16.4,10026,2022,ACS 2022 5-year Data Profile
19109,19,109,"Kossuth County, Iowa",62553,10.5,19.9,14718,2022,ACS 2022 5-year Data Profile
19111,19,111,"Lee County, Iowa",58094,12.8,20.3,33442,2022,ACS 2022 5-year Data Profile
19113,19,113,"Linn County, Iowa",75457,9.5,34.6,229308,2022,ACS 2022 5-year Data Profile
19115,19,115,"Louisa County, Iowa",72500,10.1,14.4,10823,2022,ACS 2022 5-year Data Profile
19117,19,117,"Lucas County, Iowa",63405,16.6,14.9,8666,2022,ACS 2022 5-year Data Profile
19119,19,119,"Lyon County, Iowa",73735,3.9,19.4,12023,2022,ACS 2022 5-year Data Profile
19121,19,121,"Madison County, Iowa",88110,6.1,25.8,16609,2022,ACS 2022 5-year Data Profile
19123,19,123,"Mahaska County, Iowa",65200,12.0,22.4,22059,2022,ACS 2022 5-year Data Profile
19125,19,125,"Marion County, Iowa",74193,7.7,31.7,33487,2022,ACS 2022 5-year Data Profile
19127,19,127,"Marshall County, Iowa",70828,11.2,21.0,40049,2022,ACS 2022 5-year Data Profile
19129,19,129,"Mills County, Iowa",81907,6.9,30.5,14605,2022,ACS 2022 5-year Data Profile
19131,19,131,"Mitchell County, Iowa",66056,6.7,21.4,10537,2022,ACS 2022 5-year Data Profile
19133,19,133,"Monona County, Iowa",59897,12.3,15.7,8671,2022,ACS 2022 5-year Data Profile
19135,19,135,"Monroe County, Iowa",76324,10.8,22.7,7574,2022,ACS 2022 5-year Data Profile
19137,19,137,"Montgomery County, Iowa",61261,14.5,18.6,10285,2022,ACS 2022 5-year Data Profile
19139,19,139,"Muscatine County, Iowa",67427,11.7,23.2,42968,2022,ACS 2022 5-year Data Profile
19141,19,141,"O'Brien County, Iowa",65076,12.1,21.6,14138,2022,ACS 2022 5-year Data Profile
19143,19,143,"Osceola County, Iowa",67561,12.6,14.2,6149,2022,ACS 2022 5-year Data Profile
19145,19,145,"Page County, Iowa",58264,13.4,17.7,15225,2022,ACS 2022 5-year Data Profile
19147,19,147,"Palo Alto County, Iowa",67306,10.7,20.2,8938,2022,ACS 2022 5-year Data Profile
19149,19,149,"Plymouth County, Iowa",79963,5.7,24.1,25621,2022,ACS 2022 5-year Data Profile
19151,19,151,"Pocahontas County, Iowa",61434,9.1,17.1,7061,2022,ACS 2022 5-year Data Profile
19153,19,153,"Polk County, Iowa",78827,10.3,38.9,493378,2022,ACS 2022 5-year Data Profile
19155,19,155,"Pottawattamie County, Iowa",68718,11.3,23.4,93543,2022,ACS 2022 5-year Data Profile
19157,19,157,"Poweshiek County, Iowa",61192,10.8,28.9,18608,2022,ACS 2022 5-year Data Profile
19159,19,159,"Ringgold County, Iowa",67898,8.2,22.6,4690,2022,ACS 2022 5-year Data Profile
19161,19,161,"Sac County, Iowa",68778,8.7,21.6,9778,2022,ACS 2022 5-year Data Profile
19163,19,163,"Scott County, Iowa",72792,11.9,34.9,174315,2022,ACS 2022 5-year Data Profile
19165,19,165,"Shelby County, Iowa",70295,8.8,22.8,11737,2022,ACS 2022 5-year Data Profile
19167,19,167,"Sioux County, Iowa",81914,6.1,31.3,35815,2022,ACS 2022 5-year Data Profile
19169,19,169,"Story County, Iowa",66197,19.6,52.5,98573,2022,ACS 2022 5-year Data Profile
19171,19,171,"Tama County, Iowa",65483,15.2,18.3,17017,2022,ACS 2022 5-year Data Profile
19173,19,173,"Taylor County, Iowa",65926,8.5,15.5,5916,2022,ACS 2022 5-year Data Profile
19175,19,175,"Union County, Iowa",56495,11.9,24.1,12107,2022,ACS 2022 5-year Data Profile
19177,19,177,"Van Buren County, Iowa",58417,11.1,18.5,7207,2022,ACS 2022 5-year Data Profile
19179,19,179,"Wapello County, Iowa",56209,17.4,18.5,35292,2022,ACS 2022 5-year Data Profile
19181,19,181,"Warren County, Iowa",89741,6.2,32.2,52709,2022,ACS 2022 5-year Data Profile
19183,19,183,"Washington County, Iowa",71122,7.5,24.4,22534,2022,ACS 2022 5-year Data Profile
19185,19,185,"Wayne County, Iowa",58257,13.3,15.0,6484,2022,ACS 2022 5-year Data Profile
19187,19,187,"Webster County, Iowa",65335,12.2,20.7,36986,2022,ACS 2022 5-year Data Profile
19189,19,189,"Winnebago County, Iowa",62853,7.8,25.9,10704,2022,ACS 2022 5-year Data Profile
19191,19,191,"Winneshiek County, Iowa",67770,8.9,30.5,20050,2022,ACS 2022 5-year Data Profile
19193,19,193,"Woodbury County, Iowa",68399,13.5,24.0,105526,2022,ACS 2022 5-year Data Profile
19195,19,195,"Worth County, Iowa",69897,7.4,19.5,7417,2022,ACS 2022 5-year Data Profile
19197,19,197,"Wright County, Iowa",58240,14.3,21.0,12897,2022,ACS 2022 5-year Data Profile
20001,20,001,"Allen County, Kansas",55059,15.2,19.6,12554,2022,ACS 2022 5-year Data Profile
20003,20,003,"Anderson County, Kansas",67651,13.2,15.3,7799,2022,ACS 2022 5-year Data Profile
20005,20,005,"Atchison County, Kansas",55281,14.5,22.2,16309,2022,ACS 2022 5-year Data Profile
20007,20,007,"Barber County, Kansas",53774,20.3,23.6,4081,2022,ACS 2022 5-year Data Profile
20009,20,009,"Barton County, Kansas",54634,14.5,21.7,25477,2022,ACS 2022 5-year Data Profile
20011,20,011,"Bourbon County, Kansas",55826,12.8,23.7,14405,2022,ACS 2022 5-year Data Profile
20013,20,013,"Brown County, Kansas",55876,14.5,20.1,9486,2022,ACS 2022 5-year Data Profile
20015,20,015,"Butler County, Kansas",77724,7.9,32.0,67618,2022,ACS 2022 5-year Data Profile
20017,20,017,"Chase County, Kansas",52481,8.8,26.5,2570,2022,ACS 2022 5-year Data Profile
20019,20,019,"Chautauqua County, Kansas",51210,17.6,16.2,3389,2022,ACS 2022 5-year Data Profile
20021,20,021,"Cherokee County, Kansas",53382,13.7,19.8,19380,2022,ACS 2022 5-year Data Profile
20023,20,023,"Cheyenne County, Kansas",52730,15.2,22.2,2619,2022,ACS 2022 5-year Data Profile
20025,20,025,"Clark County, Kansas",58287,11.7,26.1,1977,2022,ACS 2022 5-year Data Profile
20027,20,027,"Clay County, Kansas",57765,11.4,26.3,8088,2022,ACS 2022 5-year Data Profile
20029,20,029,"Cloud County, Kansas",51197,12.0,22.4,9008,2022,ACS 2022 5-year Data Profile
20031,20,031,"Coffey County, Kansas",67645,11.2,22.2,8334,2022,ACS 2022 5-year Data Profile
20033,20,033,"Comanche County, Kansas",49754,8.7,21.1,1825,2022,ACS 2022 5-year Data Profile
20035,20,035,"Cowley County, Kansas",55726,14.0,24.5,34661,2022,ACS 2022 5-year Data Profile
20037,20,037,"Crawford County, Kansas",49779,20.9,30.9,39012,2022,ACS 2022 5-year Data Profile
20039,20,039,"Decatur County, Kansas",49412,12.2,24.8,2771,2022,ACS 2022 5-year Data Profile
20041,20,041,"Dickinson County, Kansas",62971,8.8,23.5,18492,2022,ACS 2022 5-year Data Profile
20043,20,043,"Doniphan County, Kansas",66358,11.4,18.9,7501,2022,ACS 2022 5-year Data Profile
20045,20,045,"Douglas County, Kansas",66153,16.3,52.3,119094,2022,ACS 2022 5-year Data Profile
20047,20,047,"Edwards County, Kansas",52750,13.6,17.9,2849,2022,ACS 2022 5-year Data Profile
20049,20,049,"Elk County, Kansas",50000,14.8,18.2,2453,2022,ACS 2022 5-year Data Profile
20051,20,051,"Ellis County, Kansas",59665,15.3,38.7,28921,2022,ACS 2022 5-year Data Profile
20053,20,053,"Ellsworth County, Kansas",59844,8.7,20.8,6374,2022,ACS 2022 5-year Data Profile
20055,20,055,"Finney County, Kansas",68481,12.8,18.5,38187,2022,ACS 2022 5-year Data Profile
20057,20,057,"Ford County, Kansas",67997,11.9,19.8,34212,2022,ACS 2022 5-year Data Profile
20059,20,059,"Franklin County, Kansas",68217,8.3,23.9,25968,2022,ACS 2022 5-year Data Profile
20061,20,061,"Geary County, Kansas",57992,18.6,23.8,36247,2022,ACS 2022 5-year Data Profile
20063,20,063,"Gove County, Kansas",59417,6.4,19.7,2758,2022,ACS 2022 5-year Data Profile
20065,20,065,"Graham County, Kansas",47071,9.9,24.4,2430,2022,ACS 2022 5-year Data Profile
20067,20,067,"Grant County, Kansas",84808,5.3,20.2,7336,2022,ACS 2022 5-year Data Profile
20069,20,069,"Gray County, Kansas",74500,4.1,21.9,5719,2022,ACS 2022 5-year Data Profile
20071,20,071,"Greeley County, Kansas",69948,8.1,28.8,1279,2022,ACS 2022 5-year Data Profile
20073,20,073,"Greenwood County, Kansas",51812,15.3,16.0,6001,2022,ACS 2022 5-year Data Profile
20075,20,075,"Hamilton County, Kansas",58750,7.9,19.2,2520,2022,ACS 2022 5-year Data Profile
20077,20,077,"Harper County, Kansas",53032,15.5,17.5,5457,2022,ACS 2022 5-year Data Profile
20079,20,079,"Harvey County, Kansas",70685,9.7,30.7,33959,2022,ACS 2022 5-year Data Profile
20081,20,081,"Haskell County, Kansas",66458,9.0,15.8,3735,2022,ACS 2022 5-year Data Profile
20083,20,083,"Hodgeman County, Kansas",63125,8.8,30.5,1770,2022,ACS 2022 5-year Data Profile
20085,20,085,"Jackson County, Kansas",70385,7.9,21.0,13274,2022,ACS 2022 5-year Data Profile
20087,20,087,"Jefferson County, Kansas",74562,6.0,24.5,18387,2022,ACS 2022 5-year Data Profile
20089,20,089,"Jewell County, Kansas",47109,18.7,18.5,2929,2022,ACS 2022 5-year Data Profile
20091,20,091,"Johnson County, Kansas",103644,5.3,56.7,610742,2022,ACS 2022 5-year Data Profile
20093,20,093,"Kearny County, Kansas",68750,15.6,16.6,3964,2022,ACS 2022 5-year Data Profile
20095,20,095,"Kingman County, Kansas",59640,7.9,24.3,7369,2022,ACS 2022 5-year Data Profile
20097,20,097,"Kiowa County, Kansas",70347,5.2,25.3,2445,2022,ACS 2022 5-year Data Profile
20099,20,099,"Labette County, Kansas",56143,15.2,22.6,20096,2022,ACS 2022 5-year Data Profile
20101,20,101,"Lane County, Kansas",52222,9.0,19.9,1528,2022,ACS 2022 5-year Data Profile
20103,20,103,"Leavenworth County, Kansas",84307,10.1,35.5,82050,2022,ACS 2022 5-year Data Profile
20105,20,105,"Lincoln County, Kansas",52540,12.8,23.7,2929,2022,ACS 2022 5-year Data Profile
20107,20,107,"Linn County, Kansas",56697,11.5,22.1,9696,2022,ACS 2022 5-year Data Profile
20109,20,109,"Logan County, Kansas",70382,9.9,26.7,2752,2022,ACS 2022 5-year Data Profile
20111,20,111,"Lyon County, Kansas",56415,16.2,26.7,32182,2022,ACS 2022 5-year Data Profile
20113,20,113,"McPherson County, Kansas",71250,10.6,31.4,30085,2022,ACS 2022 5-year Data Profile
20115,20,115,"Marion County, Kansas",60011,8.8,27.6,11867,2022,ACS 2022 5-year Data Profile
20117,20,117,"Marshall County, Kansas",64306,10.5,20.8,10014,2022,ACS 2022 5-year Data Profile
20119,20,119,"Meade County, Kansas",74063,7.1,24.0,4019,2022,ACS 2022 5-year Data Profile
20121,20,121,"Miami County, Kansas",85564,7.0,30.6,34312,2022,ACS 2022 5-year Data Profile
20123,20,123,"Mitchell County, Kansas",63008,15.0,28.8,5829,2022,ACS 2022 5-year Data Profile
20125,20,125,"Montgomery County, Kansas",51513,16.9,20.1,31448,2022,ACS 2022 5-year Data Profile
20127,20,127,"Morris County, Kansas",52866,11.0,27.9,5385,2022,ACS 2022 5-year Data Profile
20129,20,129,"Morton County, Kansas",57943,13.2,17.5,2688,2022,ACS 2022 5-year Data Profile
20131,20,131,"Nemaha County, Kansas",72788,8.7,28.3,10219,2022,ACS 2022 5-year Data Profile
20133,20,133,"Neosho County, Kansas",54894,15.0,21.1,15826,2022,ACS 2022 5-year Data Profile
20135,20,135,"Ness County, Kansas",64907,10.5,20.9,2677,2022,ACS 2022 5-year Data Profile
20137,20,137,"Norton County, Kansas",52710,9.4,20.8,5431,2022,ACS 2022 5-year Data Profile
20139,20,139,"Osage County, Kansas",66155,11.1,20.0,15787,2022,ACS 2022 5-year Data Profile
20141,20,141,"Osborne County, Kansas",58750,13.4,23.1,3493,2022,ACS 2022 5-year Data Profile
20143,20,143,"Ottawa County, Kansas",74551,10.4,23.7,5768,2022,ACS 2022 5-year Data Profile
20145,20,145,"Pawnee County, Kansas",54141,11.9,18.3,6288,2022,ACS 2022 5-year Data Profile
20147,20,147,"Phillips County, Kansas",57611,16.4,20.1,4960,2022,ACS 2022 5-year Data Profile
20149,20,149,"Pottawatomie County, Kansas",85241,7.2,37.9,25482,2022,ACS 2022 5-year Data Profile
20151,20,151,"Pratt County, Kansas",61685,11.6,27.9,9175,2022,ACS 2022 5-year Data Profile
20153,20,153,"Rawlins County, Kansas",61827,10.9,17.5,2544,2022,ACS 2022 5-year Data Profile
20155,20,155,"Reno County, Kansas",57390,12.3,20.5,61881,2022,ACS 2022 5-year Data Profile
20157,20,157,"Republic County, Kansas",54531,10.1,26.4,4686,2022,ACS 2022 5-year Data Profile
20159,20,159,"Rice County, Kansas",58523,9.8,23.7,9441,2022,ACS 2022 5-year Data Profile
20161,20,161,"Riley County, Kansas",56327,22.7,47.8,72105,2022,ACS 2022 5-year Data Profile
20163,20,163,"Rooks County, Kansas",60821,4.6,22.7,4925,2022,ACS 2022 5-year Data Profile
20165,20,165,"Rush County, Kansas",53523,12.8,19.5,2939,2022,ACS 2022 5-year Data Profile
20167,20,167,"Russell County, Kansas",49929,17.5,20.2,6702,2022,ACS 2022 5-year Data Profile
20169,20,169,"Saline County, Kansas",59887,12.0,28.2,54160,2022,ACS 2022 5-year Data Profile
20171,20,171,"Scott County, Kansas",53365,7.6,19.9,5128,2022,ACS 2022 5-year Data Profile
20173,20,173,"Sedgwick County, Kansas",65372,13.7,31.7,522700,2022,ACS 2022 5-year Data Profile
20175,20,175,"Seward County, Kansas",57131,13.6,11.3,21942,2022,ACS 2022 5-year Data Profile
20177,20,177,"Shawnee County, Kansas",63463,12.9,31.7,178625,2022,ACS 2022 5-year Data Profile
20179,20,179,"Sheridan County, Kansas",66719,7.7,24.3,2450,2022,ACS 2022 5-year Data Profile
20181,20,181,"Sherman County, Kansas",61404,10.5,26.1,5940,2022,ACS 2022 5-year Data Profile
20183,20,183,"Smith County, Kansas",50943,7.3,23.1,3561,2022,ACS 2022 5-year Data Profile
20185,20,185,"Stafford County, Kansas",60000,11.1,26.1,4054,2022,ACS 2022 5-year Data Profile
20187,20,187,"Stanton County, Kansas",66000,13.2,17.4,2060,2022,ACS 2022 5-year Data Profile
20189,20,189,"Stevens County, Kansas",67950,15.8,12.5,5275,2022,ACS 2022 5-year Data Profile
20191,20,191,"Sumner County, Kansas",59397,11.6,23.9,22517,2022,ACS 2022 5-year Data Profile
20193,20,193,"Thomas County, Kansas",72417,6.6,26.5,7907,2022,ACS 2022 5-year Data Profile
20195,20,195,"Trego County, Kansas",77500,7.3,25.0,2798,2022,ACS 2022 5-year Data Profile
20197,20,197,"Wabaunsee County, Kansas",70000,5.9,25.1,6922,2022,ACS 2022 5-year Data Profile
20199,20,199,"Wallace County, Kansas",57708,15.6,25.9,1489,2022,ACS 2022 5-year Data Profile
20201,20,201,"Washington County, Kansas",59432,9.9,22.5,5529,2022,ACS 2022 5-year Data Profile
20203,20,203,"Wichita County, Kansas",69551,14.9,21.4,2131,2022,ACS 2022 5-year Data Profile
20205,20,205,"Wilson County, Kansas",55439,16.3,19.5,8667,2022,ACS 2022 5-year Data Profile
20207,20,207,"Woodson County, Kansas",50670,13.3,21.1,3134,2022,ACS 2022 5-year Data Profile
20209,20,209,"Wyandotte County, Kansas",57771,16.8,20.0,167989,2022,ACS 2022 5-year Data Profile
21001,21,001,"Adair County, Kentucky",49690,19.8,18.6,18887,2022,ACS 2022 5-year Data Profile
21003,21,003,"Allen County, Kentucky",57159,16.5,18.3,20773,2022,ACS 2022 5-year Data Profile
21005,21,005,"Anderson County, Kentucky",69885,13.4,25.3,23839,2022,ACS 2022 5-year Data Profile
21007,21,007,"Ballard County, Kentucky",57111,14.3,17.3,7742,2022,ACS 2022 5-year Data Profile
21009,21,009,"Barren County, Kentucky",48141,21.1,17.4,44511,2022,ACS 2022 5-year Data Profile
21011,21,011,"Bath County, Kentucky",51471,23.1,14.4,12739,2022,ACS 2022 5-year Data Profile
21013,21,013,"Bell County, Kentucky",33658,26.3,11.7,24248,2022,ACS 2022 5-year Data Profile
21015,21,015,"Boone County, Kentucky",91697,5.7,34.6,136150,2022,ACS 2022 5-year Data Profile
21017,21,017,"Bourbon County, Kentucky",54580,15.1,23.2,20228,2022,ACS 2022 5-year Data Profile
21019,21,019,"Boyd County, Kentucky",58327,17.4,20.8,48242,2022,ACS 2022 5-year Data Profile
21021,21,021,"Boyle County, Kentucky",56568,15.0,26.8,30613,2022,ACS 2022 5-year Data Profile
21023,21,023,"Bracken County, Kentucky",59911,17.0,17.6,8420,2022,ACS 2022 5-year Data Profile
21025,21,025,"Breathitt County, Kentucky",38209,28.5,17.0,13580,2022,ACS 2022 5-year Data Profile
21027,21,027,"Breckinridge County, Kentucky",51756,23.5,14.3,20528,2022,ACS 2022 5-year Data Profile
21029,21,029,"Bullitt County, Kentucky",73900,10.6,17.5,82482,2022,ACS 2022 5-year Data Profile
21031,21,031,"Butler County, Kentucky",47589,19.8,11.3,12365,2022,ACS 2022 5-year Data Profile
21033,21,033,"Caldwell County, Kentucky",52488,16.2,16.1,12635,2022,ACS 2022 5-year Data Profile
21035,21,035,"Calloway County, Kentucky",48276,18.7,31.5,37345,2022,ACS 2022 5-year Data Profile
21037,21,037,"Campbell County, Kentucky",71979,11.7,39.3,93122,2022,ACS 2022 5-year Data Profile
21039,21,039,"Carlisle County, Kentucky",53065,20.1,13.3,4782,2022,ACS 2022 5-year Data Profile
21041,21,041,"Carroll County, Kentucky",50625,20.3,5.8,10842,2022,ACS 2022 5-year Data Profile
21043,21,043,"Carter County, Kentucky",47004,23.9,14.5,26671,2022,ACS 2022 5-year Data Profile
21045,21,045,"Casey County, Kentucky",42190,26.1,12.2,15942,2022,ACS 2022 5-year Data Profile
21047,21,047,"Christian County, Kentucky",48920,16.7,19.1,72766,2022,ACS 2022 5-year Data Profile
21049,21,049,"Clark County, Kentucky",61878,15.1,20.0,36897,2022,ACS 2022 5-year Data Profile
21051,21,051,"Clay County, Kentucky",37888,31.2,14.3,20322,2022,ACS 2022 5-year Data Profile
21053,21,053,"Clinton County, Kentucky",41180,20.3,14.0,9295,2022,ACS 2022 5-year Data Profile
21055,21,055,"Crittenden County, Kentucky",45810,17.9,12.5,8979,2022,ACS 2022 5-year Data Profile
21057,21,057,"Cumberland County, Kentucky",40515,28.3,17.1,5974,2022,ACS 2022 5-year Data Profile
21059,21,059,"Daviess County, Kentucky",64021,14.0,25.4,102916,2022,ACS 2022 5-year Data Profile
21061,21,061,"Edmonson County, Kentucky",53029,17.0,11.4,12179,2022,ACS 2022 5-year Data Profile
21063,21,063,"Elliott County, Kentucky",39469,24.7,10.2,7378,2022,ACS 2022 5-year Data Profile
21065,21,065,"Estill County, Kentucky",39980,24.0,11.1,14138,2022,ACS 2022 5-year Data Profile
21067,21,067,"Fayette County, Kentucky",66087,14.9,46.5,321276,2022,ACS 2022 5-year Data Profile
21069,21,069,"Fleming County, Kentucky",46885,21.0,15.8,15111,2022,ACS 2022 5-year Data Profile
21071,21,071,"Floyd County, Kentucky",38723,29.3,13.1,35780,2022,ACS 2022 5-year Data Profile
21073,21,073,"Franklin County, Kentucky",62929,13.3,31.6,51475,2022,ACS 2022 5-year Data Profile
21075,21,075,"Fulton County, Kentucky",35449,27.4,14.0,6480,2022,ACS 2022 5-year Data Profile
21077,21,077,"Gallatin County, Kentucky",58641,16.8,13.0,8720,2022,ACS 2022 5-year Data Profile
21079,21,079,"Garrard County, Kentucky",58263,15.7,19.9,17175,2022,ACS 2022 5-year Data Profile
21081,21,081,"Grant County, Kentucky",65461,12.8,15.7,25085,2022,ACS 2022 5-year Data Profile
21083,21,083,"Graves County, Kentucky",52526,19.8,18.6,36701,2022,ACS 2022 5-year Data Profile
21085,21,085,"Grayson County, Kentucky",47024,21.1,13.3,26465,2022,ACS 2022 5-year Data Profile
21087,21,087,"Green County, Kentucky",38595,21.3,13.5,11198,2022,ACS 2022 5-year Data Profile
21089,21,089,"Greenup County, Kentucky",58562,15.1,17.6,35853,2022,ACS 2022 5-year Data Profile
21091,21,091,"Hancock County, Kentucky",68102,15.1,17.4,9058,2022,ACS 2022 5-year Data Profile
21093,21,093,"Hardin County, Kentucky",64136,11.5,23.9,111005,2022,ACS 2022 5-year Data Profile
21095,21,095,"Harlan County, Kentucky",35128,30.0,10.5,26589,2022,ACS 2022 5-year Data Profile
21097,21,097,"Harrison County, Kentucky",58840,15.8,18.1,18803,2022,ACS 2022 5-year Data Profile
21099,21,099,"Hart County, Kentucky",45561,22.6,10.5,19345,2022,ACS 2022 5-year Data Profile
21101,21,101,"Henderson County, Kentucky",56912,17.0,18.9,44770,2022,ACS 2022 5-year Data Profile
21103,21,103,"Henry County, Kentucky",58294,16.2,14.7,15731,2022,ACS 2022 5-year Data Profile
21105,21,105,"Hickman County, Kentucky",68589,16.7,22.2,4491,2022,ACS 2022 5-year Data Profile
21107,21,107,"Hopkins County, Kentucky",54466,19.2,15.5,45223,2022,ACS 2022 5-year Data Profile
21109,21,109,"Jackson County, Kentucky",38516,22.6,11.2,13002,2022,ACS 2022 5-year Data Profile
21111,21,111,"Jefferson County, Kentucky",66296,14.1,36.1,779232,2022,ACS 2022 5-year Data Profile
21113,21,113,"Jessamine County, Kentucky",69905,12.1,30.3,53381,2022,ACS 2022 5-year Data Profile
21115,21,115,"Johnson County, Kentucky",44231,21.4,14.6,22631,2022,ACS 2022 5-year Data Profile
21117,21,117,"Kenton County, Kentucky",76016,11.9,36.5,169066,2022,ACS 2022 5-year Data Profile
21119,21,119,"Knott County, Kentucky",38336,27.7,16.3,14282,2022,ACS 2022 5-year Data Profile
21121,21,121,"Knox County, Kentucky",34254,34.0,16.7,30207,2022,ACS 2022 5-year Data Profile
21123,21,123,"Larue County, Kentucky",57867,18.8,15.2,14902,2022,ACS 2022 5-year Data Profile
21125,21,125,"Laurel County, Kentucky",53693,20.5,16.6,62442,2022,ACS 2022 5-year Data Profile
21127,21,127,"Lawrence County, Kentucky",42488,26.3,10.9,16228,2022,ACS 2022 5-year Data Profile
21129,21,129,"Lee County, Kentucky",31682,31.4,7.3,7338,2022,ACS 2022 5-year Data Profile
21131,21,131,"Leslie County, Kentucky",37019,33.6,11.6,10468,2022,ACS 2022 5-year Data Profile
21133,21,133,"Letcher County, Kentucky",38466,29.0,13.1,21490,2022,ACS 2022 5-year Data Profile
21135,21,135,"Lewis County, Kentucky",36662,26.6,10.2,13063,2022,ACS 2022 5-year Data Profile
21137,21,137,"Lincoln County, Kentucky",49487,17.4,15.4,24320,2022,ACS 2022 5-year Data Profile
21139,21,139,"Livingston County, Kentucky",56125,16.8,13.2,8980,2022,ACS 2022 5-year Data Profile
21141,21,141,"Logan County, Kentucky",58869,15.7,17.1,27498,2022,ACS 2022 5-year Data Profile
21143,21,143,"Lyon County, Kentucky",64081,10.0,14.5,8721,2022,ACS 2022 5-year Data Profile
21145,21,145,"McCracken County, Kentucky",58490,15.2,28.2,67573,2022,ACS 2022 5-year Data Profile
21147,21,147,"McCreary County, Kentucky",35000,33.7,6.8,16892,2022,ACS 2022 5-year Data Profile
21149,21,149,"McLean County, Kentucky",64020,7.9,18.0,9173,2022,ACS 2022 5-year Data Profile
21151,21,151,"Madison County, Kentucky",59797,16.1,33.3,92955,2022,ACS 2022 5-year Data Profile
21153,21,153,"Magoffin County, Kentucky",31927,30.4,10.9,11647,2022,ACS 2022 5-year Data Profile
21155,21,155,"Marion County, Kentucky",49627,22.5,12.8,19627,2022,ACS 2022 5-year Data Profile
21157,21,157,"Marshall County, Kentucky",64597,12.1,22.4,31706,2022,ACS 2022 5-year Data Profile
21159,21,159,"Martin County, Kentucky",45265,23.5,10.8,11298,2022,ACS 2022 5-year Data Profile
21161,21,161,"Mason County, Kentucky",48460,18.7,22.6,17068,2022,ACS 2022 5-year Data Profile
21163,21,163,"Meade County, Kentucky",68518,13.3,17.8,29964,2022,ACS 2022 5-year Data Profile
21165,21,165,"Menifee County, Kentucky",43797,26.9,10.8,6174,2022,ACS 2022 5-year Data Profile
21167,21,167,"Mercer County, Kentucky",60728,11.2,21.7,22662,2022,ACS 2022 5-year Data Profile
21169,21,169,"Metcalfe County, Kentucky",46932,24.0,14.1,10313,2022,ACS 2022 5-year Data Profile
21171,21,171,"Monroe County, Kentucky",47252,20.9,16.0,11331,2022,ACS 2022 5-year Data Profile
21173,21,173,"Montgomery County, Kentucky",53436,16.4,18.2,28188,2022,ACS 2022 5-year Data Profile
21175,21,175,"Morgan County, Kentucky",46018,20.4,17.7,13840,2022,ACS 2022 5-year Data Profile
21177,21,177,"Muhlenberg County, Kentucky",50935,16.3,13.3,30735,2022,ACS 2022 5-year Data Profile
21179,21,179,"Nelson County, Kentucky",66212,8.8,22.5,46779,2022,ACS 2022 5-year Data Profile
21181,21,181,"Nicholas County, Kentucky",57539,16.2,7.1,7613,2022,ACS 2022 5-year Data Profile
21183,21,183,"Ohio County, Kentucky",52474,14.0,14.4,23782,2022,ACS 2022 5-year Data Profile
21185,21,185,"Oldham County, Kentucky",117334,4.0,45.4,67997,2022,ACS 2022 5-year Data Profile
21187,21,187,"Owen County, Kentucky",56485,14.1,18.9,11229,2022,ACS 2022 5-year Data Profile
21189,21,189,"Owsley County, Kentucky",32844,28.8,11.1,4054,2022,ACS 2022 5-year Data Profile
21191,21,191,"Pendleton County, Kentucky",58723,17.8,16.6,14638,2022,ACS 2022 5-year Data Profile
21193,21,193,"Perry County, Kentucky",45330,23.8,13.2,28136,2022,ACS 2022 5-year Data Profile
21195,21,195,"Pike County, Kentucky",41271,23.9,15.8,58196,2022,ACS 2022 5-year Data Profile
21197,21,197,"Powell County, Kentucky",38415,21.1,15.1,13089,2022,ACS 2022 5-year Data Profile
21199,21,199,"Pulaski County, Kentucky",48768,21.4,17.8,65145,2022,ACS 2022 5-year Data Profile
21201,21,201,"Robertson County, Kentucky",53798,22.0,12.2,2207,2022,ACS 2022 5-year Data Profile
21203,21,203,"Rockcastle County, Kentucky",45693,23.6,12.0,16171,2022,ACS 2022 5-year Data Profile
21205,21,205,"Rowan County, Kentucky",50038,24.6,27.1,24551,2022,ACS 2022 5-year Data Profile
21207,21,207,"Russell County, Kentucky",48220,21.6,16.4,18021,2022,ACS 2022 5-year Data Profile
21209,21,209,"Scott County, Kentucky",80782,9.3,31.9,57286,2022,ACS 2022 5-year Data Profile
21211,21,211,"Shelby County, Kentucky",81012,7.9,30.2,48105,2022,ACS 2022 5-year Data Profile
21213,21,213,"Simpson County, Kentucky",55907,14.2,14.6,19574,2022,ACS 2022 5-year Data Profile
21215,21,215,"Spencer County, Kentucky",101118,8.3,22.1,19549,2022,ACS 2022 5-year Data Profile
21217,21,217,"Taylor County, Kentucky",63211,14.3,23.0,26056,2022,ACS 2022 5-year Data Profile
21219,21,219,"Todd County, Kentucky",57891,21.1,16.5,12281,2022,ACS 2022 5-year Data Profile
21221,21,221,"Trigg County, Kentucky",55864,18.2,20.5,14154,2022,ACS 2022 5-year Data Profile
21223,21,223,"Trimble County, Kentucky",66492,13.7,13.7,8510,2022,ACS 2022 5-year Data Profile
21225,21,225,"Union County, Kentucky",58260,18.8,10.2,13495,2022,ACS 2022 5-year Data Profile
21227,21,227,"Warren County, Kentucky",63074,17.2,32.9,135307,2022,ACS 2022 5-year Data Profile
21229,21,229,"Washington County, Kentucky",65456,14.1,19.8,12025,2022,ACS 2022 5-year Data Profile
21231,21,231,"Wayne County, Kentucky",41583,25.4,13.8,19666,2022,ACS 2022 5-year Data Profile
21233,21,233,"Webster County, Kentucky",55451,16.1,11.5,12951,2022,ACS 2022 5-year Data Profile
21235,21,235,"Whitley County, Kentucky",44332,23.5,18.7,36648,2022,ACS 2022 5-year Data Profile
21237,21,237,"Wolfe County, Kentucky",28666,36.8,7.0,6573,2022,ACS 2022 5-year Data Profile
21239,21,239,"Woodford County, Kentucky",78295,8.4,40.7,26886,2022,ACS 2022 5-year Data Profile
22001,22,001,"Acadia Parish, Louisiana",44977,23.7,13.7,57674,2022,ACS 2022 5-year Data Profile
22003,22,003,"Allen Parish, Louisiana",52755,19.6,12.0,22798,2022,ACS 2022 5-year Data Profile
22005,22,005,"Ascension Parish, Louisiana",93800,9.9,29.0,126973,2022,ACS 2022 5-year Data Profile
22007,22,007,"Assumption Parish, Louisiana",47023,16.0,13.4,21067,2022,ACS 2022 5-year Data Profile
22009,22,009,"Avoyelles Parish, Louisiana",38696,27.9,12.3,39529,2022,ACS 2022 5-year Data Profile
22011,22,011,"Beauregard Parish, Louisiana",68525,13.3,17.9,36553,2022,ACS 2022 5-year Data Profile
22013,22,013,"Bienville Parish, Louisiana",34268,31.1,12.4,12958,2022,ACS 2022 5-year Data Profile
22015,22,015,"Bossier Parish, Louisiana",64598,16.7,27.6,128877,2022,ACS 2022 5-year Data Profile
22017,22,017,"Caddo Parish, Louisiana",47572,21.9,24.3,236259,2022,ACS 2022 5-year Data Profile
22019,22,019,"Calcasieu Parish, Louisiana",64370,17.1,23.6,210770,2022,ACS 2022 5-year Data Profile
22021,22,021,"Caldwell Parish, Louisiana",45707,24.9,12.1,9658,2022,ACS 2022 5-year Data Profile
22023,22,023,"Cameron Parish, Louisiana",69847,12.4,14.4,5447,2022,ACS 2022 5-year Data Profile
22025,22,025,"Catahoula Parish, Louisiana",48259,24.7,17.6,8895,2022,ACS 2022 5-year Data Profile
22027,22,027,"Claiborne Parish, Louisiana",32034,32.6,11.7,14203,2022,ACS 2022 5-year Data Profile
22029,22,029,"Concordia Parish, Louisiana",38929,33.9,17.6,18677,2022,ACS 2022 5-year Data Profile
22031,22,031,"De Soto Parish, Louisiana",49807,20.2,16.3,26821,2022,ACS 2022 5-year Data Profile
22033,22,033,"East Baton Rouge Parish, Louisiana",62083,17.9,38.2,454369,2022,ACS 2022 5-year Data Profile
22035,22,035,"East Carroll Parish, Louisiana",30856,40.3,11.8,7371,2022,ACS 2022 5-year Data Profile
22037,22,037,"East Feliciana Parish, Louisiana",64709,14.7,16.1,19452,2022,ACS 2022 5-year Data Profile
22039,22,039,"Evangeline Parish, Louisiana",34526,27.8,12.2,32335,2022,ACS 2022 5-year Data Profile
22041,22,041,"Franklin Parish, Louisiana",41129,26.0,15.3,19752,2022,ACS 2022 5-year Data Profile
22043,22,043,"Grant Parish, Louisiana",57362,15.0,12.0,22185,2022,ACS 2022 5-year Data Profile
22045,22,045,"Iberia Parish, Louisiana",55190,23.1,14.2,69958,2022,ACS 2022 5-year Data Profile
22047,22,047,"Iberville Parish, Louisiana",59410,16.8,14.9,30210,2022,ACS 2022 5-year Data Profile
22049,22,049,"Jackson Parish, Louisiana",40406,26.2,12.8,15093,2022,ACS 2022 5-year Data Profile
22051,22,051,"Jefferson Parish, Louisiana",63257,15.5,29.8,436171,2022,ACS 2022 5-year Data Profile
22053,22,053,"Jefferson Davis Parish, Louisiana",52470,16.0,15.2,32277,2022,ACS 2022 5-year Data Profile
22055,22,055,"Lafayette Parish, Louisiana",66617,16.8,34.6,243175,2022,ACS 2022 5-year Data Profile
22057,22,057,"Lafourche Parish, Louisiana",61381,16.6,18.6,97220,2022,ACS 2022 5-year Data Profile
22059,22,059,"LaSalle Parish, Louisiana",59926,15.2,17.7,14764,2022,ACS 2022 5-year Data Profile
22061,22,061,"Lincoln Parish, Louisiana",37001,29.7,36.6,48323,2022,ACS 2022 5-year Data Profile
22063,22,063,"Livingston Parish, Louisiana",77978,11.6,21.7,143425,2022,ACS 2022 5-year Data Profile
22065,22,065,"Madison Parish, Louisiana",34508,38.1,14.0,10028,2022,ACS 2022 5-year Data Profile
22067,22,067,"Morehouse Parish, Louisiana",37875,28.8,12.9,25438,2022,ACS 2022 5-year Data Profile
22069,22,069,"Natchitoches Parish, Louisiana",41310,25.9,22.8,37478,2022,ACS 2022 5-year Data Profile
22071,22,071,"Orleans Parish, Louisiana",51116,22.9,40.7,380408,2022,ACS 2022 5-year Data Profile
22073,22,073,"Ouachita Parish, Louisiana",49261,23.4,25.8,159585,2022,ACS 2022 5-year Data Profile
22075,22,075,"Plaquemines Parish, Louisiana",77996,14.7,19.0,23305,2022,ACS 2022 5-year Data Profile
22077,22,077,"Pointe Coupee Parish, Louisiana",53045,19.1,14.8,20652,2022,ACS 2022 5-year Data Profile
22079,22,079,"Rapides Parish, Louisiana",55407,18.3,22.3,129536,2022,ACS 2022 5-year Data Profile
22081,22,081,"Red River Parish, Louisiana",43821,24.8,10.6,7631,2022,ACS 2022 5-year Data Profile
22083,22,083,"Richland Parish, Louisiana",48125,24.0,16.3,20028,2022,ACS 2022 5-year Data Profile
22085,22,085,"Sabine Parish, Louisiana",40777,23.9,13.3,22209,2022,ACS 2022 5-year Data Profile
22087,22,087,"St. Bernard Parish, Louisiana",55857,22.5,16.8,44038,2022,ACS 2022 5-year Data Profile
22089,22,089,"St. Charles Parish, Louisiana",79191,10.2,27.2,52191,2022,ACS 2022 5-year Data Profile
22091,22,091,"St. Helena Parish, Louisiana",46402,27.5,12.0,10872,2022,ACS 2022 5-year Data Profile
22093,22,093,"St. James Parish, Louisiana",62946,11.5,18.7,20090,2022,ACS 2022 5-year Data Profile
22095,22,095,"St. John the Baptist Parish, Louisiana",65114,14.1,16.4,41986,2022,ACS 2022 5-year Data Profile
22097,22,097,"St. Landry Parish, Louisiana",44478,27.5,14.1,82574,2022,ACS 2022 5-year Data Profile
22099,22,099,"St. Martin Parish, Louisiana",50806,17.6,14.2,51856,2022,ACS 2022 5-year Data Profile
22101,22,101,"St. Mary Parish, Louisiana",47322,21.9,12.3,49114,2022,ACS 2022 5-year Data Profile
22103,22,103,"St. Tammany Parish, Louisiana",76914,11.7,36.4,266168,2022,ACS 2022 5-year Data Profile
22105,22,105,"Tangipahoa Parish, Louisiana",55274,19.2,21.5,133953,2022,ACS 2022 5-year Data Profile
22107,22,107,"Tensas Parish, Louisiana",35653,35.1,14.2,4127,2022,ACS 2022 5-year Data Profile
22109,22,109,"Terrebonne Parish, Louisiana",63088,16.4,17.0,108862,2022,ACS 2022 5-year Data Profile
22111,22,111,"Union Parish, Louisiana",47068,26.8,17.4,21049,2022,ACS 2022 5-year Data Profile
22113,22,113,"Vermilion Parish, Louisiana",56194,19.3,18.7,57202,2022,ACS 2022 5-year Data Profile
22115,22,115,"Vernon Parish, Louisiana",56547,18.0,18.7,48452,2022,ACS 2022 5-year Data Profile
22117,22,117,"Washington Parish, Louisiana",41803,23.5,11.7,45514,2022,ACS 2022 5-year Data Profile
22119,22,119,"Webster Parish, Louisiana",34263,27.6,14.4,36761,2022,ACS 2022 5-year Data Profile
22121,22,121,"West Baton Rouge Parish, Louisiana",80510,14.7,23.1,27377,2022,ACS 2022 5-year Data Profile
22123,22,123,"West Carroll Parish, Louisiana",45035,19.2,11.4,9800,2022,ACS 2022 5-year Data Profile
22125,22,125,"West Feliciana Parish, Louisiana",71985,14.2,21.2,15358,2022,ACS 2022 5-year Data Profile
22127,22,127,"Winn Parish, Louisiana",44922,19.6,13.3,13665,2022,ACS 2022 5-year Data Profile
23001,23,001,"Androscoggin County, Maine",64500,12.4,22.8,111532,2022,ACS 2022 5-year Data Profile
23003,23,003,"Aroostook County, Maine",50843,14.9,21.4,67237,2022,ACS 2022 5-year Data Profile
23005,23,005,"Cumberland County, Maine",87710,7.2,50.6,303357,2022,ACS 2022 5-year Data Profile
23007,23,007,"Franklin County, Maine",56890,12.1,28.8,29839,2022,ACS 2022 5-year Data Profile
23009,23,009,"Hancock County, Maine",64149,10.9,36.6,55851,2022,ACS 2022 5-year Data Profile
23011,23,011,"Kennebec County, Maine",62118,12.4,29.9,124003,2022,ACS 2022 5-year Data Profile
23013,23,013,"Knox County, Maine",68904,10.0,37.9,40729,2022,ACS 2022 5-year Data Profile
23015,23,015,"Lincoln County, Maine",69638,9.1,39.2,35466,2022,ACS 2022 5-year Data Profile
23017,23,017,"Oxford County, Maine",54780,14.4,21.5,58276,2022,ACS 2022 5-year Data Profile
23019,23,019,"Penobscot County, Maine",59438,13.4,29.8,152640,2022,ACS 2022 5-year Data Profile
23021,23,021,"Piscataquis County, Maine",51805,15.0,20.8,16936,2022,ACS 2022 5-year Data Profile
23023,23,023,"Sagadahoc County, Maine",77591,10.9,38.7,36868,2022,ACS 2022 5-year Data Profile
23025,23,025,"Somerset County, Maine",53527,16.8,19.7,50656,2022,ACS 2022 5-year Data Profile
23027,23,027,"Waldo County, Maine",62694,12.9,33.3,39772,2022,ACS 2022 5-year Data Profile
23029,23,029,"Washington County, Maine",51669,17.5,24.6,31096,2022,ACS 2022 5-year Data Profile
23031,23,031,"York County, Maine",79743,8.0,33.2,212691,2022,ACS 2022 5-year Data Profile
24001,24,001,"Allegany County, Maryland",55248,15.9,20.8,68161,2022,ACS 2022 5-year Data Profile
24003,24,003,"Anne Arundel County, Maryland",116009,5.8,44.1,588109,2022,ACS 2022 5-year Data Profile
24005,24,005,"Baltimore County, Maryland",88157,10.2,41.2,850737,2022,ACS 2022 5-year Data Profile
24009,24,009,"Calvert County, Maryland",128078,4.3,35.6,93244,2022,ACS 2022 5-year Data Profile
24011,24,011,"Caroline County, Maryland",65326,12.9,17.7,33320,2022,ACS 2022 5-year Data Profile
24013,24,013,"Carroll County, Maryland",111672,5.1,38.8,173225,2022,ACS 2022 5-year Data Profile
24015,24,015,"Cecil County, Maryland",86869,10.1,26.8,103876,2022,ACS 2022 5-year Data Profile
24017,24,017,"Charles County, Maryland",116882,5.9,31.1,167035,2022,ACS 2022 5-year Data Profile
24019,24,019,"Dorchester County, Maryland",57490,15.4,19.2,32557,2022,ACS 2022 5-year Data Profile
24021,24,021,"Frederick County, Maryland",115724,6.2,43.6,273829,2022,ACS 2022 5-year Data Profile
24023,24,023,"Garrett County, Maryland",64447,11.1,24.6,28856,2022,ACS 2022 5-year Data Profile
24025,24,025,"Harford County, Maryland",106417,7.1,38.8,261059,2022,ACS 2022 5-year Data Profile
24027,24,027,"Howard County, Maryland",140971,5.4,64.0,332011,2022,ACS 2022 5-year Data Profile
24029,24,029,"Kent County, Maryland",71635,9.5,37.4,19289,2022,ACS 2022 5-year Data Profile
24031,24,031,"Montgomery County, Maryland",125583,7.2,60.0,1056910,2022,ACS 2022 5-year Data Profile
24033,24,033,"Prince George's County, Maryland",97935,9.6,35.6,957189,2022,ACS 2022 5-year Data Profile
24035,24,035,"Queen Anne's County, Maryland",108332,6.9,36.6,50316,2022,ACS 2022 5-year Data Profile
24037,24,037,"St. Mary's County, Maryland",113668,7.6,34.9,113814,2022,ACS 2022 5-year Data Profile
24039,24,039,"Somerset County, Maryland",52149,19.8,16.8,24672,2022,ACS 2022 5-year Data Profile
24041,24,041,"Talbot County, Maryland",81667,9.3,41.5,37663,2022,ACS 2022 5-year Data Profile
24043,24,043,"Washington County, Maryland",73017,12.3,23.0,154645,2022,ACS 2022 5-year Data Profile
24045,24,045,"Wicomico County, Maryland",69421,13.8,28.9,103815,2022,ACS 2022 5-year Data Profile
24047,24,047,"Worcester County, Maryland",76689,8.2,32.1,52827,2022,ACS 2022 5-year Data Profile
24510,24,510,"Baltimore city, Maryland",58349,19.6,34.9,584548,2022,ACS 2022 5-year Data Profile
25001,25,001,"Barnstable County, Massachusetts",90447,7.0,46.1,229436,2022,ACS 2022 5-year Data Profile
25003,25,003,"Berkshire County, Massachusetts",69744,11.0,38.0,128763,2022,ACS 2022 5-year Data Profile
25005,25,005,"Bristol County, Massachusetts",80628,11.1,29.7,576699,2022,ACS 2022 5-year Data Profile
25007,25,007,"Dukes County, Massachusetts",93225,6.7,43.2,20543,2022,ACS 2022 5-year Data Profile
25009,25,009,"Essex County, Massachusetts",94378,9.7,41.7,806103,2022,ACS 2022 5-year Data Profile
25011,25,011,"Franklin County, Massachusetts",70383,12.0,39.8,70980,2022,ACS 2022 5-year Data Profile
25013,25,013,"Hampden County, Massachusetts",66619,15.8,28.6,464575,2022,ACS 2022 5-year Data Profile
25015,25,015,"Hampshire County, Massachusetts",84025,10.6,50.4,153931,2022,ACS 2022 5-year Data Profile
25017,25,017,"Middlesex County, Massachusetts",121304,7.4,58.5,1623109,2022,ACS 2022 5-year Data Profile
25019,25,019,"Nantucket County, Massachusetts",135590,4.9,57.4,14065,2022,ACS 2022 5-year Data Profile
25021,25,021,"Norfolk County, Massachusetts",120621,6.5,56.3,722112,2022,ACS 2022 5-year Data Profile
25023,25,023,"Plymouth County, Massachusetts",105387,6.7,40.5,529548,2022,ACS 2022 5-year Data Profile
25025,25,025,"Suffolk County, Massachusetts",87669,17.0,49.2,785443,2022,ACS 2022 5-year Data Profile
25027,25,027,"Worcester County, Massachusetts",88524,10.0,38.4,858898,2022,ACS 2022 5-year Data Profile
26001,26,001,"Alcona County, Michigan",50295,15.8,20.0,10238,2022,ACS 2022 5-year Data Profile
26003,26,003,"Alger County, Michigan",55528,10.3,20.7,8866,2022,ACS 2022 5-year Data Profile
26005,26,005,"Allegan County, Michigan",75543,9.5,24.1,120189,2022,ACS 2022 5-year Data Profile
26007,26,007,"Alpena County, Michigan",49133,16.5,16.7,28911,2022,ACS 2022 5-year Data Profile
26009,26,009,"Antrim County, Michigan",68850,9.4,32.5,23662,2022,ACS 2022 5-year Data Profile
26011,26,011,"Arenac County, Michigan",53487,13.6,14.6,15031,2022,ACS 2022 5-year Data Profile
26013,26,013,"Baraga County, Michigan",51911,12.2,15.6,8245,2022,ACS 2022 5-year Data Profile
26015,26,015,"Barry County, Michigan",75182,8.3,23.6,62581,2022,ACS 2022 5-year Data Profile
26017,26,017,"Bay County, Michigan",57887,15.3,20.1,103752,2022,ACS 2022 5-year Data Profile
26019,26,019,"Benzie County, Michigan",71327,10.4,32.4,18058,2022,ACS 2022 5-year Data Profile
26021,26,021,"Berrien County, Michigan",60379,15.7,30.1,153938,2022,ACS 2022 5-year Data Profile
26023,26,023,"Branch County, Michigan",60600,15.0,16.1,44795,2022,ACS 2022 5-year Data Profile
26025,26,025,"Calhoun County, Michigan",58191,14.8,22.0,134011,2022,ACS 2022 5-year Data Profile
26027,26,027,"Cass County, Michigan",65183,12.9,21.2,51604,2022,ACS 2022 5-year Data Profile
26029,26,029,"Charlevoix County, Michigan",69764,8.6,33.0,26174,2022,ACS 2022 5-year Data Profile
26031,26,031,"Cheboygan County, Michigan",59557,11.9,22.5,25709,2022,ACS 2022 5-year Data Profile
26033,26,033,"Chippewa County, Michigan",58408,16.5,22.9,36670,2022,ACS 2022 5-year Data Profile
26035,26,035,"Clare County, Michigan",47816,22.1,12.2,30998,2022,ACS 2022 5-year Data Profile
26037,26,037,"Clinton County, Michigan",82594,9.6,32.2,79249,2022,ACS 2022 5-year Data Profile
26039,26,039,"Crawford County, Michigan",57998,13.8,19.6,13197,2022,ACS 2022 5-year Data Profile
26041,26,041,"Delta County, Michigan",53852,13.2,19.7,36839,2022,ACS 2022 5-year Data Profile
26043,26,043,"Dickinson County, Michigan",59651,9.7,23.9,25937,2022,ACS 2022 5-year Data Profile
26045,26,045,"Eaton County, Michigan",77158,7.6,30.3,109072,2022,ACS 2022 5-year Data Profile
26047,26,047,"Emmet County, Michigan",69690,8.4,37.9,34072,2022,ACS 2022 5-year Data Profile
26049,26,049,"Genesee County, Michigan",58594,16.2,22.8,405280,2022,ACS 2022 5-year Data Profile
26051,26,051,"Gladwin County, Michigan",53717,14.2,14.4,25461,2022,ACS 2022 5-year Data Profile
26053,26,053,"Gogebic County, Michigan",47913,14.1,22.4,14597,2022,ACS 2022 5-year Data Profile
26055,26,055,"Grand Traverse County, Michigan",75553,10.4,38.7,95315,2022,ACS 2022 5-year Data Profile
26057,26,057,"Gratiot County, Michigan",57934,14.1,18.1,41534,2022,ACS 2022 5-year Data Profile
26059,26,059,"Hillsdale County, Michigan",59425,15.2,19.6,45698,2022,ACS 2022 5-year Data Profile
26061,26,061,"Houghton County, Michigan",52736,17.3,35.8,37414,2022,ACS 2022 5-year Data Profile
26063,26,063,"Huron County, Michigan",54475,11.3,16.6,31461,2022,ACS 2022 5-year Data Profile
26065,26,065,"Ingham County, Michigan",62548,16.5,40.6,282540,2022,ACS 2022 5-year Data Profile
26067,26,067,"Ionia County, Michigan",71720,10.3,16.8,66663,2022,ACS 2022 5-year Data Profile
26069,26,069,"Iosco County, Michigan",46224,15.1,16.3,25319,2022,ACS 2022 5-year Data Profile
26071,26,071,"Iron County, Michigan",52241,14.7,19.9,11585,2022,ACS 2022 5-year Data Profile
26073,26,073,"Isabella County, Michigan",52638,23.6,30.7,64938,2022,ACS 2022 5-year Data Profile
26075,26,075,"Jackson County, Michigan",62581,12.1,22.5,160637,2022,ACS 2022 5-year Data Profile
26077,26,077,"Kalamazoo County, Michigan",67905,13.4,40.5,261426,2022,ACS 2022 5-year Data Profile
26079,26,079,"Kalkaska County, Michigan",56380,14.7,17.3,17934,2022,ACS 2022 5-year Data Profile
26081,26,081,"Kent County, Michigan",76247,10.7,38.6,657321,2022,ACS 2022 5-year Data Profile
26083,26,083,"Keweenaw County, Michigan",55560,7.8,38.3,2088,2022,ACS 2022 5-year Data Profile
26085,26,085,"Lake County, Michigan",45946,20.3,12.2,12285,2022,ACS 2022 5-year Data Profile
26087,26,087,"Lapeer County, Michigan",75402,10.2,19.1,88687,2022,ACS 2022 5-year Data Profile
26089,26,089,"Leelanau County, Michigan",82345,6.7,48.6,22426,2022,ACS 2022 5-year Data Profile
26091,26,091,"Lenawee County, Michigan",65484,11.1,22.5,99263,2022,ACS 2022 5-year Data Profile
26093,26,093,"Livingston County, Michigan",96135,4.9,38.1,194302,2022,ACS 2022 5-year Data Profile
26095,26,095,"Luce County, Michigan",51015,18.3,17.3,5442,2022,ACS 2022 5-year Data Profile
26097,26,097,"Mackinac County, Michigan",60620,15.8,25.7,10843,2022,ACS 2022 5-year Data Profile
26099,26,099,"Macomb County, Michigan",73876,9.8,26.8,878453,2022,ACS 2022 5-year Data Profile
26101,26,101,"Manistee County, Michigan",59467,11.3,22.5,25058,2022,ACS 2022 5-year Data Profile
26103,26,103,"Marquette County, Michigan",63115,13.6,34.7,66376,2022,ACS 2022 5-year Data Profile
26105,26,105,"Mason County, Michigan",60744,13.7,24.2,29178,2022,ACS 2022 5-year Data Profile
26107,26,107,"Mecosta County, Michigan",54132,18.0,23.7,40128,2022,ACS 2022 5-year Data Profile
26109,26,109,"Menominee County, Michigan",54074,10.8,16.7,23433,2022,ACS 2022 5-year Data Profile
26111,26,111,"Midland County, Michigan",73643,10.1,35.6,83503,2022,ACS 2022 5-year Data Profile
26113,26,113,"Missaukee County, Michigan",57667,11.2,16.9,15089,2022,ACS 2022 5-year Data Profile
26115,26,115,"Monroe County, Michigan",72573,10.9,22.6,154823,2022,ACS 2022 5-year Data Profile
26117,26,117,"Montcalm County, Michigan",61250,12.3,14.4,66901,2022,ACS 2022 5-year Data Profile
26119,26,119,"Montmorency County, Michigan",46345,18.5,15.2,9261,2022,ACS 2022 5-year Data Profile
26121,26,121,"Muskegon County, Michigan",61347,12.9,20.7,175947,2022,ACS 2022 5-year Data Profile
26123,26,123,"Newaygo County, Michigan",59065,15.2,18.3,50130,2022,ACS 2022 5-year Data Profile
26125,26,125,"Oakland County, Michigan",92620,7.7,49.5,1272264,2022,ACS 2022 5-year Data Profile
26127,26,127,"Oceana County, Michigan",60691,13.9,19.6,26707,2022,ACS 2022 5-year Data Profile
26129,26,129,"Ogemaw County, Michigan",50377,17.1,14.6,20820,2022,ACS 2022 5-year Data Profile
26131,26,131,"Ontonagon County, Michigan",48316,13.7,15.2,5862,2022,ACS 2022 5-year Data Profile
26133,26,133,"Osceola County, Michigan",54875,15.7,16.5,23022,2022,ACS 2022 5-year Data Profile
26135,26,135,"Oscoda County, Michigan",48692,13.9,13.8,8264,2022,ACS 2022 5-year Data Profile
26137,26,137,"Otsego County, Michigan",62865,10.7,26.3,25221,2022,ACS 2022 5-year Data Profile
26139,26,139,"Ottawa County, Michigan",83932,7.6,36.5,296183,2022,ACS 2022 5-year Data Profile
26141,26,141,"Presque Isle County, Michigan",55986,12.7,19.8,13083,2022,ACS 2022 5-year Data Profile
26143,26,143,"Roscommon County, Michigan",49898,16.2,18.5,23556,2022,ACS 2022 5-year Data Profile
26145,26,145,"Saginaw County, Michigan",56579,18.2,22.9,189821,2022,ACS 2022 5-year Data Profile
26147,26,147,"St. Clair County, Michigan",66887,11.9,19.9,160257,2022,ACS 2022 5-year Data Profile
26149,26,149,"St. Joseph County, Michigan",62281,12.9,17.2,60887,2022,ACS 2022 5-year Data Profile
26151,26,151,"Sanilac County, Michigan",55740,15.0,15.3,40759,2022,ACS 2022 5-year Data Profile
26153,26,153,"Schoolcraft County, Michigan",55071,16.0,20.1,8062,2022,ACS 2022 5-year Data Profile
26155,26,155,"Shiawassee County, Michigan",62498,11.0,19.2,68124,2022,ACS 2022 5-year Data Profile
26157,26,157,"Tuscola County, Michigan",59815,12.3,15.3,53218,2022,ACS 2022 5-year Data Profile
26159,26,159,"Van Buren County, Michigan",65531,14.2,22.2,75636,2022,ACS 2022 5-year Data Profile
26161,26,161,"Washtenaw County, Michigan",84245,13.8,57.4,370231,2022,ACS 2022 5-year Data Profile
26163,26,163,"Wayne County, Michigan",57223,20.2,26.5,1781641,2022,ACS 2022 5-year Data Profile
26165,26,165,"Wexford County, Michigan",58652,13.3,19.9,33766,2022,ACS 2022 5-year Data Profile
27001,27,001,"Aitkin County, Minnesota",56406,12.4,18.3,15859,2022,ACS 2022 5-year Data Profile
27003,27,003,"Anoka County, Minnesota",95782,6.3,31.5,363985,2022,ACS 2022 5-year Data Profile
27005,27,005,"Becker County, Minnesota",68683,10.9,26.3,35202,2022,ACS 2022 5-year Data Profile
27007,27,007,"Beltrami County, Minnesota",62173,16.1,31.4,46274,2022,ACS 2022 5-year Data Profile
27009,27,009,"Benton County, Minnesota",70346,9.3,23.6,41300,2022,ACS 2022 5-year Data Profile
27011,27,011,"Big Stone County, Minnesota",63024,10.5,20.3,5161,2022,ACS 2022 5-year Data Profile
27013,27,013,"Blue Earth County, Minnesota",70906,16.4,35.2,69022,2022,ACS 2022 5-year Data Profile
27015,27,015,"Brown County, Minnesota",67038,7.7,23.9,25880,2022,ACS 2022 5-year Data Profile
27017,27,017,"Carlton County, Minnesota",74660,12.7,25.1,36362,2022,ACS 2022 5-year Data Profile
27019,27,019,"Carver County, Minnesota",116308,3.8,49.8,107216,2022,ACS 2022 5-year Data Profile
27021,27,021,"Cass County, Minnesota",61970,12.2,24.8,30288,2022,ACS 2022 5-year Data Profile
27023,27,023,"Chippewa County, Minnesota",62112,11.2,19.8,12466,2022,ACS 2022 5-year Data Profile
27025,27,025,"Chisago County, Minnesota",97446,6.3,23.6,56927,2022,ACS 2022 5-year Data Profile
27027,27,027,"Clay County, Minnesota",75006,14.7,36.7,65307,2022,ACS 2022 5-year Data Profile
27029,27,029,"Clearwater County, Minnesota",62723,11.3,18.3,8541,2022,ACS 2022 5-year Data Profile
27031,27,031,"Cook County, Minnesota",71937,8.6,46.4,5611,2022,ACS 2022 5-year Data Profile
27033,27,033,"Cottonwood County, Minnesota",63586,12.9,22.5,11481,2022,ACS 2022 5-year Data Profile
27035,27,035,"Crow Wing County, Minnesota",65975,10.4,27.2,66558,2022,ACS 2022 5-year Data Profile
27037,27,037,"Dakota County, Minnesota",101360,5.6,44.1,439179,2022,ACS 2022 5-year Data Profile
27039,27,039,"Dodge County, Minnesota",92890,4.9,30.3,20893,2022,ACS 2022 5-year Data Profile
27041,27,041,"Douglas County, Minnesota",72472,8.5,28.4,39081,2022,ACS 2022 5-year Data Profile
27043,27,043,"Faribault County, Minnesota",64000,11.4,21.4,13931,2022,ACS 2022 5-year Data Profile
27045,27,045,"Fillmore County, Minnesota",73234,8.7,23.3,21251,2022,ACS 2022 5-year Data Profile
27047,27,047,"Freeborn County, Minnesota",65679,9.5,17.1,30857,2022,ACS 2022 5-year Data Profile
27049,27,049,"Goodhue County, Minnesota",78338,9.1,27.8,47697,2022,ACS 2022 5-year Data Profile
27051,27,051,"Grant County, Minnesota",67600,10.1,19.0,6091,2022,ACS 2022 5-year Data Profile
27053,27,053,"Hennepin County, Minnesota",92595,9.8,52.6,1270787,2022,ACS 2022 5-year Data Profile
27055,27,055,"Houston County, Minnesota",71580,7.2,26.7,18826,2022,ACS 2022 5-year Data Profile
27057,27,057,"Hubbard County, Minnesota",67197,10.1,29.6,21479,2022,ACS 2022 5-year Data Profile
27059,27,059,"Isanti County, Minnesota",84063,8.8,19.7,41257,2022,ACS 2022 5-year Data Profile
27061,27,061,"Itasca County, Minnesota",63962,11.8,24.7,45054,2022,ACS 2022 5-year Data Profile
27063,27,063,"Jackson County, Minnesota",68368,9.7,23.1,9990,2022,ACS 2022 5-year Data Profile
27065,27,065,"Kanabec County, Minnesota",68995,9.8,15.0,16145,2022,ACS 2022 5-year Data Profile
27067,27,067,"Kandiyohi County, Minnesota",73285,10.9,25.9,43686,2022,ACS 2022 5-year Data Profile
27069,27,069,"Kittson County, Minnesota",66000,11.0,27.2,4191,2022,ACS 2022 5-year Data Profile
27071,27,071,"Koochiching County, Minnesota",59779,11.7,17.1,12072,2022,ACS 2022 5-year Data Profile
27073,27,073,"Lac qui Parle County, Minnesota",66967,8.7,20.8,6736,2022,ACS 2022 5-year Data Profile
27075,27,075,"Lake County, Minnesota",73860,8.6,26.1,10915,2022,ACS 2022 5-year Data Profile
27077,27,077,"Lake of the Woods County, Minnesota",61667,10.7,21.2,3786,2022,ACS 2022 5-year Data Profile
27079,27,079,"Le Sueur County, Minnesota",87180,7.4,24.7,28795,2022,ACS 2022 5-year Data Profile
27081,27,081,"Lincoln County, Minnesota",64750,9.1,22.4,5630,2022,ACS 2022 5-year Data Profile
27083,27,083,"Lyon County, Minnesota",68919,12.4,27.5,25352,2022,ACS 2022 5-year Data Profile
27085,27,085,"McLeod County, Minnesota",73296,7.1,18.9,36727,2022,ACS 2022 5-year Data Profile
27087,27,087,"Mahnomen County, Minnesota",52739,20.6,13.7,5389,2022,ACS 2022 5-year Data Profile
27089,27,089,"Marshall County, Minnesota",69396,7.4,18.5,9017,2022,ACS 2022 5-year Data Profile
27091,27,091,"Martin County, Minnesota",61674,11.7,23.1,19960,2022,ACS 2022 5-year Data Profile
27093,27,093,"Meeker County, Minnesota",75926,7.6,20.0,23352,2022,ACS 2022 5-year Data Profile
27095,27,095,"Mille Lacs County, Minnesota",68088,11.0,16.7,26680,2022,ACS 2022 5-year Data Profile
27097,27,097,"Morrison County, Minnesota",66264,10.3,17.5,34023,2022,ACS 2022 5-year Data Profile
27099,27,099,"Mower County, Minnesota",66972,11.9,24.0,40082,2022,ACS 2022 5-year Data Profile
27101,27,101,"Murray County, Minnesota",71500,7.4,21.6,8170,2022,ACS 2022 5-year Data Profile
27103,27,103,"Nicollet County, Minnesota",79113,10.3,34.9,34380,2022,ACS 2022 5-year Data Profile
27105,27,105,"Nobles County, Minnesota",62973,12.2,17.0,22194,2022,ACS 2022 5-year Data Profile
27107,27,107,"Norman County, Minnesota",65278,8.9,21.9,6457,2022,ACS 2022 5-year Data Profile
27109,27,109,"Olmsted County, Minnesota",90420,7.9,47.7,162307,2022,ACS 2022 5-year Data Profile
27111,27,111,"Otter Tail County, Minnesota",67990,8.7,26.6,60072,2022,ACS 2022 5-year Data Profile
27113,27,113,"Pennington County, Minnesota",71504,9.6,19.7,13995,2022,ACS 2022 5-year Data Profile
27115,27,115,"Pine County, Minnesota",65059,10.6,15.4,29090,2022,ACS 2022 5-year Data Profile
27117,27,117,"Pipestone County, Minnesota",68341,13.0,20.5,9380,2022,ACS 2022 5-year Data Profile
27119,27,119,"Polk County, Minnesota",69540,11.6,26.7,31128,2022,ACS 2022 5-year Data Profile
27121,27,121,"Pope County, Minnesota",71212,9.6,22.4,11312,2022,ACS 2022 5-year Data Profile
27123,27,123,"Ramsey County, Minnesota",78108,12.9,44.7,547202,2022,ACS 2022 5-year Data Profile
27125,27,125,"Red Lake County, Minnesota",73889,9.3,17.3,3912,2022,ACS 2022 5-year Data Profile
27127,27,127,"Redwood County, Minnesota",65617,10.1,20.0,15428,2022,ACS 2022 5-year Data Profile
27129,27,129,"Renville County, Minnesota",66313,10.4,18.0,14707,2022,ACS 2022 5-year Data Profile
27131,27,131,"Rice County, Minnesota",78214,9.2,30.0,67152,2022,ACS 2022 5-year Data Profile
27133,27,133,"Rock County, Minnesota",75060,8.8,27.4,9659,2022,ACS 2022 5-year Data Profile
27135,27,135,"Roseau County, Minnesota",70122,10.4,20.0,15294,2022,ACS 2022 5-year Data Profile
27137,27,137,"St. Louis County, Minnesota",66491,13.7,31.7,200122,2022,ACS 2022 5-year Data Profile
27139,27,139,"Scott County, Minnesota",118268,5.0,42.9,151347,2022,ACS 2022 5-year Data Profile
27141,27,141,"Sherburne County, Minnesota",99431,5.8,27.3,97820,2022,ACS 2022 5-year Data Profile
27143,27,143,"Sibley County, Minnesota",74781,8.6,17.8,14950,2022,ACS 2022 5-year Data Profile
27145,27,145,"Stearns County, Minnesota",73105,12.7,28.4,158622,2022,ACS 2022 5-year Data Profile
27147,27,147,"Steele County, Minnesota",79722,8.5,28.4,37396,2022,ACS 2022 5-year Data Profile
27149,27,149,"Stevens County, Minnesota",69737,11.7,28.6,9682,2022,ACS 2022 5-year Data Profile
27151,27,151,"Swift County, Minnesota",58362,10.7,22.9,9806,2022,ACS 2022 5-year Data Profile
27153,27,153,"Todd County, Minnesota",63216,12.0,14.8,25277,2022,ACS 2022 5-year Data Profile
27155,27,155,"Traverse County, Minnesota",63456,8.4,16.2,3345,2022,ACS 2022 5-year Data Profile
27157,27,157,"Wabasha County, Minnesota",75063,7.6,26.7,21460,2022,ACS 2022 5-year Data Profile
27159,27,159,"Wadena County, Minnesota",54747,11.9,18.4,14108,2022,ACS 2022 5-year Data Profile
27161,27,161,"Waseca County, Minnesota",71856,6.6,22.0,18953,2022,ACS 2022 5-year Data Profile
27163,27,163,"Washington County, Minnesota",110828,4.7,47.9,268651,2022,ACS 2022 5-year Data Profile
27165,27,165,"Watonwan County, Minnesota",65197,13.3,18.2,11205,2022,ACS 2022 5-year Data Profile
27167,27,167,"Wilkin County, Minnesota",67114,13.5,24.2,6454,2022,ACS 2022 5-year Data Profile
27169,27,169,"Winona County, Minnesota",66162,14.0,31.8,49792,2022,ACS 2022 5-year Data Profile
27171,27,171,"Wright County, Minnesota",102980,4.8,33.1,142543,2022,ACS 2022 5-year Data Profile
27173,27,173,"Yellow Medicine County, Minnesota",70605,10.0,19.4,9569,2022,ACS 2022 5-year Data Profile
28001,28,001,"Adams County, Mississippi",37271,27.2,20.3,29425,2022,ACS 2022 5-year Data Profile
28003,28,003,"Alcorn County, Mississippi",47716,17.1,17.6,34717,2022,ACS 2022 5-year Data Profile
28005,28,005,"Amite County, Mississippi",34866,27.1,9.2,12683,2022,ACS 2022 5-year Data Profile
28007,28,007,"Attala County, Mississippi",42680,23.6,16.2,17842,2022,ACS 2022 5-year Data Profile
28009,28,009,"Benton County, Mississippi",38750,17.6,11.0,7637,2022,ACS 2022 5-year Data Profile
28011,28,011,"Bolivar County, Mississippi",37845,31.8,27.2,30688,2022,ACS 2022 5-year Data Profile
28013,28,013,"Calhoun County, Mississippi",44505,18.8,12.0,13193,2022,ACS 2022 5-year Data Profile
28015,28,015,"Carroll County, Mississippi",42285,21.8,18.0,9930,2022,ACS 2022 5-year Data Profile
28017,28,017,"Chickasaw County, Mississippi",40224,26.6,11.3,17024,2022,ACS 2022 5-year Data Profile
28019,28,019,"Choctaw County, Mississippi",41887,19.1,17.3,8208,2022,ACS 2022 5-year Data Profile
28021,28,021,"Claiborne County, Mississippi",34282,30.4,22.3,9044,2022,ACS 2022 5-year Data Profile
28023,28,023,"Clarke County, Mississippi",46329,20.6,12.7,15553,2022,ACS 2022 5-year Data Profile
28025,28,025,"Clay County, Mississippi",37412,23.0,18.0,18598,2022,ACS 2022 5-year Data Profile
28027,28,027,"Coahoma County, Mississippi",36075,37.0,20.0,21264,2022,ACS 2022 5-year Data Profile
28029,28,029,"Copiah County, Mississippi",46889,23.4,21.3,28210,2022,ACS 2022 5-year Data Profile
28031,28,031,"Covington County, Mississippi",40164,23.6,15.7,18323,2022,ACS 2022 5-year Data Profile
28033,28,033,"DeSoto County, Mississippi",79666,9.8,27.4,186214,2022,ACS 2022 5-year Data Profile
28035,28,035,"Forrest County, Mississippi",49340,22.8,28.7,77917,2022,ACS 2022 5-year Data Profile
28037,28,037,"Franklin County, Mississippi",43942,23.8,16.5,7690,2022,ACS 2022 5-year Data Profile
28039,28,039,"George County, Mississippi",51349,20.9,16.0,24547,2022,ACS 2022 5-year Data Profile
28041,28,041,"Greene County, Mississippi",50000,18.4,11.4,13672,2022,ACS 2022 5-year Data Profile
28043,28,043,"Grenada County, Mississippi",45745,22.2,22.1,21474,2022,ACS 2022 5-year Data Profile
28045,28,045,"Hancock County, Mississippi",63623,13.7,24.4,46010,2022,ACS 2022 5-year Data Profile
28047,28,047,"Harrison County, Mississippi",55211,18.4,24.8,208748,2022,ACS 2022 5-year Data Profile
28049,28,049,"Hinds County, Mississippi",48596,21.0,31.3,226541,2022,ACS 2022 5-year Data Profile
28051,28,051,"Holmes County, Mississippi",28818,35.0,14.7,16848,2022,ACS 2022 5-year Data Profile
28053,28,053,"Humphreys County, Mississippi",31907,32.1,18.6,7744,2022,ACS 2022 5-year Data Profile
28055,28,055,"Issaquena County, Mississippi",17900,20.6,5.2,1206,2022,ACS 2022 5-year Data Profile
28057,28,057,"Itawamba County, Mississippi",57252,10.4,15.3,23888,2022,ACS 2022 5-year Data Profile
28059,28,059,"Jackson County, Mississippi",60045,15.7,23.6,143721,2022,ACS 2022 5-year Data Profile
28061,28,061,"Jasper County, Mississippi",43914,17.2,14.9,16320,2022,ACS 2022 5-year Data Profile
28063,28,063,"Jefferson County, Mississippi",31544,31.8,19.7,7207,2022,ACS 2022 5-year Data Profile
28065,28,065,"Jefferson Davis County, Mississippi",36473,23.1,14.2,11291,2022,ACS 2022 5-year Data Profile
28067,28,067,"Jones County, Mississippi",49451,21.3,20.7,67152,2022,ACS 2022 5-year Data Profile
28069,28,069,"Kemper County, Mississippi",42947,22.0,16.5,8980,2022,ACS 2022 5-year Data Profile
28071,28,071,"Lafayette County, Mississippi",59748,19.6,45.1,56172,2022,ACS 2022 5-year Data Profile
28073,28,073,"Lamar County, Mississippi",67972,16.8,33.6,64425,2022,ACS 2022 5-year Data Profile
28075,28,075,"Lauderdale County, Mississippi",45649,24.8,20.4,72741,2022,ACS 2022 5-year Data Profile
28077,28,077,"Lawrence County, Mississippi",41096,22.5,13.9,11933,2022,ACS 2022 5-year Data Profile
28079,28,079,"Leake County, Mississippi",46669,21.0,16.9,21335,2022,ACS 2022 5-year Data Profile
28081,28,081,"Lee County, Mississippi",64479,13.5,28.3,83343,2022,ACS 2022 5-year Data Profile
28083,28,083,"Leflore County, Mississippi",33115,32.2,19.2,27920,2022,ACS 2022 5-year Data Profile
28085,28,085,"Lincoln County, Mississippi",47069,22.3,19.2,34855,2022,ACS 2022 5-year Data Profile
28087,28,087,"Lowndes County, Mississippi",53687,18.1,26.1,58547,2022,ACS 2022 5-year Data Profile
28089,28,089,"Madison County, Mississippi",79105,9.8,49.5,109257,2022,ACS 2022 5-year Data Profile
28091,28,091,"Marion County, Mississippi",38399,22.8,11.3,24362,2022,ACS 2022 5-year Data Profile
28093,28,093,"Marshall County, Mississippi",51431,19.5,14.0,33980,2022,ACS 2022 5-year Data Profile
28095,28,095,"Monroe County, Mississippi",51190,16.7,16.1,34168,2022,ACS 2022 5-year Data Profile
28097,28,097,"Montgomery County, Mississippi",36845,24.2,16.9,9803,2022,ACS 2022 5-year Data Profile
28099,28,099,"Neshoba County, Mississippi",47400,28.0,15.3,28970,2022,ACS 2022 5-year Data Profile
28101,28,101,"Newton County, Mississippi",49160,23.5,16.2,21275,2022,ACS 2022 5-year Data Profile
28103,28,103,"Noxubee County, Mississippi",42298,23.2,13.4,10261,2022,ACS 2022 5-year Data Profile
28105,28,105,"Oktibbeha County, Mississippi",42953,28.5,44.4,51388,2022,ACS 2022 5-year Data Profile
28107,28,107,"Panola County, Mississippi",47894,20.4,16.0,33157,2022,ACS 2022 5-year Data Profile
28109,28,109,"Pearl River County, Mississippi",54220,15.8,15.9,56351,2022,ACS 2022 5-year Data Profile
28111,28,111,"Perry County, Mississippi",48333,20.6,10.8,11511,2022,ACS 2022 5-year Data Profile
28113,28,113,"Pike County, Mississippi",40131,30.7,16.7,40098,2022,ACS 2022 5-year Data Profile
28115,28,115,"Pontotoc County, Mississippi",54414,16.7,17.9,31202,2022,ACS 2022 5-year Data Profile
28117,28,117,"Prentiss County, Mississippi",51578,16.3,18.5,24945,2022,ACS 2022 5-year Data Profile
28119,28,119,"Quitman County, Mississippi",31192,30.2,14.4,6113,2022,ACS 2022 5-year Data Profile
28121,28,121,"Rankin County, Mississippi",76460,9.5,32.7,157185,2022,ACS 2022 5-year Data Profile
28123,28,123,"Scott County, Mississippi",44968,21.9,11.1,27943,2022,ACS 2022 5-year Data Profile
28125,28,125,"Sharkey County, Mississippi",41000,26.9,16.0,3910,2022,ACS 2022 5-year Data Profile
28127,28,127,"Simpson County, Mississippi",50867,17.1,16.5,25889,2022,ACS 2022 5-year Data Profile
28129,28,129,"Smith County, Mississippi",51983,18.2,14.5,14310,2022,ACS 2022 5-year Data Profile
28131,28,131,"Stone County, Mississippi",55894,20.8,14.3,18360,2022,ACS 2022 5-year Data Profile
28133,28,133,"Sunflower County, Mississippi",37403,28.7,17.4,25867,2022,ACS 2022 5-year Data Profile
28135,28,135,"Tallahatchie County, Mississippi",35428,25.7,11.7,12621,2022,ACS 2022 5-year Data Profile
28137,28,137,"Tate County, Mississippi",61286,16.7,18.1,28094,2022,ACS 2022 5-year Data Profile
28139,28,139,"Tippah County, Mississippi",47968,18.9,15.8,21769,2022,ACS 2022 5-year Data Profile
28141,28,141,"Tishomingo County, Mississippi",45545,19.2,14.8,18837,2022,ACS 2022 5-year Data Profile
28143,28,143,"Tunica County, Mississippi",41676,31.4,16.9,9787,2022,ACS 2022 5-year Data Profile
28145,28,145,"Union County, Mississippi",55970,12.3,17.7,27880,2022,ACS 2022 5-year Data Profile
28147,28,147,"Walthall County, Mississippi",37145,20.3,18.3,13888,2022,ACS 2022 5-year Data Profile
28149,28,149,"Warren County, Mississippi",54117,18.1,26.8,44341,2022,ACS 2022 5-year Data Profile
28151,28,151,"Washington County, Mississippi",38394,29.3,20.6,44604,2022,ACS 2022 5-year Data Profile
28153,28,153,"Wayne County, Mississippi",34875,22.1,19.8,19760,2022,ACS 2022 5-year Data Profile
28155,28,155,"Webster County, Mississippi",55657,15.8,17.9,9942,2022,ACS 2022 5-year Data Profile
28157,28,157,"Wilkinson County, Mississippi",34928,21.5,11.5,8531,2022,ACS 2022 5-year Data Profile
28159,28,159,"Winston County, Mississippi",45516,26.0,17.4,17741,2022,ACS 2022 5-year Data Profile
28161,28,161,"Yalobusha County, Mississippi",47006,20.5,12.3,12499,2022,ACS 2022 5-year Data Profile
28163,28,163,"Yazoo County, Mississippi",41867,29.1,11.9,27467,2022,ACS 2022 5-year Data Profile
29001,29,001,"Adair County, Missouri",51020,23.6,34.3,25299,2022,ACS 2022 5-year Data Profile
29003,29,003,"Andrew County, Missouri",68774,7.6,26.1,18069,2022,ACS 2022 5-year Data Profile
29005,29,005,"Atchison County, Missouri",58521,11.6,21.3,5270,2022,ACS 2022 5-year Data Profile
29007,29,007,"Audrain County, Missouri",51745,18.1,15.4,24873,2022,ACS 2022 5-year Data Profile
29009,29,009,"Barry County, Missouri",55592,18.5,14.9,34701,2022,ACS 2022 5-year Data Profile
29011,29,011,"Barton County, Missouri",48105,22.2,18.3,11683,2022,ACS 2022 5-year Data Profile
29013,29,013,"Bates County, Missouri",54122,19.1,13.9,16101,2022,ACS 2022 5-year Data Profile
29015,29,015,"Benton County, Missouri",50229,17.5,15.0,19616,2022,ACS 2022 5-year Data Profile
29017,29,017,"Bollinger County, Missouri",52306,14.9,11.7,10658,2022,ACS 2022 5-year Data Profile
29019,29,019,"Boone County, Missouri",66564,17.8,49.7,184043,2022,ACS 2022 5-year Data Profile
29021,29,021,"Buchanan County, Missouri",58303,16.6,23.3,84544,2022,ACS 2022 5-year Data Profile
29023,29,023,"Butler County, Missouri",47245,21.1,13.9,42280,2022,ACS 2022 5-year Data Profile
29025,29,025,"Caldwell County, Missouri",58269,16.1,16.8,8876,2022,ACS 2022 5-year Data Profile
29027,29,027,"Callaway County, Missouri",70599,9.5,24.9,44517,2022,ACS 2022 5-year Data Profile
29029,29,029,"Camden County, Missouri",59834,13.5,22.6,43227,2022,ACS 2022 5-year Data Profile
29031,29,031,"Cape Girardeau County, Missouri",65070,14.5,33.6,81703,2022,ACS 2022 5-year Data Profile
29033,29,033,"Carroll County, Missouri",59101,9.4,20.7,8513,2022,ACS 2022 5-year Data Profile
29035,29,035,"Carter County, Missouri",45737,20.6,14.8,5299,2022,ACS 2022 5-year Data Profile
29037,29,037,"Cass County, Missouri",82473,7.0,27.9,108205,2022,ACS 2022 5-year Data Profile
29039,29,039,"Cedar County, Missouri",43589,18.3,17.3,14314,2022,ACS 2022 5-year Data Profile
29041,29,041,"Chariton County, Missouri",61910,13.3,21.4,7417,2022,ACS 2022 5-year Data Profile
29043,29,043,"Christian County, Missouri",75787,8.7,31.9,89568,2022,ACS 2022 5-year Data Profile
29045,29,045,"Clark County, Missouri",53362,10.9,12.9,6693,2022,ACS 2022 5-year Data Profile
29047,29,047,"Clay County, Missouri",82264,8.3,34.9,253085,2022,ACS 2022 5-year Data Profile
29049,29,049,"Clinton County, Missouri",66494,11.3,22.3,21155,2022,ACS 2022 5-year Data Profile
29051,29,051,"Cole County, Missouri",70667,9.4,35.8,76890,2022,ACS 2022 5-year Data Profile
29053,29,053,"Cooper County, Missouri",62239,13.0,23.3,16893,2022,ACS 2022 5-year Data Profile
29055,29,055,"Crawford County, Missouri",52367,14.7,13.6,23023,2022,ACS 2022 5-year Data Profile
29057,29,057,"Dade County, Missouri",46806,17.0,14.4,7598,2022,ACS 2022 5-year Data Profile
29059,29,059,"Dallas County, Missouri",46547,20.6,13.3,17158,2022,ACS 2022 5-year Data Profile
29061,29,061,"Daviess County, Missouri",59706,13.8,20.1,8418,2022,ACS 2022 5-year Data Profile
29063,29,063,"DeKalb County, Missouri",67910,10.3,14.6,11838,2022,ACS 2022 5-year Data Profile
29065,29,065,"Dent County, Missouri",51410,16.8,17.3,14509,2022,ACS 2022 5-year Data Profile
29067,29,067,"Douglas County, Missouri",47848,19.6,15.7,11803,2022,ACS 2022 5-year Data Profile
29069,29,069,"Dunklin County, Missouri",44868,22.0,13.6,28174,2022,ACS 2022 5-year Data Profile
29071,29,071,"Franklin County, Missouri",70111,8.1,21.4,104858,2022,ACS 2022 5-year Data Profile
29073,29,073,"Gasconade County, Missouri",62638,11.9,19.3,14801,2022,ACS 2022 5-year Data Profile
29075,29,075,"Gentry County, Missouri",53799,15.2,21.1,6219,2022,ACS 2022 5-year Data Profile
29077,29,077,"Greene County, Missouri",54968,14.6,32.4,299188,2022,ACS 2022 5-year Data Profile
29079,29,079,"Grundy County, Missouri",51045,16.5,15.0,9878,2022,ACS 2022 5-year Data Profile
29081,29,081,"Harrison County, Missouri",51809,16.5,16.9,8190,2022,ACS 2022 5-year Data Profile
29083,29,083,"Henry County, Missouri",54903,15.0,15.9,22064,2022,ACS 2022 5-year Data Profile
29085,29,085,"Hickory County, Missouri",33302,17.6,10.1,8452,2022,ACS 2022 5-year Data Profile
29087,29,087,"Holt County, Missouri",55153,9.4,21.1,4274,2022,ACS 2022 5-year Data Profile
29089,29,089,"Howard County, Missouri",59023,12.8,26.4,10142,2022,ACS 2022 5-year Data Profile
29091,29,091,"Howell County, Missouri",46401,23.0,18.0,39960,2022,ACS 2022 5-year Data Profile
29093,29,093,"Iron County, Missouri",53401,19.5,18.8,9538,2022,ACS 2022 5-year Data Profile
29095,29,095,"Jackson County, Missouri",65169,13.9,33.0,715526,2022,ACS 2022 5-year Data Profile
29097,29,097,"Jasper County, Missouri",54963,18.5,24.7,122788,2022,ACS 2022 5-year Data Profile
29099,29,099,"Jefferson County, Missouri",77217,8.3,22.8,226984,2022,ACS 2022 5-year Data Profile
29101,29,101,"Johnson County, Missouri",62503,12.3,28.4,54025,2022,ACS 2022 5-year Data Profile
29103,29,103,"Knox County, Missouri",49167,12.7,16.0,3772,2022,ACS 2022 5-year Data Profile
29105,29,105,"Laclede County, Missouri",49202,17.1,16.9,36060,2022,ACS 2022 5-year Data Profile
29107,29,107,"Lafayette County, Missouri",78397,9.2,22.9,32858,2022,ACS 2022 5-year Data Profile
29109,29,109,"Lawrence County, Missouri",52225,14.7,15.3,38231,2022,ACS 2022 5-year Data Profile
29111,29,111,"Lewis County, Missouri",49779,16.5,15.0,9987,2022,ACS 2022 5-year Data Profile
29113,29,113,"Lincoln County, Missouri",82543,11.5,18.3,60172,2022,ACS 2022 5-year Data Profile
29115,29,115,"Linn County, Missouri",58435,16.7,19.6,11892,2022,ACS 2022 5-year Data Profile
29117,29,117,"Livingston County, Missouri",58772,10.4,19.5,14402,2022,ACS 2022 5-year Data Profile
29119,29,119,"McDonald County, Missouri",46494,16.9,11.8,23381,2022,ACS 2022 5-year Data Profile
29121,29,121,"Macon County, Missouri",54113,11.0,17.5,15173,2022,ACS 2022 5-year Data Profile
29123,29,123,"Madison County, Missouri",54042,12.1,16.1,12649,2022,ACS 2022 5-year Data Profile
29125,29,125,"Maries County, Missouri",56491,17.4,18.4,8454,2022,ACS 2022 5-year Data Profile
29127,29,127,"Marion County, Missouri",62492,14.2,24.7,28525,2022,ACS 2022 5-year Data Profile
29129,29,129,"Mercer County, Missouri",55592,14.9,20.5,3517,2022,ACS 2022 5-year Data Profile
29131,29,131,"Miller County, Missouri",53490,16.0,21.1,24855,2022,ACS 2022 5-year Data Profile
29133,29,133,"Mississippi County, Missouri",40833,23.7,13.7,12305,2022,ACS 2022 5-year Data Profile
29135,29,135,"Moniteau County, Missouri",66792,10.9,18.7,15401,2022,ACS 2022 5-year Data Profile
29137,29,137,"Monroe County, Missouri",50245,16.5,16.4,8668,2022,ACS 2022 5-year Data Profile
29139,29,139,"Montgomery County, Missouri",58660,14.8,16.0,11421,2022,ACS 2022 5-year Data Profile
29141,29,141,"Morgan County, Missouri",48841,19.7,13.9,21169,2022,ACS 2022 5-year Data Profile
29143,29,143,"New Madrid County, Missouri",44092,17.3,13.0,16341,2022,ACS 2022 5-year Data Profile
29145,29,145,"Newton County, Missouri",60313,14.9,22.2,59019,2022,ACS 2022 5-year Data Profile
29147,29,147,"Nodaway County, Missouri",53917,19.4,26.0,21140,2022,ACS 2022 5-year Data Profile
29149,29,149,"Oregon County, Missouri",41365,23.0,14.3,8783,2022,ACS 2022 5-year Data Profile
29151,29,151,"Osage County, Missouri",70313,7.6,23.1,13374,2022,ACS 2022 5-year Data Profile
29153,29,153,"Ozark County, Missouri",39125,22.5,10.4,8688,2022,ACS 2022 5-year Data Profile
29155,29,155,"Pemiscot County, Missouri",37426,29.3,11.6,15555,2022,ACS 2022 5-year Data Profile
29157,29,157,"Perry County, Missouri",61486,11.3,20.3,18970,2022,ACS 2022 5-year Data Profile
29159,29,159,"Pettis County, Missouri",57581,14.8,18.5,43059,2022,ACS 2022 5-year Data Profile
29161,29,161,"Phelps County, Missouri",53242,17.7,31.6,44843,2022,ACS 2022 5-year Data Profile
29163,29,163,"Pike County, Missouri",53363,15.8,15.4,17719,2022,ACS 2022 5-year Data Profile
29165,29,165,"Platte County, Missouri",92543,7.0,44.3,107033,2022,ACS 2022 5-year Data Profile
29167,29,167,"Polk County, Missouri",54487,17.2,20.3,31877,2022,ACS 2022 5-year Data Profile
29169,29,169,"Pulaski County, Missouri",62541,14.5,26.9,53726,2022,ACS 2022 5-year Data Profile
29171,29,171,"Putnam County, Missouri",50950,12.3,18.4,4698,2022,ACS 2022 5-year Data Profile
29173,29,173,"Ralls County, Missouri",62615,12.3,15.8,10356,2022,ACS 2022 5-year Data Profile
29175,29,175,"Randolph County, Missouri",51480,17.2,17.1,24652,2022,ACS 2022 5-year Data Profile
29177,29,177,"Ray County, Missouri",69779,12.2,15.1,23122,2022,ACS 2022 5-year Data Profile
29179,29,179,"Reynolds County, Missouri",43856,18.1,14.2,6102,2022,ACS 2022 5-year Data Profile
29181,29,181,"Ripley County, Missouri",42541,20.6,11.9,10839,2022,ACS 2022 5-year Data Profile
29183,29,183,"St. Charles County, Missouri",99596,4.5,42.0,406262,2022,ACS 2022 5-year Data Profile
29185,29,185,"St. Clair County, Missouri",43483,15.7,12.4,9330,2022,ACS 2022 5-year Data Profile
29186,29,186,"Ste. Genevieve County, Missouri",61215,9.2,16.4,18494,2022,ACS 2022 5-year Data Profile
29187,29,187,"St. Francois County, Missouri",53083,17.6,15.5,66814,2022,ACS 2022 5-year Data Profile
29189,29,189,"St. Louis County, Missouri",78067,9.6,46.1,999703,2022,ACS 2022 5-year Data Profile
29195,29,195,"Saline County, Missouri",55396,13.0,25.0,23219,2022,ACS 2022 5-year Data Profile
29197,29,197,"Schuyler County, Missouri",53728,10.2,12.4,4066,2022,ACS 2022 5-year Data Profile
29199,29,199,"Scotland County, Missouri",58656,7.4,14.6,4720,2022,ACS 2022 5-year Data Profile
29201,29,201,"Scott County, Missouri",54621,15.6,21.2,38055,2022,ACS 2022 5-year Data Profile
29203,29,203,"Shannon County, Missouri",46767,14.7,14.9,7132,2022,ACS 2022 5-year Data Profile
29205,29,205,"Shelby County, Missouri",50387,14.9,17.6,6049,2022,ACS 2022 5-year Data Profile
29207,29,207,"Stoddard County, Missouri",51703,16.5,14.9,28656,2022,ACS 2022 5-year Data Profile
29209,29,209,"Stone County, Missouri",58392,14.1,20.6,31314,2022,ACS 2022 5-year Data Profile
29211,29,211,"Sullivan County, Missouri",53438,15.1,14.4,5983,2022,ACS 2022 5-year Data Profile
29213,29,213,"Taney County, Missouri",54467,16.4,23.8,56202,2022,ACS 2022 5-year Data Profile
29215,29,215,"Texas County, Missouri",42870,20.0,15.2,24828,2022,ACS 2022 5-year Data Profile
29217,29,217,"Vernon County, Missouri",53318,18.1,17.8,19777,2022,ACS 2022 5-year Data Profile
29219,29,219,"Warren County, Missouri",75531,10.2,19.2,35729,2022,ACS 2022 5-year Data Profile
29221,29,221,"Washington County, Missouri",49364,18.6,12.3,23580,2022,ACS 2022 5-year Data Profile
29223,29,223,"Wayne County, Missouri",42758,25.1,11.1,11081,2022,ACS 2022 5-year Data Profile
29225,29,225,"Webster County, Missouri",65103,15.7,18.4,39265,2022,ACS 2022 5-year Data Profile
29227,29,227,"Worth County, Missouri",43536,16.6,15.6,1982,2022,ACS 2022 5-year Data Profile
29229,29,229,"Wright County, Missouri",43573,20.4,12.8,18475,2022,ACS 2022 5-year Data Profile
29510,29,510,"St. Louis city, Missouri",52941,20.2,38.6,298018,2022,ACS 2022 5-year Data Profile
30001,30,001,"Beaverhead County, Montana",55867,15.4,36.4,9469,2022,ACS 2022 5-year Data Profile
30003,30,003,"Big Horn County, Montana",52463,25.7,19.8,13090,2022,ACS 2022 5-year Data Profile
30005,30,005,"Blaine County, Montana",58507,20.2,23.8,7030,2022,ACS 2022 5-year Data Profile
30007,30,007,"Broadwater County, Montana",61679,9.1,22.3,6977,2022,ACS 2022 5-year Data Profile
30009,30,009,"Carbon County, Montana",66780,10.3,31.4,10645,2022,ACS 2022 5-year Data Profile
30011,30,011,"Carter County, Montana",46486,17.0,21.3,1332,2022,ACS 2022 5-year Data Profile
30013,30,013,"Cascade County, Montana",61351,13.6,27.6,84423,2022,ACS 2022 5-year Data Profile
30015,30,015,"Chouteau County, Montana",51791,15.1,24.5,5897,2022,ACS 2022 5-year Data Profile
30017,30,017,"Custer County, Montana",61114,11.1,26.6,11957,2022,ACS 2022 5-year Data Profile
30019,30,019,"Daniels County, Montana",47378,12.2,26.0,1535,2022,ACS 2022 5-year Data Profile
30021,30,021,"Dawson County, Montana",68168,7.5,24.6,8915,2022,ACS 2022 5-year Data Profile
30023,30,023,"Deer Lodge County, Montana",46436,22.9,20.2,9435,2022,ACS 2022 5-year Data Profile
30025,30,025,"Fallon County, Montana",79750,12.7,18.1,2941,2022,ACS 2022 5-year Data Profile
30027,30,027,"Fergus County, Montana",58321,14.8,27.6,11496,2022,ACS 2022 5-year Data Profile
30029,30,029,"Flathead County, Montana",68025,9.3,34.9,105950,2022,ACS 2022 5-year Data Profile
30031,30,031,"Gallatin County, Montana",83434,10.6,52.9,119685,2022,ACS 2022 5-year Data Profile
30033,30,033,"Garfield County, Montana",61786,9.4,21.4,976,2022,ACS 2022 5-year Data Profile
30035,30,035,"Glacier County, Montana",41078,29.4,20.5,13781,2022,ACS 2022 5-year Data Profile
30037,30,037,"Golden Valley County, Montana",54792,16.1,23.4,841,2022,ACS 2022 5-year Data Profile
30039,30,039,"Granite County, Montana",53917,13.1,31.5,3368,2022,ACS 2022 5-year Data Profile
30041,30,041,"Hill County, Montana",58427,16.9,23.7,16238,2022,ACS 2022 5-year Data Profile
30043,30,043,"Jefferson County, Montana",73875,5.1,33.3,12273,2022,ACS 2022 5-year Data Profile
30045,30,045,"Judith Basin County, Montana",58750,17.5,27.3,2039,2022,ACS 2022 5-year Data Profile
30047,30,047,"Lake County, Montana",58009,19.0,31.9,31509,2022,ACS 2022 5-year Data Profile
30049,30,049,"Lewis and Clark County, Montana",71967,9.4,42.7,71487,2022,ACS 2022 5-year Data Profile
30051,30,051,"Liberty County, Montana",48047,26.2,27.2,1993,2022,ACS 2022 5-year Data Profile
30053,30,053,"Lincoln County, Montana",44593,16.9,17.5,20157,2022,ACS 2022 5-year Data Profile
30055,30,055,"McCone County, Montana",79022,2.4,21.3,1746,2022,ACS 2022 5-year Data Profile
30057,30,057,"Madison County, Montana",61226,6.8,31.6,8742,2022,ACS 2022 5-year Data Profile
30059,30,059,"Meagher County, Montana",55753,12.0,36.2,1948,2022,ACS 2022 5-year Data Profile
30061,30,061,"Mineral County, Montana",56098,14.1,26.0,4652,2022,ACS 2022 5-year Data Profile
30063,30,063,"Missoula County, Montana",66840,11.9,44.5,118541,2022,ACS 2022 5-year Data Profile
30065,30,065,"Musselshell County, Montana",54875,11.8,19.7,4924,2022,ACS 2022 5-year Data Profile
30067,30,067,"Park County, Montana",67602,11.5,36.3,17320,2022,ACS 2022 5-year Data Profile
30069,30,069,"Petroleum County, Montana",57981,6.3,23.8,416,2022,ACS 2022 5-year Data Profile
30071,30,071,"Phillips County, Montana",61250,6.9,20.0,4233,2022,ACS 2022 5-year Data Profile
30073,30,073,"Pondera County, Montana",59861,21.6,21.9,5987,2022,ACS 2022 5-year Data Profile
30075,30,075,"Powder River County, Montana",60313,12.7,25.5,1773,2022,ACS 2022 5-year Data Profile
30077,30,077,"Powell County, Montana",60994,5.2,19.4,6998,2022,ACS 2022 5-year Data Profile
30079,30,079,"Prairie County, Montana",44107,22.3,22.4,1283,2022,ACS 2022 5-year Data Profile
30081,30,081,"Ravalli County, Montana",67424,9.8,28.8,44876,2022,ACS 2022 5-year Data Profile
30083,30,083,"Richland County, Montana",67515,8.3,14.2,11366,2022,ACS 2022 5-year Data Profile
30085,30,085,"Roosevelt County, Montana",51038,31.5,19.8,10799,2022,ACS 2022 5-year Data Profile
30087,30,087,"Rosebud County, Montana",57656,20.4,19.4,8310,2022,ACS 2022 5-year Data Profile
30089,30,089,"Sanders County, Montana",47110,16.3,18.1,12615,2022,ACS 2022 5-year Data Profile
30091,30,091,"Sheridan County, Montana",67457,9.8,25.5,3700,2022,ACS 2022 5-year Data Profile
30093,30,093,"Silver Bow County, Montana",56297,15.9,27.7,35306,2022,ACS 2022 5-year Data Profile
30095,30,095,"Stillwater County, Montana",78380,8.0,29.3,8978,2022,ACS 2022 5-year Data Profile
30097,30,097,"Sweet Grass County, Montana",64872,6.0,23.6,3697,2022,ACS 2022 5-year Data Profile
30099,30,099,"Teton County, Montana",65224,14.4,25.5,6238,2022,ACS 2022 5-year Data Profile
30101,30,101,"Toole County, Montana",54040,10.6,22.3,5018,2022,ACS 2022 5-year Data Profile
30103,30,103,"Treasure County, Montana",70096,9.9,32.2,680,2022,ACS 2022 5-year Data Profile
30105,30,105,"Valley County, Montana",59725,12.3,19.6,7552,2022,ACS 2022 5-year Data Profile
30107,30,107,"Wheatland County, Montana",48272,22.7,20.7,2060,2022,ACS 2022 5-year Data Profile
30109,30,109,"Wibaux County, Montana",58750,17.8,22.5,1119,2022,ACS 2022 5-year Data Profile
30111,30,111,"Yellowstone County, Montana",72300,10.7,34.3,165524,2022,ACS 2022 5-year Data Profile
31001,31,001,"Adams County, Nebraska",61502,12.0,27.1,31143,2022,ACS 2022 5-year Data Profile
31003,31,003,"Antelope County, Nebraska",61924,11.1,20.5,6302,2022,ACS 2022 5-year Data Profile
31005,31,005,"Arthur County, Nebraska",66667,7.0,31.4,485,2022,ACS 2022 5-year Data Profile
31007,31,007,"Banner County, Nebraska",62375,7.4,30.4,670,2022,ACS 2022 5-year Data Profile
31009,31,009,"Blaine County, Nebraska",52083,11.5,20.8,384,2022,ACS 2022 5-year Data Profile
31011,31,011,"Boone County, Nebraska",66800,7.3,18.0,5397,2022,ACS 2022 5-year Data Profile
31013,31,013,"Box Butte County, Nebraska",67893,12.0,18.1,10778,2022,ACS 2022 5-year Data Profile
31015,31,015,"Boyd County, Nebraska",57120,11.6,16.9,1767,2022,ACS 2022 5-year Data Profile
31017,31,017,"Brown County, Nebraska",44267,8.9,21.3,2691,2022,ACS 2022 5-year Data Profile
31019,31,019,"Buffalo County, Nebraska",70093,11.8,35.2,50103,2022,ACS 2022 5-year Data Profile
31021,31,021,"Burt County, Nebraska",54950,14.2,23.4,6717,2022,ACS 2022 5-year Data Profile
31023,31,023,"Butler County, Nebraska",75690,7.9,25.3,8373,2022,ACS 2022 5-year Data Profile
31025,31,025,"Cass County, Nebraska",87673,5.6,31.3,26749,2022,ACS 2022 5-year Data Profile
31027,31,027,"Cedar County, Nebraska",72035,5.4,23.3,8375,2022,ACS 2022 5-year Data Profile
31029,31,029,"Chase County, Nebraska",57313,8.2,24.4,3704,2022,ACS 2022 5-year Data Profile
31031,31,031,"Cherry County, Nebraska",62373,9.8,25.9,5473,2022,ACS 2022 5-year Data Profile
31033,31,033,"Cheyenne County, Nebraska",54038,11.7,23.8,9489,2022,ACS 2022 5-year Data Profile
31035,31,035,"Clay County, Nebraska",73933,8.7,21.6,6088,2022,ACS 2022 5-year Data Profile
31037,31,037,"Colfax County, Nebraska",71205,10.2,12.8,10563,2022,ACS 2022 5-year Data Profile
31039,31,039,"Cuming County, Nebraska",68917,7.7,24.0,9000,2022,ACS 2022 5-year Data Profile
31041,31,041,"Custer County, Nebraska",62288,11.3,25.8,10566,2022,ACS 2022 5-year Data Profile
31043,31,043,"Dakota County, Nebraska",66112,11.2,14.3,21308,2022,ACS 2022 5-year Data Profile
31045,31,045,"Dawes County, Nebraska",53760,13.0,36.0,8279,2022,ACS 2022 5-year Data Profile
31047,31,047,"Dawson County, Nebraska",67462,14.2,16.0,24037,2022,ACS 2022 5-year Data Profile
31049,31,049,"Deuel County, Nebraska",58875,7.1,20.8,1858,2022,ACS 2022 5-year Data Profile
31051,31,051,"Dixon County, Nebraska",60568,9.4,22.2,5579,2022,ACS 2022 5-year Data Profile
31053,31,053,"Dodge County, Nebraska",66793,9.1,21.7,37175,2022,ACS 2022 5-year Data Profile
31055,31,055,"Douglas County, Nebraska",76083,11.0,41.2,582638,2022,ACS 2022 5-year Data Profile
31057,31,057,"Dundy County, Nebraska",58977,12.5,26.3,1825,2022,ACS 2022 5-year Data Profile
31059,31,059,"Fillmore County, Nebraska",72335,7.0,22.8,5557,2022,ACS 2022 5-year Data Profile
31061,31,061,"Franklin County, Nebraska",55625,14.9,19.2,2901,2022,ACS 2022 5-year Data Profile
31063,31,063,"Frontier County, Nebraska",62928,12.4,23.4,2491,2022,ACS 2022 5-year Data Profile
31065,31,065,"Furnas County, Nebraska",58895,11.2,21.4,4630,2022,ACS 2022 5-year Data Profile
31067,31,067,"Gage County, Nebraska",60035,13.4,20.0,21654,2022,ACS 2022 5-year Data Profile
31069,31,069,"Garden County, Nebraska",47139,9.6,23.1,1778,2022,ACS 2022 5-year Data Profile
31071,31,071,"Garfield County, Nebraska",64957,12.2,31.9,1833,2022,ACS 2022 5-year Data Profile
31073,31,073,"Gosper County, Nebraska",76583,6.5,28.1,1873,2022,ACS 2022 5-year Data Profile
31075,31,075,"Grant County, Nebraska",65139,10.8,27.0,649,2022,ACS 2022 5-year Data Profile
31077,31,077,"Greeley County, Nebraska",52813,12.5,17.1,2212,2022,ACS 2022 5-year Data Profile
31079,31,079,"Hall County, Nebraska",63553,12.8,21.3,62575,2022,ACS 2022 5-year Data Profile
31081,31,081,"Hamilton County, Nebraska",73254,5.5,24.9,9400,2022,ACS 2022 5-year Data Profile
31083,31,083,"Harlan County, Nebraska",64583,7.3,24.5,3094,2022,ACS 2022 5-year Data Profile
31085,31,085,"Hayes County, Nebraska",59405,14.7,18.1,919,2022,ACS 2022 5-year Data Profile
31087,31,087,"Hitchcock County, Nebraska",49456,12.4,18.8,2620,2022,ACS 2022 5-year Data Profile
31089,31,089,"Holt County, Nebraska",66325,9.9,27.5,10149,2022,ACS 2022 5-year Data Profile
31091,31,091,"Hooker County, Nebraska",43333,8.1,27.1,659,2022,ACS 2022 5-year Data Profile
31093,31,093,"Howard County, Nebraska",70766,4.9,22.3,6476,2022,ACS 2022 5-year Data Profile
31095,31,095,"Jefferson County, Nebraska",54494,11.1,19.3,7185,2022,ACS 2022 5-year Data Profile
31097,31,097,"Johnson County, Nebraska",64352,6.1,19.0,5294,2022,ACS 2022 5-year Data Profile
31099,31,099,"Kearney County, Nebraska",74276,9.5,30.9,6655,2022,ACS 2022 5-year Data Profile
31101,31,101,"Keith County, Nebraska",59511,11.9,19.9,8303,2022,ACS 2022 5-year Data Profile
31103,31,103,"Keya Paha County, Nebraska",63977,8.6,28.8,987,2022,ACS 2022 5-year Data Profile
31105,31,105,"Kimball County, Nebraska",53151,10.0,11.5,3395,2022,ACS 2022 5-year Data Profile
31107,31,107,"Knox County, Nebraska",61250,12.0,18.9,8415,2022,ACS 2022 5-year Data Profile
31109,31,109,"Lancaster County, Nebraska",70387,11.8,40.9,322063,2022,ACS 2022 5-year Data Profile
31111,31,111,"Lincoln County, Nebraska",63019,11.0,20.2,34532,2022,ACS 2022 5-year Data Profile
31113,31,113,"Logan County, Nebraska",69250,9.2,25.3,839,2022,ACS 2022 5-year Data Profile
31115,31,115,"Loup County, Nebraska",50000,7.9,19.5,629,2022,ACS 2022 5-year Data Profile
31117,31,117,"McPherson County, Nebraska",58250,7.7,17.4,456,2022,ACS 2022 5-year Data Profile
31119,31,119,"Madison County, Nebraska",61139,12.2,24.5,35538,2022,ACS 2022 5-year Data Profile
31121,31,121,"Merrick County, Nebraska",57873,10.2,17.4,7675,2022,ACS 2022 5-year Data Profile
31123,31,123,"Morrill County, Nebraska",57325,9.5,19.4,4562,2022,ACS 2022 5-year Data Profile
31125,31,125,"Nance County, Nebraska",60054,13.6,19.0,3366,2022,ACS 2022 5-year Data Profile
31127,31,127,"Nemaha County, Nebraska",57196,15.3,30.5,7019,2022,ACS 2022 5-year Data Profile
31129,31,129,"Nuckolls County, Nebraska",66000,6.3,26.8,4092,2022,ACS 2022 5-year Data Profile
31131,31,131,"Otoe County, Nebraska",73031,11.4,25.6,15995,2022,ACS 2022 5-year Data Profile
31133,31,133,"Pawnee County, Nebraska",55833,13.3,20.4,2553,2022,ACS 2022 5-year Data Profile
31135,31,135,"Perkins County, Nebraska",61786,8.7,25.9,2860,2022,ACS 2022 5-year Data Profile
31137,31,137,"Phelps County, Nebraska",65114,14.5,26.7,8966,2022,ACS 2022 5-year Data Profile
31139,31,139,"Pierce County, Nebraska",65603,7.9,22.1,7301,2022,ACS 2022 5-year Data Profile
31141,31,141,"Platte County, Nebraska",69943,8.2,24.6,34219,2022,ACS 2022 5-year Data Profile
31143,31,143,"Polk County, Nebraska",67695,7.7,18.6,5182,2022,ACS 2022 5-year Data Profile
31145,31,145,"Red Willow County, Nebraska",58344,12.2,24.4,10690,2022,ACS 2022 5-year Data Profile
31147,31,147,"Richardson County, Nebraska",50321,10.9,20.4,7850,2022,ACS 2022 5-year Data Profile
31149,31,149,"Rock County, Nebraska",57566,9.1,28.6,1312,2022,ACS 2022 5-year Data Profile
31151,31,151,"Saline County, Nebraska",71104,11.3,21.9,14275,2022,ACS 2022 5-year Data Profile
31153,31,153,"Sarpy County, Nebraska",95911,5.5,41.2,191272,2022,ACS 2022 5-year Data Profile
31155,31,155,"Saunders County, Nebraska",84474,6.7,29.1,22374,2022,ACS 2022 5-year Data Profile
31157,31,157,"Scotts Bluff County, Nebraska",60137,12.5,25.2,36048,2022,ACS 2022 5-year Data Profile
31159,31,159,"Seward County, Nebraska",79677,6.8,31.0,17644,2022,ACS 2022 5-year Data Profile
31161,31,161,"Sheridan County, Nebraska",53609,10.8,21.7,5102,2022,ACS 2022 5-year Data Profile
31163,31,163,"Sherman County, Nebraska",60194,10.9,18.9,2970,2022,ACS 2022 5-year Data Profile
31165,31,165,"Sioux County, Nebraska",50833,17.4,24.9,1162,2022,ACS 2022 5-year Data Profile
31167,31,167,"Stanton County, Nebraska",76035,7.0,20.1,5828,2022,ACS 2022 5-year Data Profile
31169,31,169,"Thayer County, Nebraska",60305,9.7,22.5,5006,2022,ACS 2022 5-year Data Profile
31171,31,171,"Thomas County, Nebraska",70069,6.6,24.6,592,2022,ACS 2022 5-year Data Profile
31173,31,173,"Thurston County, Nebraska",63459,19.0,19.8,6716,2022,ACS 2022 5-year Data Profile
31175,31,175,"Valley County, Nebraska",62321,8.8,27.0,4053,2022,ACS 2022 5-year Data Profile
31177,31,177,"Washington County, Nebraska",89671,8.0,34.3,20884,2022,ACS 2022 5-year Data Profile
31179,31,179,"Wayne County, Nebraska",64951,16.6,32.7,9701,2022,ACS 2022 5-year Data Profile
31181,31,181,"Webster County, Nebraska",62571,7.9,21.5,3410,2022,ACS 2022 5-year Data Profile
31183,31,183,"Wheeler County, Nebraska",59167,10.2,24.7,771,2022,ACS 2022 5-year Data Profile
31185,31,185,"York County, Nebraska",72914,9.3,25.3,14212,2022,ACS 2022 5-year Data Profile
32001,32,001,"Churchill County, Nevada",69922,9.9,17.6,25409,2022,ACS 2022 5-year Data Profile
32003,32,003,"Clark County, Nevada",69911,13.4,26.4,2265926,2022,ACS 2022 5-year Data Profile
32005,32,005,"Douglas County, Nevada",84262,7.5,31.3,49476,2022,ACS 2022 5-year Data Profile
32007,32,007,"Elko County, Nevada",87755,10.4,17.0,53600,2022,ACS 2022 5-year Data Profile
32009,32,009,"Esmeralda County, Nevada",40694,16.1,24.3,980,2022,ACS 2022 5-year Data Profile
32011,32,011,"Eureka County, Nevada",73929,17.6,15.2,1622,2022,ACS 2022 5-year Data Profile
32013,32,013,"Humboldt County, Nevada",75574,14.3,20.8,17266,2022,ACS 2022 5-year Data Profile
32015,32,015,"Lander County, Nevada",92388,10.8,14.0,5728,2022,ACS 2022 5-year Data Profile
32017,32,017,"Lincoln County, Nevada",67412,7.2,15.3,4507,2022,ACS 2022 5-year Data Profile
32019,32,019,"Lyon County, Nevada",70026,10.4,16.1,59435,2022,ACS 2022 5-year Data Profile
32021,32,021,"Mineral County, Nevada",46625,18.5,14.6,4568,2022,ACS 2022 5-year Data Profile
32023,32,023,"Nye County, Nevada",53602,15.3,12.5,51698,2022,ACS 2022 5-year Data Profile
32027,32,027,"Pershing County, Nevada",66304,9.8,10.1,6587,2022,ACS 2022 5-year Data Profile
32029,32,029,"Storey County, Nevada",86932,9.1,31.4,4095,2022,ACS 2022 5-year Data Profile
32031,32,031,"Washoe County, Nevada",81531,10.9,32.5,486674,2022,ACS 2022 5-year Data Profile
32033,32,033,"White Pine County, Nevada",71297,9.2,13.3,8997,2022,ACS 2022 5-year Data Profile
32510,32,510,"Carson City, Nevada",67465,11.2,24.3,58249,2022,ACS 2022 5-year Data Profile
33001,33,001,"Belknap County, New Hampshire",80719,8.6,31.9,63914,2022,ACS 2022 5-year Data Profile
33003,33,003,"Carroll County, New Hampshire",77049,8.0,37.5,50679,2022,ACS 2022 5-year Data Profile
33005,33,005,"Cheshire County, New Hampshire",76551,9.0,34.4,76610,2022,ACS 2022 5-year Data Profile
33007,33,007,"Coos County, New Hampshire",55247,11.6,20.4,31430,2022,ACS 2022 5-year Data Profile
33009,33,009,"Grafton County, New Hampshire",79949,9.9,43.3,90836,2022,ACS 2022 5-year Data Profile
33011,33,011,"Hillsborough County, New Hampshire",95112,6.9,40.2,422733,2022,ACS 2022 5-year Data Profile
33013,33,013,"Merrimack County, New Hampshire",88806,7.2,36.8,153918,2022,ACS 2022 5-year Data Profile
33015,33,015,"Rockingham County, New Hampshire",110225,4.8,43.6,315169,2022,ACS 2022 5-year Data Profile
33017,33,017,"Strafford County, New Hampshire",83212,9.1,38.7,130965,2022,ACS 2022 5-year Data Profile
33019,33,019,"Sullivan County, New Hampshire",70788,11.7,30.1,43356,2022,ACS 2022 5-year Data Profile
34001,34,001,"Atlantic County, New Jersey",73113,13.0,30.1,274339,2022,ACS 2022 5-year Data Profile
34003,34,003,"Bergen County, New Jersey",118714,6.8,51.7,953243,2022,ACS 2022 5-year Data Profile
34005,34,005,"Burlington County, New Jersey",102615,6.6,41.1,461853,2022,ACS 2022 5-year Data Profile
34007,34,007,"Camden County, New Jersey",82005,12.4,34.3,522581,2022,ACS 2022 5-year Data Profile
34009,34,009,"Cape May County, New Jersey",83870,9.0,35.9,95456,2022,ACS 2022 5-year Data Profile
34011,34,011,"Cumberland County, New Jersey",62310,15.5,17.3,153588,2022,ACS 2022 5-year Data Profile
34013,34,013,"Essex County, New Jersey",73785,15.0,37.4,853374,2022,ACS 2022 5-year Data Profile
34015,34,015,"Gloucester County, New Jersey",99668,7.5,35.2,302621,2022,ACS 2022 5-year Data Profile
34017,34,017,"Hudson County, New Jersey",86854,14.2,46.6,712029,2022,ACS 2022 5-year Data Profile
34019,34,019,"Hunterdon County, New Jersey",133534,3.7,55.5,129099,2022,ACS 2022 5-year Data Profile
34021,34,021,"Mercer County, New Jersey",92697,11.2,44.2,383732,2022,ACS 2022 5-year Data Profile
34023,34,023,"Middlesex County, New Jersey",105206,8.4,45.1,860147,2022,ACS 2022 5-year Data Profile
34025,34,025,"Monmouth County, New Jersey",118527,6.4,49.9,643064,2022,ACS 2022 5-year Data Profile
34027,34,027,"Morris County, New Jersey",130808,5.0,57.1,508816,2022,ACS 2022 5-year Data Profile
34029,34,029,"Ocean County, New Jersey",82379,10.5,32.9,638691,2022,ACS 2022 5-year Data Profile
34031,34,031,"Passaic County, New Jersey",84465,13.5,30.1,519986,2022,ACS 2022 5-year Data Profile
34033,34,033,"Salem County, New Jersey",73378,13.0,22.8,64840,2022,ACS 2022 5-year Data Profile
34035,34,035,"Somerset County, New Jersey",131948,5.3,57.3,344978,2022,ACS 2022 5-year Data Profile
34037,34,037,"Sussex County, New Jersey",111094,5.5,39.0,144808,2022,ACS 2022 5-year Data Profile
34039,34,039,"Union County, New Jersey",95000,8.9,38.3,572079,2022,ACS 2022 5-year Data Profile
34041,34,041,"Warren County, New Jersey",92620,7.7,35.5,109739,2022,ACS 2022 5-year Data Profile
35001,35,001,"Bernalillo County, New Mexico",62220,16.4,36.6,674692,2022,ACS 2022 5-year Data Profile
35003,35,003,"Catron County, New Mexico",44777,21.0,14.9,3635,2022,ACS 2022 5-year Data Profile
35005,35,005,"Chaves County, New Mexico",49673,21.8,17.5,64701,2022,ACS 2022 5-year Data Profile
35006,35,006,"Cibola County, New Mexico",49866,27.3,14.7,27211,2022,ACS 2022 5-year Data Profile
35007,35,007,"Colfax County, New Mexico",46286,18.1,22.1,12370,2022,ACS 2022 5-year Data Profile
35009,35,009,"Curry County, New Mexico",55427,19.3,21.5,48327,2022,ACS 2022 5-year Data Profile
35011,35,011,"De Baca County, New Mexico",34702,16.3,9.2,1695,2022,ACS 2022 5-year Data Profile
35013,35,013,"Doña Ana County, New Mexico",51232,22.8,30.4,219870,2022,ACS 2022 5-year Data Profile
35015,35,015,"Eddy County, New Mexico",77458,11.8,18.2,61264,2022,ACS 2022 5-year Data Profile
35017,35,017,"Grant County, New Mexico",44895,20.5,26.4,28006,2022,ACS 2022 5-year Data Profile
35019,35,019,"Guadalupe County, New Mexico",38713,20.7,14.0,4413,2022,ACS 2022 5-year Data Profile
35021,35,021,"Harding County, New Mexico",39489,14.3,30.6,671,2022,ACS 2022 5-year Data Profile
35023,35,023,"Hidalgo County, New Mexico",53651,23.2,16.9,4160,2022,ACS 2022 5-year Data Profile
35025,35,025,"Lea County, New Mexico",65855,17.8,14.6,73103,2022,ACS 2022 5-year Data Profile
35027,35,027,"Lincoln County, New Mexico",47919,15.7,24.3,20222,2022,ACS 2022 5-year Data Profile
35028,35,028,"Los Alamos County, New Mexico",135801,3.7,69.7,19253,2022,ACS 2022 5-year Data Profile
35029,35,029,"Luna County, New Mexico",38241,23.3,11.9,25393,2022,ACS 2022 5-year Data Profile
35031,35,031,"McKinley County, New Mexico",44029,33.6,12.4,72073,2022,ACS 2022 5-year Data Profile
35033,35,033,"Mora County, New Mexico",40231,21.7,20.6,4208,2022,ACS 2022 5-year Data Profile
35035,35,035,"Otero County, New Mexico",50833,19.4,21.0,67850,2022,ACS 2022 5-year Data Profile
35037,35,037,"Quay County, New Mexico",38998,24.9,16.0,8641,2022,ACS 2022 5-year Data Profile
35039,35,039,"Rio Arriba County, New Mexico",52031,21.8,18.2,40285,2022,ACS 2022 5-year Data Profile
35041,35,041,"Roosevelt County, New Mexico",52644,20.6,20.4,19142,2022,ACS 2022 5-year Data Profile
35043,35,043,"Sandoval County, New Mexico",76424,10.1,32.1,149460,2022,ACS 2022 5-year Data Profile
35045,35,045,"San Juan County, New Mexico",50734,24.5,15.7,121798,2022,ACS 2022 5-year Data Profile
35047,35,047,"San Miguel County, New Mexico",43490,23.5,23.8,27215,2022,ACS 2022 5-year Data Profile
35049,35,049,"Santa Fe County, New Mexico",70522,12.3,42.2,154481,2022,ACS 2022 5-year Data Profile
35051,35,051,"Sierra County, New Mexico",35256,25.2,19.7,11506,2022,ACS 2022 5-year Data Profile
35053,35,053,"Socorro County, New Mexico",40699,30.5,16.8,16453,2022,ACS 2022 5-year Data Profile
35055,35,055,"Taos County, New Mexico",55145,14.9,34.5,34475,2022,ACS 2022 5-year Data Profile
35057,35,057,"Torrance County, New Mexico",50727,21.3,14.5,15203,2022,ACS 2022 5-year Data Profile
35059,35,059,"Union County, New Mexico",41714,17.8,15.5,4074,2022,ACS 2022 5-year Data Profile
35061,35,061,"Valencia County, New Mexico",56246,17.8,21.1,76613,2022,ACS 2022 5-year Data Profile
36001,36,001,"Albany County, New York",78829,12.5,44.4,315041,2022,ACS 2022 5-year Data Profile
36003,36,003,"Allegany County, New York",58725,17.1,24.5,47222,2022,ACS 2022 5-year Data Profile
36005,36,005,"Bronx County, New York",47036,26.9,21.2,1443229,2022,ACS 2022 5-year Data Profile
36007,36,007,"Broome County, New York",58317,19.1,29.8,198365,2022,ACS 2022 5-year Data Profile
36009,36,009,"Cattaraugus County, New York",56889,17.4,20.2,77000,2022,ACS 2022 5-year Data Profile
36011,36,011,"Cayuga County, New York",63227,13.5,23.0,76171,2022,ACS 2022 5-year Data Profile
36013,36,013,"Chautauqua County, New York",54625,17.5,24.3,127440,2022,ACS 2022 5-year Data Profile
36015,36,015,"Chemung County, New York",61358,15.2,24.6,83584,2022,ACS 2022 5-year Data Profile
36017,36,017,"Chenango County, New York",61741,12.4,18.3,47096,2022,ACS 2022 5-year Data Profile
36019,36,019,"Clinton County, New York",67097,13.0,27.2,79839,2022,ACS 2022 5-year Data Profile
36021,36,021,"Columbia County, New York",81741,10.3,36.4,61469,2022,ACS 2022 5-year Data Profile
36023,36,023,"Cortland County, New York",65029,12.9,27.8,46755,2022,ACS 2022 5-year Data Profile
36025,36,025,"Delaware County, New York",58338,14.8,25.0,44637,2022,ACS 2022 5-year Data Profile
36027,36,027,"Dutchess County, New York",94578,8.6,39.0,296467,2022,ACS 2022 5-year Data Profile
36029,36,029,"Erie County, New York",68014,13.8,36.4,951232,2022,ACS 2022 5-year Data Profile
36031,36,031,"Essex County, New York",68090,10.4,31.2,37314,2022,ACS 2022 5-year Data Profile
36033,36,033,"Franklin County, New York",60270,17.9,22.1,47459,2022,ACS 2022 5-year Data Profile
36035,36,035,"Fulton County, New York",60557,13.9,19.3,53280,2022,ACS 2022 5-year Data Profile
36037,36,037,"Genesee County, New York",68178,10.4,23.2,58204,2022,ACS 2022 5-year Data Profile
36039,36,039,"Greene County, New York",70294,10.4,27.6,48067,2022,ACS 2022 5-year Data Profile
36041,36,041,"Hamilton County, New York",66891,10.7,23.4,5090,2022,ACS 2022 5-year Data Profile
36043,36,043,"Herkimer County, New York",68104,12.1,22.4,60293,2022,ACS 2022 5-year Data Profile
36045,36,045,"Jefferson County, New York",62782,12.8,25.2,117445,2022,ACS 2022 5-year Data Profile
36047,36,047,"Kings County, New York",74692,19.0,40.4,2679620,2022,ACS 2022 5-year Data Profile
36049,36,049,"Lewis County, New York",64401,13.1,19.2,26690,2022,ACS 2022 5-year Data Profile
36051,36,051,"Livingston County, New York",70443,11.7,29.5,61980,2022,ACS 2022 5-year Data Profile
36053,36,053,"Madison County, New York",68869,9.5,26.9,68020,2022,ACS 2022 5-year Data Profile
36055,36,055,"Monroe County, New York",71450,13.4,40.5,756406,2022,ACS 2022 5-year Data Profile
36057,36,057,"Montgomery County, New York",58033,15.1,19.8,49624,2022,ACS 2022 5-year Data Profile
36059,36,059,"Nassau County, New York",137709,5.4,48.2,1389160,2022,ACS 2022 5-year Data Profile
36061,36,061,"New York County, New York",99880,15.8,62.8,1645867,2022,ACS 2022 5-year Data Profile
36063,36,063,"Niagara County, New York",65882,13.0,27.0,212230,2022,ACS 2022 5-year Data Profile
36065,36,065,"Oneida County, New York",66402,14.4,27.3,231055,2022,ACS 2022 5-year Data Profile
36067,36,067,"Onondaga County, New York",71479,13.9,36.9,472637,2022,ACS 2022 5-year Data Profile
36069,36,069,"Ontario County, New York",76603,9.0,37.2,112288,2022,ACS 2022 5-year Data Profile
36071,36,071,"Orange County, New York",91806,13.0,31.6,401237,2022,ACS 2022 5-year Data Profile
36073,36,073,"Orleans County, New York",61069,12.6,17.8,40148,2022,ACS 2022 5-year Data Profile
36075,36,075,"Oswego County, New York",65054,17.1,21.4,118037,2022,ACS 2022 5-year Data Profile
36077,36,077,"Otsego County, New York",65778,13.0,33.7,59678,2022,ACS 2022 5-year Data Profile
36079,36,079,"Putnam County, New York",120970,6.3,42.8,97942,2022,ACS 2022 5-year Data Profile
36081,36,081,"Queens County, New York",82431,11.7,34.8,2360826,2022,ACS 2022 5-year Data Profile
36083,36,083,"Rensselaer County, New York",83734,11.5,35.4,160943,2022,ACS 2022 5-year Data Profile
36085,36,085,"Richmond County, New York",96185,10.4,35.3,492925,2022,ACS 2022 5-year Data Profile
36087,36,087,"Rockland County, New York",106173,15.1,42.5,337326,2022,ACS 2022 5-year Data Profile
36089,36,089,"St. Lawrence County, New York",58339,17.0,23.5,108670,2022,ACS 2022 5-year Data Profile
36091,36,091,"Saratoga County, New York",97038,6.6,43.4,236328,2022,ACS 2022 5-year Data Profile
36093,36,093,"Schenectady County, New York",75056,11.6,34.2,159447,2022,ACS 2022 5-year Data Profile
36095,36,095,"Schoharie County, New York",71479,10.1,25.0,29970,2022,ACS 2022 5-year Data Profile
36097,36,097,"Schuyler County, New York",61316,15.8,24.5,17855,2022,ACS 2022 5-year Data Profile
36099,36,099,"Seneca County, New York",64050,13.1,22.1,33651,2022,ACS 2022 5-year Data Profile
36101,36,101,"Steuben County, New York",62506,13.4,25.9,93584,2022,ACS 2022 5-year Data Profile
36103,36,103,"Suffolk County, New York",122498,6.5,39.0,1524486,2022,ACS 2022 5-year Data Profile
36105,36,105,"Sullivan County, New York",67841,14.8,27.8,78725,2022,ACS 2022 5-year Data Profile
36107,36,107,"Tioga County, New York",70427,10.2,26.3,48344,2022,ACS 2022 5-year Data Profile
36109,36,109,"Tompkins County, New York",69995,16.0,57.5,102555,2022,ACS 2022 5-year Data Profile
36111,36,111,"Ulster County, New York",77197,14.7,35.6,182153,2022,ACS 2022 5-year Data Profile
36113,36,113,"Warren County, New York",74531,8.6,33.8,65684,2022,ACS 2022 5-year Data Profile
36115,36,115,"Washington County, New York",68703,11.4,21.1,61310,2022,ACS 2022 5-year Data Profile
36117,36,117,"Wayne County, New York",71007,11.0,25.0,91324,2022,ACS 2022 5-year Data Profile
36119,36,119,"Westchester County, New York",114651,8.5,51.8,997904,2022,ACS 2022 5-year Data Profile
36121,36,121,"Wyoming County, New York",65066,10.7,18.2,40338,2022,ACS 2022 5-year Data Profile
36123,36,123,"Yates County, New York",63974,14.2,24.0,24713,2022,ACS 2022 5-year Data Profile
37001,37,001,"Alamance County, North Carolina",60866,14.2,27.3,171779,2022,ACS 2022 5-year Data Profile
37003,37,003,"Alexander County, North Carolina",62764,12.2,15.3,36505,2022,ACS 2022 5-year Data Profile
37005,37,005,"Alleghany County, North Carolina",42115,19.5,20.7,10989,2022,ACS 2022 5-year Data Profile
37007,37,007,"Anson County, North Carolina",42000,19.3,11.4,22200,2022,ACS 2022 5-year Data Profile
37009,37,009,"Ashe County, North Carolina",49176,14.1,20.8,26759,2022,ACS 2022 5-year Data Profile
37011,37,011,"Avery County, North Carolina",53513,11.2,22.3,17679,2022,ACS 2022 5-year Data Profile
37013,37,013,"Beaufort County, North Carolina",56081,17.1,19.5,44711,2022,ACS 2022 5-year Data Profile
37015,37,015,"Bertie County, North Carolina",41652,21.4,16.6,17818,2022,ACS 2022 5-year Data Profile
37017,37,017,"Bladen County, North Carolina",40476,24.4,20.3,29807,2022,ACS 2022 5-year Data Profile
37019,37,019,"Brunswick County, North Carolina",71193,9.1,32.4,139721,2022,ACS 2022 5-year Data Profile
37021,37,021,"Buncombe County, North Carolina",66531,11.2,43.0,269449,2022,ACS 2022 5-year Data Profile
37023,37,023,"Burke County, North Carolina",53732,17.0,19.8,87799,2022,ACS 2022 5-year Data Profile
37025,37,025,"Cabarrus County, North Carolina",83828,8.4,36.5,226396,2022,ACS 2022 5-year Data Profile
37027,37,027,"Caldwell County, North Carolina",52362,13.3,17.2,80716,2022,ACS 2022 5-year Data Profile
37029,37,029,"Camden County, North Carolina",79120,5.9,24.3,10547,2022,ACS 2022 5-year Data Profile
37031,37,031,"Carteret County, North Carolina",66965,9.7,31.9,68353,2022,ACS 2022 5-year Data Profile
37033,37,033,"Caswell County, North Carolina",56999,15.4,15.4,22747,2022,ACS 2022 5-year Data Profile
37035,37,035,"Catawba County, North Carolina",62070,13.0,24.8,161011,2022,ACS 2022 5-year Data Profile
37037,37,037,"Chatham County, North Carolina",84222,10.4,46.5,76754,2022,ACS 2022 5-year Data Profile
37039,37,039,"Cherokee County, North Carolina",49254,16.7,23.6,28868,2022,ACS 2022 5-year Data Profile
37041,37,041,"Chowan County, North Carolina",51188,20.9,24.2,13835,2022,ACS 2022 5-year Data Profile
37043,37,043,"Clay County, North Carolina",57065,13.5,28.8,11186,2022,ACS 2022 5-year Data Profile
37045,37,045,"Cleveland County, North Carolina",50723,18.4,19.4,99527,2022,ACS 2022 5-year Data Profile
37047,37,047,"Columbus County, North Carolina",43206,21.1,14.5,50827,2022,ACS 2022 5-year Data Profile
37049,37,049,"Craven County, North Carolina",61676,14.0,25.7,101098,2022,ACS 2022 5-year Data Profile
37051,37,051,"Cumberland County, North Carolina",55551,17.6,26.9,335207,2022,ACS 2022 5-year Data Profile
37053,37,053,"Currituck County, North Carolina",82793,8.5,27.1,28616,2022,ACS 2022 5-year Data Profile
37055,37,055,"Dare County, North Carolina",79742,6.5,42.5,37160,2022,ACS 2022 5-year Data Profile
37057,37,057,"Davidson County, North Carolina",58473,13.9,20.5,169498,2022,ACS 2022 5-year Data Profile
37059,37,059,"Davie County, North Carolina",69105,11.6,26.2,43030,2022,ACS 2022 5-year Data Profile
37061,37,061,"Duplin County, North Carolina",49376,18.5,15.9,49312,2022,ACS 2022 5-year Data Profile
37063,37,063,"Durham County, North Carolina",74927,12.3,51.9,325101,2022,ACS 2022 5-year Data Profile
37065,37,065,"Edgecombe County, North Carolina",46370,22.0,17.7,49067,2022,ACS 2022 5-year Data Profile
37067,37,067,"Forsyth County, North Carolina",61229,15.2,35.3,383739,2022,ACS 2022 5-year Data Profile
37069,37,069,"Franklin County, North Carolina",70493,9.7,23.7,69680,2022,ACS 2022 5-year Data Profile
37071,37,071,"Gaston County, North Carolina",62628,12.4,25.0,228972,2022,ACS 2022 5-year Data Profile
37073,37,073,"Gates County, North Carolina",55750,14.3,8.9,10509,2022,ACS 2022 5-year Data Profile
37075,37,075,"Graham County, North Carolina",46010,11.3,13.8,8047,2022,ACS 2022 5-year Data Profile
37077,37,077,"Granville County, North Carolina",68079,14.4,23.7,61161,2022,ACS 2022 5-year Data Profile
37079,37,079,"Greene County, North Carolina",50320,22.6,11.5,20407,2022,ACS 2022 5-year Data Profile
37081,37,081,"Guilford County, North Carolina",62880,15.1,37.9,539557,2022,ACS 2022 5-year Data Profile
37083,37,083,"Halifax County, North Carolina",41629,23.9,15.7,48772,2022,ACS 2022 5-year Data Profile
37085,37,085,"Harnett County, North Carolina",64992,14.4,22.8,134718,2022,ACS 2022 5-year Data Profile
37087,37,087,"Haywood County, North Carolina",56596,12.1,28.7,62152,2022,ACS 2022 5-year Data Profile
37089,37,089,"Henderson County, North Carolina",65508,11.4,34.0,116469,2022,ACS 2022 5-year Data Profile
37091,37,091,"Hertford County, North Carolina",46196,20.3,16.0,21633,2022,ACS 2022 5-year Data Profile
37093,37,093,"Hoke County, North Carolina",57141,17.3,20.2,52612,2022,ACS 2022 5-year Data Profile
37095,37,095,"Hyde County, North Carolina",43724,29.9,14.2,4636,2022,ACS 2022 5-year Data Profile
37097,37,097,"Iredell County, North Carolina",73103,9.4,32.7,187839,2022,ACS 2022 5-year Data Profile
37099,37,099,"Jackson County, North Carolina",51482,19.3,29.8,42388,2022,ACS 2022 5-year Data Profile
37101,37,101,"Johnston County, North Carolina",75288,10.7,26.2,219042,2022,ACS 2022 5-year Data Profile
37103,37,103,"Jones County, North Carolina",53053,17.7,15.7,9263,2022,ACS 2022 5-year Data Profile
37105,37,105,"Lee County, North Carolina",60941,16.0,21.0,63560,2022,ACS 2022 5-year Data Profile
37107,37,107,"Lenoir County, North Carolina",43063,22.4,15.0,55071,2022,ACS 2022 5-year Data Profile
37109,37,109,"Lincoln County, North Carolina",75672,9.3,26.1,87933,2022,ACS 2022 5-year Data Profile
37111,37,111,"McDowell County, North Carolina",53532,14.9,18.0,44629,2022,ACS 2022 5-year Data Profile
37113,37,113,"Macon County, North Carolina",51042,15.4,24.5,37088,2022,ACS 2022 5-year Data Profile
37115,37,115,"Madison County, North Carolina",56664,12.5,32.2,21414,2022,ACS 2022 5-year Data Profile
37117,37,117,"Martin County, North Carolina",44799,20.5,15.5,21992,2022,ACS 2022 5-year Data Profile
37119,37,119,"Mecklenburg County, North Carolina",79265,10.5,47.8,1115403,2022,ACS 2022 5-year Data Profile
37121,37,121,"Mitchell County, North Carolina",55534,13.4,22.0,14989,2022,ACS 2022 5-year Data Profile
37123,37,123,"Montgomery County, North Carolina",55523,16.2,19.7,25839,2022,ACS 2022 5-year Data Profile
37125,37,125,"Moore County, North Carolina",77981,9.5,39.9,100759,2022,ACS 2022 5-year Data Profile
37127,37,127,"Nash County, North Carolina",56770,14.5,21.9,95015,2022,ACS 2022 5-year Data Profile
37129,37,129,"New Hanover County, North Carolina",67515,12.7,43.4,228134,2022,ACS 2022 5-year Data Profile
37131,37,131,"Northampton County, North Carolina",45698,18.7,17.8,17528,2022,ACS 2022 5-year Data Profile
37133,37,133,"Onslow County, North Carolina",59976,12.8,25.7,203686,2022,ACS 2022 5-year Data Profile
37135,37,135,"Orange County, North Carolina",85785,12.3,61.7,145919,2022,ACS 2022 5-year Data Profile
37137,37,137,"Pamlico County, North Carolina",55867,13.8,24.5,12317,2022,ACS 2022 5-year Data Profile
37139,37,139,"Pasquotank County, North Carolina",61411,11.6,26.1,40454,2022,ACS 2022 5-year Data Profile
37141,37,141,"Pender County, North Carolina",74538,11.7,28.6,61592,2022,ACS 2022 5-year Data Profile
37143,37,143,"Perquimans County, North Carolina",59401,13.3,19.6,13053,2022,ACS 2022 5-year Data Profile
37145,37,145,"Person County, North Carolina",60688,17.2,17.5,39131,2022,ACS 2022 5-year Data Profile
37147,37,147,"Pitt County, North Carolina",54915,20.0,33.1,171196,2022,ACS 2022 5-year Data Profile
37149,37,149,"Polk County, North Carolina",60465,11.0,33.3,19538,2022,ACS 2022 5-year Data Profile
37151,37,151,"Randolph County, North Carolina",56423,14.7,16.8,144403,2022,ACS 2022 5-year Data Profile
37153,37,153,"Richmond County, North Carolina",42354,23.0,17.2,43149,2022,ACS 2022 5-year Data Profile
37155,37,155,"Robeson County, North Carolina",39393,27.1,14.6,117573,2022,ACS 2022 5-year Data Profile
37157,37,157,"Rockingham County, North Carolina",50737,18.8,15.4,91209,2022,ACS 2022 5-year Data Profile
37159,37,159,"Rowan County, North Carolina",59717,16.4,20.6,147067,2022,ACS 2022 5-year Data Profile
37161,37,161,"Rutherford County, North Carolina",50512,18.4,19.8,64680,2022,ACS 2022 5-year Data Profile
37163,37,163,"Sampson County, North Carolina",49963,22.3,14.9,59317,2022,ACS 2022 5-year Data Profile
37165,37,165,"Scotland County, North Carolina",41948,26.1,14.5,34222,2022,ACS 2022 5-year Data Profile
37167,37,167,"Stanly County, North Carolina",60634,13.8,18.7,62723,2022,ACS 2022 5-year Data Profile
37169,37,169,"Stokes County, North Carolina",57539,12.0,16.1,44696,2022,ACS 2022 5-year Data Profile
37171,37,171,"Surry County, North Carolina",52743,17.9,18.2,71429,2022,ACS 2022 5-year Data Profile
37173,37,173,"Swain County, North Carolina",52818,19.8,21.1,14130,2022,ACS 2022 5-year Data Profile
37175,37,175,"Transylvania County, North Carolina",62056,13.4,37.1,33131,2022,ACS 2022 5-year Data Profile
37177,37,177,"Tyrrell County, North Carolina",55341,16.0,12.2,3389,2022,ACS 2022 5-year Data Profile
37179,37,179,"Union County, North Carolina",95533,6.8,38.4,240109,2022,ACS 2022 5-year Data Profile
37181,37,181,"Vance County, North Carolina",48340,18.7,17.8,42492,2022,ACS 2022 5-year Data Profile
37183,37,183,"Wake County, North Carolina",96734,8.2,55.7,1132103,2022,ACS 2022 5-year Data Profile
37185,37,185,"Warren County, North Carolina",42282,21.2,17.3,18803,2022,ACS 2022 5-year Data Profile
37187,37,187,"Washington County, North Carolina",38927,21.6,14.1,11051,2022,ACS 2022 5-year Data Profile
37189,37,189,"Watauga County, North Carolina",50034,24.9,44.5,54540,2022,ACS 2022 5-year Data Profile
37191,37,191,"Wayne County, North Carolina",54323,17.9,20.0,117480,2022,ACS 2022 5-year Data Profile
37193,37,193,"Wilkes County, North Carolina",49119,17.1,16.4,66125,2022,ACS 2022 5-year Data Profile
37195,37,195,"Wilson County, North Carolina",49827,20.4,20.5,78667,2022,ACS 2022 5-year Data Profile
37197,37,197,"Yadkin County, North Carolina",57486,13.8,14.1,37280,2022,ACS 2022 5-year Data Profile
37199,37,199,"Yancey County, North Carolina",53103,15.3,22.4,18538,2022,ACS 2022 5-year Data Profile
38001,38,001,"Adams County, North Dakota",57950,13.4,20.4,2190,2022,ACS 2022 5-year Data Profile
38003,38,003,"Barnes County, North Dakota",64447,13.0,28.7,10826,2022,ACS 2022 5-year Data Profile
38005,38,005,"Benson County, North Dakota",63220,27.2,20.6,5960,2022,ACS 2022 5-year Data Profile
38007,38,007,"Billings County, North Dakota",74000,11.1,28.9,839,2022,ACS 2022 5-year Data Profile
38009,38,009,"Bottineau County, North Dakota",80113,8.2,26.3,6411,2022,ACS 2022 5-year Data Profile
38011,38,011,"Bowman County, North Dakota",79709,10.7,21.8,2975,2022,ACS 2022 5-year Data Profile
38013,38,013,"Burke County, North Dakota",94583,6.5,24.7,2184,2022,ACS 2022 5-year Data Profile
38015,38,015,"Burleigh County, North Dakota",82141,7.9,37.3,98443,2022,ACS 2022 5-year Data Profile
38017,38,017,"Cass County, North Dakota",73249,10.8,42.6,186328,2022,ACS 2022 5-year Data Profile
38019,38,019,"Cavalier County, North Dakota",61174,10.0,23.6,3691,2022,ACS 2022 5-year Data Profile
38021,38,021,"Dickey County, North Dakota",60250,9.2,26.7,5003,2022,ACS 2022 5-year Data Profile
38023,38,023,"Divide County, North Dakota",95938,6.6,21.3,2195,2022,ACS 2022 5-year Data Profile
38025,38,025,"Dunn County, North Dakota",91758,6.8,19.0,4049,2022,ACS 2022 5-year Data Profile
38027,38,027,"Eddy County, North Dakota",50375,12.3,26.9,2345,2022,ACS 2022 5-year Data Profile
38029,38,029,"Emmons County, North Dakota",63750,6.7,18.1,3297,2022,ACS 2022 5-year Data Profile
38031,38,031,"Foster County, North Dakota",78426,8.3,22.4,3388,2022,ACS 2022 5-year Data Profile
38033,38,033,"Golden Valley County, North Dakota",84750,12.6,23.6,1734,2022,ACS 2022 5-year Data Profile
38035,38,035,"Grand Forks County, North Dakota",64698,14.2,36.7,72927,2022,ACS 2022 5-year Data Profile
38037,38,037,"Grant County, North Dakota",57069,15.4,21.1,2320,2022,ACS 2022 5-year Data Profile
38039,38,039,"Griggs County, North Dakota",66688,6.5,26.7,2309,2022,ACS 2022 5-year Data Profile
38041,38,041,"Hettinger County, North Dakota",66797,10.2,17.7,2477,2022,ACS 2022 5-year Data Profile
38043,38,043,"Kidder County, North Dakota",57240,12.8,18.7,2391,2022,ACS 2022 5-year Data Profile
38045,38,045,"LaMoure County, North Dakota",70227,12.2,25.3,4135,2022,ACS 2022 5-year Data Profile
38047,38,047,"Logan County, North Dakota",59750,8.2,24.3,1849,2022,ACS 2022 5-year Data Profile
38049,38,049,"McHenry County, North Dakota",78071,10.3,19.4,5326,2022,ACS 2022 5-year Data Profile
38051,38,051,"McIntosh County, North Dakota",64375,13.6,16.7,2529,2022,ACS 2022 5-year Data Profile
38053,38,053,"McKenzie County, North Dakota",83813,13.4,24.6,14081,2022,ACS 2022 5-year Data Profile
38055,38,055,"McLean County, North Dakota",80556,6.9,22.2,9781,2022,ACS 2022 5-year Data Profile
38057,38,057,"Mercer County, North Dakota",82155,9.6,19.9,8366,2022,ACS 2022 5-year Data Profile
38059,38,059,"Morton County, North Dakota",79555,8.1,26.7,33192,2022,ACS 2022 5-year Data Profile
38061,38,061,"Mountrail County, North Dakota",81886,12.4,22.7,9648,2022,ACS 2022 5-year Data Profile
38063,38,063,"Nelson County, North Dakota",62219,10.8,28.6,3025,2022,ACS 2022 5-year Data Profile
38065,38,065,"Oliver County, North Dakota",69722,11.5,21.6,1832,2022,ACS 2022 5-year Data Profile
38067,38,067,"Pembina County, North Dakota",64243,9.2,21.9,6853,2022,ACS 2022 5-year Data Profile
38069,38,069,"Pierce County, North Dakota",59583,11.2,29.4,3999,2022,ACS 2022 5-year Data Profile
38071,38,071,"Ramsey County, North Dakota",61490,15.8,25.5,11613,2022,ACS 2022 5-year Data Profile
38073,38,073,"Ransom County, North Dakota",71462,9.9,21.2,5663,2022,ACS 2022 5-year Data Profile
38075,38,075,"Renville County, North Dakota",77067,6.4,22.8,2282,2022,ACS 2022 5-year Data Profile
38077,38,077,"Richland County, North Dakota",67089,11.2,24.0,16548,2022,ACS 2022 5-year Data Profile
38079,38,079,"Rolette County, North Dakota",53806,24.9,16.2,12292,2022,ACS 2022 5-year Data Profile
38081,38,081,"Sargent County, North Dakota",75648,6.2,18.4,3828,2022,ACS 2022 5-year Data Profile
38083,38,083,"Sheridan County, North Dakota",68684,6.9,14.3,1338,2022,ACS 2022 5-year Data Profile
38085,38,085,"Sioux County, North Dakota",41201,39.7,11.5,3896,2022,ACS 2022 5-year Data Profile
38087,38,087,"Slope County, North Dakota",70625,4.7,22.8,837,2022,ACS 2022 5-year Data Profile
38089,38,089,"Stark County, North Dakota",78734,10.1,25.2,32989,2022,ACS 2022 5-year Data Profile
38091,38,091,"Steele County, North Dakota",85750,13.0,30.0,1774,2022,ACS 2022 5-year Data Profile
38093,38,093,"Stutsman County, North Dakota",59167,13.1,24.5,21609,2022,ACS 2022 5-year Data Profile
38095,38,095,"Towner County, North Dakota",61250,13.7,17.1,2152,2022,ACS 2022 5-year Data Profile
38097,38,097,"Traill County, North Dakota",81157,6.6,30.6,8004,2022,ACS 2022 5-year Data Profile
38099,38,099,"Walsh County, North Dakota",68082,9.7,17.9,10553,2022,ACS 2022 5-year Data Profile
38101,38,101,"Ward County, North Dakota",78143,9.0,29.4,69532,2022,ACS 2022 5-year Data Profile
38103,38,103,"Wells County, North Dakota",59732,10.8,21.6,3990,2022,ACS 2022 5-year Data Profile
38105,38,105,"Williams County, North Dakota",86139,7.4,24.5,39076,2022,ACS 2022 5-year Data Profile
39001,39,001,"Adams County, Ohio",46234,19.6,15.2,27509,2022,ACS 2022 5-year Data Profile
39003,39,003,"Allen County, Ohio",58976,12.3,19.1,102087,2022,ACS 2022 5-year Data Profile
39005,39,005,"Ashland County, Ohio",62254,11.7,21.9,52522,2022,ACS 2022 5-year Data Profile
39007,39,007,"Ashtabula County, Ohio",53663,18.0,15.7,97666,2022,ACS 2022 5-year Data Profile
39009,39,009,"Athens County, Ohio",48750,24.4,34.3,61276,2022,ACS 2022 5-year Data Profile
39011,39,011,"Auglaize County, Ohio",75231,6.6,20.7,46263,2022,ACS 2022 5-year Data Profile
39013,39,013,"Belmont County, Ohio",56943,14.0,17.4,66554,2022,ACS 2022 5-year Data Profile
39015,39,015,"Brown County, Ohio",66677,15.9,14.5,43715,2022,ACS 2022 5-year Data Profile
39017,39,017,"Butler County, Ohio",77062,11.8,31.9,388327,2022,ACS 2022 5-year Data Profile
39019,39,019,"Carroll County, Ohio",59872,12.2,13.5,26761,2022,ACS 2022 5-year Data Profile
39021,39,021,"Champaign County, Ohio",70486,9.2,18.1,38715,2022,ACS 2022 5-year Data Profile
39023,39,023,"Clark County, Ohio",58954,15.6,18.6,135877,2022,ACS 2022 5-year Data Profile
39025,39,025,"Clermont County, Ohio",79573,8.4,30.2,208851,2022,ACS 2022 5-year Data Profile
39027,39,027,"Clinton County, Ohio",64210,14.5,20.6,42077,2022,ACS 2022 5-year Data Profile
39029,39,029,"Columbiana County, Ohio",55473,13.2,16.5,101723,2022,ACS 2022 5-year Data Profile
39031,39,031,"Coshocton County, Ohio",52048,18.9,16.5,36629,2022,ACS 2022 5-year Data Profile
39033,39,033,"Crawford County, Ohio",52486,14.1,14.8,41861,2022,ACS 2022 5-year Data Profile
39035,39,035,"Cuyahoga County, Ohio",60074,16.5,35.2,1256620,2022,ACS 2022 5-year Data Profile
39037,39,037,"Darke County, Ohio",60237,11.0,16.3,51751,2022,ACS 2022 5-year Data Profile
39039,39,039,"Defiance County, Ohio",69302,10.5,18.9,38300,2022,ACS 2022 5-year Data Profile
39041,39,041,"Delaware County, Ohio",123995,4.5,57.4,216074,2022,ACS 2022 5-year Data Profile
39043,39,043,"Erie County, Ohio",65171,11.5,26.5,75299,2022,ACS 2022 5-year Data Profile
39045,39,045,"Fairfield County, Ohio",82969,8.7,31.1,159371,2022,ACS 2022 5-year Data Profile
39047,39,047,"Fayette County, Ohio",56773,15.8,13.7,28901,2022,ACS 2022 5-year Data Profile
39049,39,049,"Franklin County, Ohio",71070,14.5,41.7,1318149,2022,ACS 2022 5-year Data Profile
39051,39,051,"Fulton County, Ohio",71453,8.5,18.3,42602,2022,ACS 2022 5-year Data Profile
39053,39,053,"Gallia County, Ohio",55533,17.2,18.2,29276,2022,ACS 2022 5-year Data Profile
39055,39,055,"Geauga County, Ohio",97162,5.8,39.4,95455,2022,ACS 2022 5-year Data Profile
39057,39,057,"Greene County, Ohio",81243,10.6,41.2,167567,2022,ACS 2022 5-year Data Profile
39059,39,059,"Guernsey County, Ohio",53901,17.0,14.9,38409,2022,ACS 2022 5-year Data Profile
39061,39,061,"Hamilton County, Ohio",68249,14.9,40.3,827671,2022,ACS 2022 5-year Data Profile
39063,39,063,"Hancock County, Ohio",67006,10.5,28.5,75072,2022,ACS 2022 5-year Data Profile
39065,39,065,"Hardin County, Ohio",55876,18.2,18.5,30622,2022,ACS 2022 5-year Data Profile
39067,39,067,"Harrison County, Ohio",54056,15.4,11.7,14528,2022,ACS 2022 5-year Data Profile
39069,39,069,"Henry County, Ohio",71616,9.5,18.1,27601,2022,ACS 2022 5-year Data Profile
39071,39,071,"Highland County, Ohio",60522,14.8,15.2,43285,2022,ACS 2022 5-year Data Profile
39073,39,073,"Hocking County, Ohio",59007,16.6,14.7,28104,2022,ACS 2022 5-year Data Profile
39075,39,075,"Holmes County, Ohio",72987,8.9,11.1,44273,2022,ACS 2022 5-year Data Profile
39077,39,077,"Huron County, Ohio",64144,11.0,15.5,58518,2022,ACS 2022 5-year Data Profile
39079,39,079,"Jackson County, Ohio",56549,17.4,15.9,32563,2022,ACS 2022 5-year Data Profile
39081,39,081,"Jefferson County, Ohio",53124,18.2,19.5,65280,2022,ACS 2022 5-year Data Profile
39083,39,083,"Knox County, Ohio",71246,12.9,23.7,62657,2022,ACS 2022 5-year Data Profile
39085,39,085,"Lake County, Ohio",76835,7.6,29.9,232236,2022,ACS 2022 5-year Data Profile
39087,39,087,"Lawrence County, Ohio",51846,17.9,18.2,57994,2022,ACS 2022 5-year Data Profile
39089,39,089,"Licking County, Ohio",78505,9.8,29.5,178844,2022,ACS 2022 5-year Data Profile
39091,39,091,"Logan County, Ohio",69125,10.9,18.9,46098,2022,ACS 2022 5-year Data Profile
39093,39,093,"Lorain County, Ohio",67272,13.5,27.2,313101,2022,ACS 2022 5-year Data Profile
39095,39,095,"Lucas County, Ohio",57265,17.8,28.0,430014,2022,ACS 2022 5-year Data Profile
39097,39,097,"Madison County, Ohio",77062,10.2,20.4,43961,2022,ACS 2022 5-year Data Profile
39099,39,099,"Mahoning County, Ohio",54279,17.6,26.2,227979,2022,ACS 2022 5-year Data Profile
39101,39,101,"Marion County, Ohio",55106,16.1,13.5,65366,2022,ACS 2022 5-year Data Profile
39103,39,103,"Medina County, Ohio",89968,6.0,35.9,182347,2022,ACS 2022 5-year Data Profile
39105,39,105,"Meigs County, Ohio",46255,19.6,11.5,22242,2022,ACS 2022 5-year Data Profile
39107,39,107,"Mercer County, Ohio",73278,6.4,20.4,42321,2022,ACS 2022 5-year Data Profile
39109,39,109,"Miami County, Ohio",71440,8.5,24.7,108818,2022,ACS 2022 5-year Data Profile
39111,39,111,"Monroe County, Ohio",55381,13.9,10.7,13401,2022,ACS 2022 5-year Data Profile
39113,39,113,"Montgomery County, Ohio",61942,15.1,30.0,536121,2022,ACS 2022 5-year Data Profile
39115,39,115,"Morgan County, Ohio",51056,16.6,11.2,13851,2022,ACS 2022 5-year Data Profile
39117,39,117,"Morrow County, Ohio",70412,10.6,16.9,35049,2022,ACS 2022 5-year Data Profile
39119,39,119,"Muskingum County, Ohio",56810,15.6,19.3,86393,2022,ACS 2022 5-year Data Profile
39121,39,121,"Noble County, Ohio",51547,16.6,13.1,14216,2022,ACS 2022 5-year Data Profile
39123,39,123,"Ottawa County, Ohio",69515,8.8,26.9,40367,2022,ACS 2022 5-year Data Profile
39125,39,125,"Paulding County, Ohio",65331,9.4,15.4,18827,2022,ACS 2022 5-year Data Profile
39127,39,127,"Perry County, Ohio",62899,15.3,14.8,35451,2022,ACS 2022 5-year Data Profile
39129,39,129,"Pickaway County, Ohio",67600,12.5,19.6,58809,2022,ACS 2022 5-year Data Profile
39131,39,131,"Pike County, Ohio",50832,19.8,14.0,27151,2022,ACS 2022 5-year Data Profile
39133,39,133,"Portage County, Ohio",69796,11.3,31.7,161217,2022,ACS 2022 5-year Data Profile
39135,39,135,"Preble County, Ohio",66355,10.3,18.8,40929,2022,ACS 2022 5-year Data Profile
39137,39,137,"Putnam County, Ohio",79453,6.6,25.9,34400,2022,ACS 2022 5-year Data Profile
39139,39,139,"Richland County, Ohio",56557,13.9,17.8,125008,2022,ACS 2022 5-year Data Profile
39141,39,141,"Ross County, Ohio",58048,16.1,16.5,76957,2022,ACS 2022 5-year Data Profile
39143,39,143,"Sandusky County, Ohio",60814,13.0,18.3,58885,2022,ACS 2022 5-year Data Profile
39145,39,145,"Scioto County, Ohio",46360,23.8,17.6,73716,2022,ACS 2022 5-year Data Profile
39147,39,147,"Seneca County, Ohio",62476,11.6,18.9,55062,2022,ACS 2022 5-year Data Profile
39149,39,149,"Shelby County, Ohio",73502,10.9,20.7,48145,2022,ACS 2022 5-year Data Profile
39151,39,151,"Stark County, Ohio",63130,13.2,24.1,374199,2022,ACS 2022 5-year Data Profile
39153,39,153,"Summit County, Ohio",68360,12.4,34.6,539361,2022,ACS 2022 5-year Data Profile
39155,39,155,"Trumbull County, Ohio",53537,17.1,20.0,201749,2022,ACS 2022 5-year Data Profile
39157,39,157,"Tuscarawas County, Ohio",61953,12.5,19.7,92840,2022,ACS 2022 5-year Data Profile
39159,39,159,"Union County, Ohio",104496,5.2,39.3,63411,2022,ACS 2022 5-year Data Profile
39161,39,161,"Van Wert County, Ohio",64841,8.4,17.2,28833,2022,ACS 2022 5-year Data Profile
39163,39,163,"Vinton County, Ohio",50967,19.1,15.4,12790,2022,ACS 2022 5-year Data Profile
39165,39,165,"Warren County, Ohio",103128,5.1,44.7,243189,2022,ACS 2022 5-year Data Profile
39167,39,167,"Washington County, Ohio",59053,14.1,20.5,59639,2022,ACS 2022 5-year Data Profile
39169,39,169,"Wayne County, Ohio",70320,8.8,24.0,116680,2022,ACS 2022 5-year Data Profile
39171,39,171,"Williams County, Ohio",60632,11.2,14.4,36973,2022,ACS 2022 5-year Data Profile
39173,39,173,"Wood County, Ohio",70537,12.9,37.5,131564,2022,ACS 2022 5-year Data Profile
39175,39,175,"Wyandot County, Ohio",68552,6.9,21.2,21818,2022,ACS 2022 5-year Data Profile
40001,40,001,"Adair County, Oklahoma",44955,22.3,10.9,19726,2022,ACS 2022 5-year Data Profile
40003,40,003,"Alfalfa County, Oklahoma",75028,11.8,20.7,5683,2022,ACS 2022 5-year Data Profile
40005,40,005,"Atoka County, Oklahoma",49181,18.2,14.8,14117,2022,ACS 2022 5-year Data Profile
40007,40,007,"Beaver County, Oklahoma",62981,7.1,22.7,5071,2022,ACS 2022 5-year Data Profile
40009,40,009,"Beckham County, Oklahoma",51499,21.9,15.2,22295,2022,ACS 2022 5-year Data Profile
40011,40,011,"Blaine County, Oklahoma",56843,13.7,17.8,8661,2022,ACS 2022 5-year Data Profile
40013,40,013,"Bryan County, Oklahoma",54289,16.3,23.8,46528,2022,ACS 2022 5-year Data Profile
40015,40,015,"Caddo County, Oklahoma",52443,18.6,15.1,26910,2022,ACS 2022 5-year Data Profile
40017,40,017,"Canadian County, Oklahoma",82364,8.0,32.0,156681,2022,ACS 2022 5-year Data Profile
40019,40,019,"Carter County, Oklahoma",56390,15.3,19.6,48202,2022,ACS 2022 5-year Data Profile
40021,40,021,"Cherokee County, Oklahoma",52410,20.8,28.6,47412,2022,ACS 2022 5-year Data Profile
40023,40,023,"Choctaw County, Oklahoma",43252,22.8,14.7,14285,2022,ACS 2022 5-year Data Profile
40025,40,025,"Cimarron County, Oklahoma",57100,10.9,31.7,2272,2022,ACS 2022 5-year Data Profile
40027,40,027,"Cleveland County, Oklahoma",71757,12.8,35.2,295060,2022,ACS 2022 5-year Data Profile
40029,40,029,"Coal County, Oklahoma",47117,22.9,17.2,5287,2022,ACS 2022 5-year Data Profile
40031,40,031,"Comanche County, Oklahoma",57150,16.6,23.8,121777,2022,ACS 2022 5-year Data Profile
40033,40,033,"Cotton County, Oklahoma",60208,21.8,18.2,5537,2022,ACS 2022 5-year Data Profile
40035,40,035,"Craig County, Oklahoma",48018,19.3,13.4,14144,2022,ACS 2022 5-year Data Profile
40037,40,037,"Creek County, Oklahoma",61657,13.6,18.0,72076,2022,ACS 2022 5-year Data Profile
40039,40,039,"Custer County, Oklahoma",58669,16.0,31.1,28391,2022,ACS 2022 5-year Data Profile
40041,40,041,"Delaware County, Oklahoma",53290,19.0,18.7,40791,2022,ACS 2022 5-year Data Profile
40043,40,043,"Dewey County, Oklahoma",61310,14.2,19.5,4504,2022,ACS 2022 5-year Data Profile
40045,40,045,"Ellis County, Oklahoma",57768,14.7,19.0,3755,2022,ACS 2022 5-year Data Profile
40047,40,047,"Garfield County, Oklahoma",64165,14.0,22.7,62456,2022,ACS 2022 5-year Data Profile
40049,40,049,"Garvin County, Oklahoma",53600,14.7,16.4,25806,2022,ACS 2022 5-year Data Profile
40051,40,051,"Grady County, Oklahoma",74349,11.0,22.1,55314,2022,ACS 2022 5-year Data Profile
40053,40,053,"Grant County, Oklahoma",58980,13.3,22.4,4152,2022,ACS 2022 5-year Data Profile
40055,40,055,"Greer County, Oklahoma",55204,16.6,9.4,5531,2022,ACS 2022 5-year Data Profile
40057,40,057,"Harmon County, Oklahoma",55729,17.6,14.8,2499,2022,ACS 2022 5-year Data Profile
40059,40,059,"Harper County, Oklahoma",59934,14.1,23.0,3272,2022,ACS 2022 5-year Data Profile
40061,40,061,"Haskell County, Oklahoma",46239,21.4,14.7,11651,2022,ACS 2022 5-year Data Profile
40063,40,063,"Hughes County, Oklahoma",44799,20.8,14.6,13409,2022,ACS 2022 5-year Data Profile
40065,40,065,"Jackson County, Oklahoma",60954,14.5,24.2,24776,2022,ACS 2022 5-year Data Profile
40067,40,067,"Jefferson County, Oklahoma",48346,23.1,16.7,5420,2022,ACS 2022 5-year Data Profile
40069,40,069,"Johnston County, Oklahoma",48476,22.8,20.9,10410,2022,ACS 2022 5-year Data Profile
40071,40,071,"Kay County, Oklahoma",53746,16.4,18.1,43859,2022,ACS 2022 5-year Data Profile
40073,40,073,"Kingfisher County, Oklahoma",65167,12.2,22.9,15290,2022,ACS 2022 5-year Data Profile
40075,40,075,"Kiowa County, Oklahoma",42679,23.2,17.9,8446,2022,ACS 2022 5-year Data Profile
40077,40,077,"Latimer County, Oklahoma",42735,16.7,12.8,9537,2022,ACS 2022 5-year Data Profile
40079,40,079,"Le Flore County, Oklahoma",46750,20.4,15.2,48525,2022,ACS 2022 5-year Data Profile
40081,40,081,"Lincoln County, Oklahoma",57656,14.3,15.9,33734,2022,ACS 2022 5-year Data Profile
40083,40,083,"Logan County, Oklahoma",80565,13.6,30.7,49919,2022,ACS 2022 5-year Data Profile
40085,40,085,"Love County, Oklahoma",60758,14.2,15.3,10158,2022,ACS 2022 5-year Data Profile
40087,40,087,"McClain County, Oklahoma",80150,7.1,26.8,42393,2022,ACS 2022 5-year Data Profile
40089,40,089,"McCurtain County, Oklahoma",47046,21.1,15.7,31003,2022,ACS 2022 5-year Data Profile
40091,40,091,"McIntosh County, Oklahoma",43467,22.1,13.6,19159,2022,ACS 2022 5-year Data Profile
40093,40,093,"Major County, Oklahoma",67621,11.6,18.3,7678,2022,ACS 2022 5-year Data Profile
40095,40,095,"Marshall County, Oklahoma",53734,18.8,15.6,15494,2022,ACS 2022 5-year Data Profile
40097,40,097,"Mayes County, Oklahoma",56552,17.1,15.4,39324,2022,ACS 2022 5-year Data Profile
40099,40,099,"Murray County, Oklahoma",60213,14.6,17.5,13837,2022,ACS 2022 5-year Data Profile
40101,40,101,"Muskogee County, Oklahoma",50289,18.1,20.2,66606,2022,ACS 2022 5-year Data Profile
40103,40,103,"Noble County, Oklahoma",66813,10.8,19.7,10981,2022,ACS 2022 5-year Data Profile
40105,40,105,"Nowata County, Oklahoma",50960,16.0,16.8,9460,2022,ACS 2022 5-year Data Profile
40107,40,107,"Okfuskee County, Oklahoma",45429,26.7,12.5,11349,2022,ACS 2022 5-year Data Profile
40109,40,109,"Oklahoma County, Oklahoma",62505,15.8,34.2,795822,2022,ACS 2022 5-year Data Profile
40111,40,111,"Okmulgee County, Oklahoma",50819,18.0,16.0,36900,2022,ACS 2022 5-year Data Profile
40113,40,113,"Osage County, Oklahoma",58189,12.5,20.1,46004,2022,ACS 2022 5-year Data Profile
40115,40,115,"Ottawa County, Oklahoma",46186,20.4,15.4,30472,2022,ACS 2022 5-year Data Profile
40117,40,117,"Pawnee County, Oklahoma",56279,15.0,16.4,15682,2022,ACS 2022 5-year Data Profile
40119,40,119,"Payne County, Oklahoma",46658,24.3,38.6,82058,2022,ACS 2022 5-year Data Profile
40121,40,121,"Pittsburg County, Oklahoma",53054,19.0,19.0,43758,2022,ACS 2022 5-year Data Profile
40123,40,123,"Pontotoc County, Oklahoma",59457,13.3,28.8,38116,2022,ACS 2022 5-year Data Profile
40125,40,125,"Pottawatomie County, Oklahoma",58270,15.8,20.9,72734,2022,ACS 2022 5-year Data Profile
40127,40,127,"Pushmataha County, Oklahoma",42274,21.7,14.0,10845,2022,ACS 2022 5-year Data Profile
40129,40,129,"Roger Mills County, Oklahoma",57574,13.6,22.3,3423,2022,ACS 2022 5-year Data Profile
40131,40,131,"Rogers County, Oklahoma",75312,9.5,25.1,95870,2022,ACS 2022 5-year Data Profile
40133,40,133,"Seminole County, Oklahoma",43239,22.6,14.8,23592,2022,ACS 2022 5-year Data Profile
40135,40,135,"Sequoyah County, Oklahoma",47494,19.5,15.0,39538,2022,ACS 2022 5-year Data Profile
40137,40,137,"Stephens County, Oklahoma",57065,16.9,18.9,43140,2022,ACS 2022 5-year Data Profile
40139,40,139,"Texas County, Oklahoma",55682,20.5,24.5,21144,2022,ACS 2022 5-year Data Profile
40141,40,141,"Tillman County, Oklahoma",46306,16.9,18.2,7013,2022,ACS 2022 5-year Data Profile
40143,40,143,"Tulsa County, Oklahoma",65229,14.4,33.2,668923,2022,ACS 2022 5-year Data Profile
40145,40,145,"Wagoner County, Oklahoma",75082,9.2,26.1,82269,2022,ACS 2022 5-year Data Profile
40147,40,147,"Washington County, Oklahoma",59426,13.9,30.7,52579,2022,ACS 2022 5-year Data Profile
40149,40,149,"Washita County, Oklahoma",60600,12.5,19.6,10930,2022,ACS 2022 5-year Data Profile
40151,40,151,"Woods County, Oklahoma",50724,18.5,32.1,8661,2022,ACS 2022 5-year Data Profile
40153,40,153,"Woodward County, Oklahoma",61207,15.0,19.3,20411,2022,ACS 2022 5-year Data Profile
41001,41,001,"Baker County, Oregon",51657,13.7,24.4,16685,2022,ACS 2022 5-year Data Profile
41003,41,003,"Benton County, Oregon",72882,19.1,53.8,95615,2022,ACS 2022 5-year Data Profile
41005,41,005,"Clackamas County, Oregon",95740,7.6,39.2,420925,2022,ACS 2022 5-year Data Profile
41007,41,007,"Clatsop County, Oregon",68025,10.2,25.7,41190,2022,ACS 2022 5-year Data Profile
41009,41,009,"Columbia County, Oregon",83265,9.1,18.4,52865,2022,ACS 2022 5-year Data Profile
41011,41,011,"Coos County, Oregon",57563,16.1,20.6,64908,2022,ACS 2022 5-year Data Profile
41013,41,013,"Crook County, Oregon",74969,7.9,20.9,24987,2022,ACS 2022 5-year Data Profile
41015,41,015,"Curry County, Oregon",64300,12.4,23.7,23404,2022,ACS 2022 5-year Data Profile
41017,41,017,"Deschutes County, Oregon",82042,9.1,40.8,199352,2022,ACS 2022 5-year Data Profile
41019,41,019,"Douglas County, Oregon",56440,14.9,18.9,111322,2022,ACS 2022 5-year Data Profile
41021,41,021,"Gilliam County, Oregon",58409,12.9,21.9,1983,2022,ACS 2022 5-year Data Profile
41023,41,023,"Grant County, Oregon",56045,16.5,19.3,7237,2022,ACS 2022 5-year Data Profile
41025,41,025,"Harney County, Oregon",45462,12.1,14.2,7496,2022,ACS 2022 5-year Data Profile
41027,41,027,"Hood River County, Oregon",80254,6.6,38.3,23965,2022,ACS 2022 5-year Data Profile
41029,41,029,"Jackson County, Oregon",67690,13.3,30.0,222604,2022,ACS 2022 5-year Data Profile
41031,41,031,"Jefferson County, Oregon",69345,12.7,21.2,24659,2022,ACS 2022 5-year Data Profile
41033,41,033,"Josephine County, Oregon",56068,16.1,18.6,87994,2022,ACS 2022 5-year Data Profile
41035,41,035,"Klamath County, Oregon",57219,17.8,20.8,69506,2022,ACS 2022 5-year Data Profile
41037,41,037,"Lake County, Oregon",54663,19.6,19.8,8201,2022,ACS 2022 5-year Data Profile
41039,41,039,"Lane County, Oregon",65157,16.1,33.0,382218,2022,ACS 2022 5-year Data Profile
41041,41,041,"Lincoln County, Oregon",57794,14.7,28.9,50334,2022,ACS 2022 5-year Data Profile
41043,41,043,"Linn County, Oregon",69523,12.0,20.4,128598,2022,ACS 2022 5-year Data Profile
41045,41,045,"Malheur County, Oregon",48371,18.9,14.6,31538,2022,ACS 2022 5-year Data Profile
41047,41,047,"Marion County, Oregon",70926,13.0,25.0,345815,2022,ACS 2022 5-year Data Profile
41049,41,049,"Morrow County, Oregon",64975,16.7,11.3,12140,2022,ACS 2022 5-year Data Profile
41051,41,051,"Multnomah County, Oregon",83668,12.2,47.7,808098,2022,ACS 2022 5-year Data Profile
41053,41,053,"Polk County, Oregon",77353,11.9,31.0,87600,2022,ACS 2022 5-year Data Profile
41055,41,055,"Sherman County, Oregon",57171,15.5,16.0,1900,2022,ACS 2022 5-year Data Profile
41057,41,057,"Tillamook County, Oregon",63098,12.5,23.8,27345,2022,ACS 2022 5-year Data Profile
41059,41,059,"Umatilla County, Oregon",70322,11.7,18.2,79904,2022,ACS 2022 5-year Data Profile
41061,41,061,"Union County, Oregon",61946,15.2,23.8,26286,2022,ACS 2022 5-year Data Profile
41063,41,063,"Wallowa County, Oregon",62238,9.2,32.0,7439,2022,ACS 2022 5-year Data Profile
41065,41,065,"Wasco County, Oregon",61316,11.7,22.0,26639,2022,ACS 2022 5-year Data Profile
41067,41,067,"Washington County, Oregon",100121,8.2,45.8,599541,2022,ACS 2022 5-year Data Profile
41069,41,069,"Wheeler County, Oregon",50774,9.9,20.0,1407,2022,ACS 2022 5-year Data Profile
41071,41,071,"Yamhill County, Oregon",80125,11.3,29.3,107674,2022,ACS 2022 5-year Data Profile
42001,42,001,"Adams County, Pennsylvania",78975,7.9,24.4,104604,2022,ACS 2022 5-year Data Profile
42003,42,003,"Allegheny County, Pennsylvania",72537,11.1,43.8,1245310,2022,ACS 2022 5-year Data Profile
42005,42,005,"Armstrong County, Pennsylvania",61011,10.4,18.6,65538,2022,ACS 2022 5-year Data Profile
42007,42,007,"Beaver County, Pennsylvania",67194,10.4,26.8,167629,2022,ACS 2022 5-year Data Profile
42009,42,009,"Bedford County, Pennsylvania",58337,10.8,16.1,47613,2022,ACS 2022 5-year Data Profile
42011,42,011,"Berks County, Pennsylvania",74617,11.8,26.8,428483,2022,ACS 2022 5-year Data Profile
42013,42,013,"Blair County, Pennsylvania",59386,13.2,23.4,122640,2022,ACS 2022 5-year Data Profile
42015,42,015,"Bradford County, Pennsylvania",60650,13.1,20.0,60159,2022,ACS 2022 5-year Data Profile
42017,42,017,"Bucks County, Pennsylvania",107826,5.6,43.3,645163,2022,ACS 2022 5-year Data Profile
42019,42,019,"Butler County, Pennsylvania",82932,7.9,38.3,194562,2022,ACS 2022 5-year Data Profile
42021,42,021,"Cambria County, Pennsylvania",54221,14.4,22.7,133263,2022,ACS 2022 5-year Data Profile
42023,42,023,"Cameron County, Pennsylvania",46186,15.0,10.9,4536,2022,ACS 2022 5-year Data Profile
42025,42,025,"Carbon County, Pennsylvania",64538,11.8,18.3,65018,2022,ACS 2022 5-year Data Profile
42027,42,027,"Centre County, Pennsylvania",70087,17.0,46.2,158665,2022,ACS 2022 5-year Data Profile
42029,42,029,"Chester County, Pennsylvania",118574,6.0,56.1,536474,2022,ACS 2022 5-year Data Profile
42031,42,031,"Clarion County, Pennsylvania",58690,13.7,22.7,37489,2022,ACS 2022 5-year Data Profile
42033,42,033,"Clearfield County, Pennsylvania",56982,13.7,19.1,79707,2022,ACS 2022 5-year Data Profile
42035,42,035,"Clinton County, Pennsylvania",59011,13.1,20.3,37860,2022,ACS 2022 5-year Data Profile
42037,42,037,"Columbia County, Pennsylvania",59457,15.3,25.5,64924,2022,ACS 2022 5-year Data Profile
42039,42,039,"Crawford County, Pennsylvania",58734,12.7,20.6,83876,2022,ACS 2022 5-year Data Profile
42041,42,041,"Cumberland County, Pennsylvania",82849,7.7,38.7,261269,2022,ACS 2022 5-year Data Profile
42043,42,043,"Dauphin County, Pennsylvania",71046,12.2,33.3,286108,2022,ACS 2022 5-year Data Profile
42045,42,045,"Delaware County, Pennsylvania",86390,9.7,40.9,575312,2022,ACS 2022 5-year Data Profile
42047,42,047,"Elk County, Pennsylvania",61672,9.0,18.5,30886,2022,ACS 2022 5-year Data Profile
42049,42,049,"Erie County, Pennsylvania",59396,15.4,29.6,270495,2022,ACS 2022 5-year Data Profile
42051,42,051,"Fayette County, Pennsylvania",55579,16.2,18.6,128417,2022,ACS 2022 5-year Data Profile
42053,42,053,"Forest County, Pennsylvania",46188,19.2,11.6,6959,2022,ACS 2022 5-year Data Profile
42055,42,055,"Franklin County, Pennsylvania",71808,9.0,23.0,156084,2022,ACS 2022 5-year Data Profile
42057,42,057,"Fulton County, Pennsylvania",63153,10.7,16.3,14545,2022,ACS 2022 5-year Data Profile
42059,42,059,"Greene County, Pennsylvania",66283,12.9,21.1,35781,2022,ACS 2022 5-year Data Profile
42061,42,061,"Huntingdon County, Pennsylvania",61300,11.3,18.1,44123,2022,ACS 2022 5-year Data Profile
42063,42,063,"Indiana County, Pennsylvania",57170,13.0,26.2,83394,2022,ACS 2022 5-year Data Profile
42065,42,065,"Jefferson County, Pennsylvania",56607,14.1,17.0,44326,2022,ACS 2022 5-year Data Profile
42067,42,067,"Juniata County, Pennsylvania",61915,9.0,14.3,23535,2022,ACS 2022 5-year Data Profile
42069,42,069,"Lackawanna County, Pennsylvania",63739,13.0,29.9,215672,2022,ACS 2022 5-year Data Profile
42071,42,071,"Lancaster County, Pennsylvania",81458,8.2,30.5,553202,2022,ACS 2022 5-year Data Profile
42073,42,073,"Lawrence County, Pennsylvania",57585,12.3,22.0,85907,2022,ACS 2022 5-year Data Profile
42075,42,075,"Lebanon County, Pennsylvania",72532,10.9,22.9,143258,2022,ACS 2022 5-year Data Profile
42077,42,077,"Lehigh County, Pennsylvania",74973,11.9,32.4,374110,2022,ACS 2022 5-year Data Profile
42079,42,079,"Luzerne County, Pennsylvania",60836,14.9,24.5,325396,2022,ACS 2022 5-year Data Profile
42081,42,081,"Lycoming County, Pennsylvania",63437,12.5,24.4,114022,2022,ACS 2022 5-year Data Profile
42083,42,083,"McKean County, Pennsylvania",57861,14.1,19.5,40459,2022,ACS 2022 5-year Data Profile
42085,42,085,"Mercer County, Pennsylvania",57353,13.5,24.1,110600,2022,ACS 2022 5-year Data Profile
42087,42,087,"Mifflin County, Pennsylvania",58012,16.7,13.2,46146,2022,ACS 2022 5-year Data Profile
42089,42,089,"Monroe County, Pennsylvania",80656,11.3,26.6,168128,2022,ACS 2022 5-year Data Profile
42091,42,091,"Montgomery County, Pennsylvania",107441,6.3,51.4,856399,2022,ACS 2022 5-year Data Profile
42093,42,093,"Montour County, Pennsylvania",72626,8.7,36.4,18165,2022,ACS 2022 5-year Data Profile
42095,42,095,"Northampton County, Pennsylvania",82201,9.2,32.8,314299,2022,ACS 2022 5-year Data Profile
42097,42,097,"Northumberland County, Pennsylvania",55952,12.4,18.5,91340,2022,ACS 2022 5-year Data Profile
42099,42,099,"Perry County, Pennsylvania",76103,8.2,18.3,45941,2022,ACS 2022 5-year Data Profile
42101,42,101,"Philadelphia County, Pennsylvania",57537,22.7,33.6,1593208,2022,ACS 2022 5-year Data Profile
42103,42,103,"Pike County, Pennsylvania",76416,10.0,27.4,58996,2022,ACS 2022 5-year Data Profile
42105,42,105,"Potter County, Pennsylvania",56491,12.2,16.7,16390,2022,ACS 2022 5-year Data Profile
42107,42,107,"Schuylkill County, Pennsylvania",63574,12.3,18.5,143201,2022,ACS 2022 5-year Data Profile
42109,42,109,"Snyder County, Pennsylvania",65914,8.4,21.0,39797,2022,ACS 2022 5-year Data Profile
42111,42,111,"Somerset County, Pennsylvania",57357,10.8,17.2,73802,2022,ACS 2022 5-year Data Profile
42113,42,113,"Sullivan County, Pennsylvania",62910,12.2,18.9,5880,2022,ACS 2022 5-year Data Profile
42115,42,115,"Susquehanna County, Pennsylvania",63968,11.2,19.9,38540,2022,ACS 2022 5-year Data Profile
42117,42,117,"Tioga County, Pennsylvania",59707,12.2,21.3,41186,2022,ACS 2022 5-year Data Profile
42119,42,119,"Union County, Pennsylvania",64914,10.8,25.1,42908,2022,ACS 2022 5-year Data Profile
42121,42,121,"Venango County, Pennsylvania",59278,13.4,19.4,50475,2022,ACS 2022 5-year Data Profile
42123,42,123,"Warren County, Pennsylvania",57925,11.6,19.0,38492,2022,ACS 2022 5-year Data Profile
42125,42,125,"Washington County, Pennsylvania",74403,9.5,32.4,209631,2022,ACS 2022 5-year Data Profile
42127,42,127,"Wayne County, Pennsylvania",59240,11.0,20.8,51227,2022,ACS 2022 5-year Data Profile
42129,42,129,"Westmoreland County, Pennsylvania",69454,9.7,31.2,354414,2022,ACS 2022 5-year Data Profile
42131,42,131,"Wyoming County, Pennsylvania",67968,11.2,21.5,26219,2022,ACS 2022 5-year Data Profile
42133,42,133,"York County, Pennsylvania",79183,8.6,26.3,457051,2022,ACS 2022 5-year Data Profile
44001,44,001,"Bristol County, Rhode Island",105875,7.2,51.4,50658,2022,ACS 2022 5-year Data Profile
44003,44,003,"Kent County, Rhode Island",85732,7.5,33.6,170168,2022,ACS 2022 5-year Data Profile
44005,44,005,"Newport County, Rhode Island",96319,7.8,52.1,85442,2022,ACS 2022 5-year Data Profile
44007,44,007,"Providence County, Rhode Island",72579,13.6,31.2,657984,2022,ACS 2022 5-year Data Profile
44009,44,009,"Washington County, Rhode Island",99510,7.9,48.6,129998,2022,ACS 2022 5-year Data Profile
45001,45,001,"Abbeville County, South Carolina",49759,15.9,19.1,24368,2022,ACS 2022 5-year Data Profile
45003,45,003,"Aiken County, South Carolina",63212,14.2,29.6,169865,2022,ACS 2022 5-year Data Profile
45005,45,005,"Allendale County, South Carolina",37096,27.2,10.8,8073,2022,ACS 2022 5-year Data Profile
45007,45,007,"Anderson County, South Carolina",62347,14.3,26.1,204592,2022,ACS 2022 5-year Data Profile
45009,45,009,"Bamberg County, South Carolina",43920,22.3,17.9,13311,2022,ACS 2022 5-year Data Profile
45011,45,011,"Barnwell County, South Carolina",42470,25.3,14.3,20653,2022,ACS 2022 5-year Data Profile
45013,45,013,"Beaufort County, South Carolina",81260,10.4,43.4,189071,2022,ACS 2022 5-year Data Profile
45015,45,015,"Berkeley County, South Carolina",77874,10.9,28.4,231419,2022,ACS 2022 5-year Data Profile
45017,45,017,"Calhoun County, South Carolina",55550,18.7,19.1,14145,2022,ACS 2022 5-year Data Profile
45019,45,019,"Charleston County, South Carolina",78795,12.3,48.1,409840,2022,ACS 2022 5-year Data Profile
45021,45,021,"Cherokee County, South Carolina",47011,18.0,17.2,56200,2022,ACS 2022 5-year Data Profile
45023,45,023,"Chester County, South Carolina",50022,18.9,13.9,32171,2022,ACS 2022 5-year Data Profile
45025,45,025,"Chesterfield County, South Carolina",46326,20.3,12.9,43536,2022,ACS 2022 5-year Data Profile
45027,45,027,"Clarendon County, South Carolina",48677,19.5,16.6,31163,2022,ACS 2022 5-year Data Profile
45029,45,029,"Colleton County, South Carolina",46795,16.6,15.7,38561,2022,ACS 2022 5-year Data Profile
45031,45,031,"Darlington County, South Carolina",44317,20.2,19.0,63025,2022,ACS 2022 5-year Data Profile
45033,45,033,"Dillon County, South Carolina",42454,31.6,11.9,28255,2022,ACS 2022 5-year Data Profile
45035,45,035,"Dorchester County, South Carolina",73686,12.3,29.4,162139,2022,ACS 2022 5-year Data Profile
45037,45,037,"Edgefield County, South Carolina",60033,17.0,19.9,26181,2022,ACS 2022 5-year Data Profile
45039,45,039,"Fairfield County, South Carolina",44521,18.7,14.7,20942,2022,ACS 2022 5-year Data Profile
45041,45,041,"Florence County, South Carolina",56088,17.8,23.8,137015,2022,ACS 2022 5-year Data Profile
45043,45,043,"Georgetown County, South Carolina",59782,16.0,31.0,63594,2022,ACS 2022 5-year Data Profile
45045,45,045,"Greenville County, South Carolina",71328,10.9,39.3,528251,2022,ACS 2022 5-year Data Profile
45047,45,047,"Greenwood County, South Carolina",47553,17.3,24.2,69309,2022,ACS 2022 5-year Data Profile
45049,45,049,"Hampton County, South Carolina",40157,20.0,11.6,18890,2022,ACS 2022 5-year Data Profile
45051,45,051,"Horry County, South Carolina",59880,13.1,25.4,356578,2022,ACS 2022 5-year Data Profile
45053,45,053,"Jasper County, South Carolina",60452,17.9,23.3,29444,2022,ACS 2022 5-year Data Profile
45055,45,055,"Kershaw County, South Carolina",61343,14.4,21.3,65779,2022,ACS 2022 5-year Data Profile
45057,45,057,"Lancaster County, South Carolina",72186,12.1,30.1,97611,2022,ACS 2022 5-year Data Profile
45059,45,059,"Laurens County, South Carolina",52077,18.8,17.9,67456,2022,ACS 2022 5-year Data Profile
45061,45,061,"Lee County, South Carolina",39099,27.8,14.4,16557,2022,ACS 2022 5-year Data Profile
45063,45,063,"Lexington County, South Carolina",71280,11.6,32.6,295934,2022,ACS 2022 5-year Data Profile
45065,45,065,"McCormick County, South Carolina",55569,16.7,21.3,9612,2022,ACS 2022 5-year Data Profile
45067,45,067,"Marion County, South Carolina",35972,27.4,13.7,29212,2022,ACS 2022 5-year Data Profile
45069,45,069,"Marlboro County, South Carolina",34275,27.8,8.3,26585,2022,ACS 2022 5-year Data Profile
45071,45,071,"Newberry County, South Carolina",56706,15.5,22.5,37918,2022,ACS 2022 5-year Data Profile
45073,45,073,"Oconee County, South Carolina",56710,15.7,27.8,78775,2022,ACS 2022 5-year Data Profile
45075,45,075,"Orangeburg County, South Carolina",41020,25.0,19.2,84159,2022,ACS 2022 5-year Data Profile
45077,45,077,"Pickens County, South Carolina",57628,16.9,27.5,131106,2022,ACS 2022 5-year Data Profile
45079,45,079,"Richland County, South Carolina",59850,16.8,40.2,416161,2022,ACS 2022 5-year Data Profile
45081,45,081,"Saluda County, South Carolina",51041,17.9,19.2,18952,2022,ACS 2022 5-year Data Profile
45083,45,083,"Spartanburg County, South Carolina",61955,14.4,25.2,330119,2022,ACS 2022 5-year Data Profile
45085,45,085,"Sumter County, South Carolina",53970,16.4,23.1,105199,2022,ACS 2022 5-year Data Profile
45087,45,087,"Union County, South Carolina",42305,21.0,13.9,27158,2022,ACS 2022 5-year Data Profile
45089,45,089,"Williamsburg County, South Carolina",40848,23.5,15.2,30879,2022,ACS 2022 5-year Data Profile
45091,45,091,"York County, South Carolina",80158,8.4,36.9,282987,2022,ACS 2022 5-year Data Profile
46003,46,003,"Aurora County, South Dakota",71490,5.1,18.2,2590,2022,ACS 2022 5-year Data Profile
46005,46,005,"Beadle County, South Dakota",63813,9.7,25.5,19089,2022,ACS 2022 5-year Data Profile
46007,46,007,"Bennett County, South Dakota",44821,29.6,18.4,3391,2022,ACS 2022 5-year Data Profile
46009,46,009,"Bon Homme County, South Dakota",57554,11.7,20.1,7018,2022,ACS 2022 5-year Data Profile
46011,46,011,"Brookings County, South Dakota",64438,12.5,42.4,34631,2022,ACS 2022 5-year Data Profile
46013,46,013,"Brown County, South Dakota",70379,10.5,32.8,38278,2022,ACS 2022 5-year Data Profile
46015,46,015,"Brule County, South Dakota",64821,13.9,25.7,5247,2022,ACS 2022 5-year Data Profile
46017,46,017,"Buffalo County, South Dakota",42917,36.5,6.8,1859,2022,ACS 2022 5-year Data Profile
46019,46,019,"Butte County, South Dakota",58106,8.2,18.2,10369,2022,ACS 2022 5-year Data Profile
46021,46,021,"Campbell County, South Dakota",66932,5.6,28.4,1534,2022,ACS 2022 5-year Data Profile
46023,46,023,"Charles Mix County, South Dakota",60729,22.9,24.7,9302,2022,ACS 2022 5-year Data Profile
46025,46,025,"Clark County, South Dakota",59340,9.4,18.7,3837,2022,ACS 2022 5-year Data Profile
46027,46,027,"Clay County, South Dakota",55963,21.2,40.0,14953,2022,ACS 2022 5-year Data Profile
46029,46,029,"Codington County, South Dakota",65747,11.0,20.2,28402,2022,ACS 2022 5-year Data Profile
46031,46,031,"Corson County, South Dakota",48125,43.4,17.2,3906,2022,ACS 2022 5-year Data Profile
46033,46,033,"Custer County, South Dakota",75943,8.3,30.5,8515,2022,ACS 2022 5-year Data Profile
46035,46,035,"Davison County, South Dakota",55606,15.2,23.3,19966,2022,ACS 2022 5-year Data Profile
46037,46,037,"Day County, South Dakota",57558,14.7,22.4,5485,2022,ACS 2022 5-year Data Profile
46039,46,039,"Deuel County, South Dakota",76997,5.8,23.7,4298,2022,ACS 2022 5-year Data Profile
46041,46,041,"Dewey County, South Dakota",55077,30.9,17.9,5275,2022,ACS 2022 5-year Data Profile
46043,46,043,"Douglas County, South Dakota",75048,14.5,20.6,2823,2022,ACS 2022 5-year Data Profile
46045,46,045,"Edmunds County, South Dakota",76806,7.3,28.1,4014,2022,ACS 2022 5-year Data Profile
46047,46,047,"Fall River County, South Dakota",54886,19.3,19.9,7079,2022,ACS 2022 5-year Data Profile
46049,46,049,"Faulk County, South Dakota",56734,23.8,22.2,2140,2022,ACS 2022 5-year Data Profile
46051,46,051,"Grant County, South Dakota",70851,9.8,24.4,7533,2022,ACS 2022 5-year Data Profile
46053,46,053,"Gregory County, South Dakota",48272,12.8,19.1,3983,2022,ACS 2022 5-year Data Profile
46055,46,055,"Haakon County, South Dakota",53109,10.7,16.6,1755,2022,ACS 2022 5-year Data Profile
46057,46,057,"Hamlin County, South Dakota",76995,7.4,21.9,6196,2022,ACS 2022 5-year Data Profile
46059,46,059,"Hand County, South Dakota",72857,7.7,25.3,3075,2022,ACS 2022 5-year Data Profile
46061,46,061,"Hanson County, South Dakota",86827,6.0,21.1,3443,2022,ACS 2022 5-year Data Profile
46063,46,063,"Harding County, South Dakota",71484,6.4,27.3,1176,2022,ACS 2022 5-year Data Profile
46065,46,065,"Hughes County, South Dakota",83750,10.0,35.4,17812,2022,ACS 2022 5-year Data Profile
46067,46,067,"Hutchinson County, South Dakota",69139,9.9,25.8,7401,2022,ACS 2022 5-year Data Profile
46069,46,069,"Hyde County, South Dakota",69712,6.7,20.3,1319,2022,ACS 2022 5-year Data Profile
46071,46,071,"Jackson County, South Dakota",26078,38.4,15.6,2838,2022,ACS 2022 5-year Data Profile
46073,46,073,"Jerauld County, South Dakota",66607,9.1,16.8,1836,2022,ACS 2022 5-year Data Profile
46075,46,075,"Jones County, South Dakota",61250,14.8,33.9,1006,2022,ACS 2022 5-year Data Profile
46077,46,077,"Kingsbury County, South Dakota",65964,9.3,23.0,5172,2022,ACS 2022 5-year Data Profile
46079,46,079,"Lake County, South Dakota",74884,9.7,34.5,11207,2022,ACS 2022 5-year Data Profile
46081,46,081,"Lawrence County, South Dakota",62977,11.1,36.7,26047,2022,ACS 2022 5-year Data Profile
46083,46,083,"Lincoln County, South Dakota",92317,6.5,41.8,65801,2022,ACS 2022 5-year Data Profile
46085,46,085,"Lyman County, South Dakota",60284,25.1,23.2,3719,2022,ACS 2022 5-year Data Profile
46087,46,087,"McCook County, South Dakota",74873,8.4,27.7,5714,2022,ACS 2022 5-year Data Profile
46089,46,089,"McPherson County, South Dakota",58529,13.2,20.5,2251,2022,ACS 2022 5-year Data Profile
46091,46,091,"Marshall County, South Dakota",74018,7.5,23.3,4363,2022,ACS 2022 5-year Data Profile
46093,46,093,"Meade County, South Dakota",70256,7.4,27.4,29970,2022,ACS 2022 5-year Data Profile
46095,46,095,"Mellette County, South Dakota",41397,49.1,11.9,1989,2022,ACS 2022 5-year Data Profile
46097,46,097,"Miner County, South Dakota",62037,10.5,16.5,2312,2022,ACS 2022 5-year Data Profile
46099,46,099,"Minnehaha County, South Dakota",73110,8.7,34.2,197742,2022,ACS 2022 5-year Data Profile
46101,46,101,"Moody County, South Dakota",71469,9.6,27.0,6346,2022,ACS 2022 5-year Data Profile
46102,46,102,"Oglala Lakota County, South Dakota",32279,55.8,8.1,13695,2022,ACS 2022 5-year Data Profile
46103,46,103,"Pennington County, South Dakota",67823,12.3,33.4,110386,2022,ACS 2022 5-year Data Profile
46105,46,105,"Perkins County, South Dakota",64410,11.9,20.2,2970,2022,ACS 2022 5-year Data Profile
46107,46,107,"Potter County, South Dakota",71786,7.0,24.3,2587,2022,ACS 2022 5-year Data Profile
46109,46,109,"Roberts County, South Dakota",59022,20.8,16.5,10242,2022,ACS 2022 5-year Data Profile
46111,46,111,"Sanborn County, South Dakota",65806,8.7,19.9,2373,2022,ACS 2022 5-year Data Profile
46115,46,115,"Spink County, South Dakota",65795,10.6,25.1,6355,2022,ACS 2022 5-year Data Profile
46117,46,117,"Stanley County, South Dakota",82298,3.2,26.9,2979,2022,ACS 2022 5-year Data Profile
46119,46,119,"Sully County, South Dakota",66875,8.5,21.5,1318,2022,ACS 2022 5-year Data Profile
46121,46,121,"Todd County, South Dakota",33792,52.2,14.7,9353,2022,ACS 2022 5-year Data Profile
46123,46,123,"Tripp County, South Dakota",56758,21.9,17.1,5607,2022,ACS 2022 5-year Data Profile
46125,46,125,"Turner County, South Dakota",72312,9.2,26.4,8687,2022,ACS 2022 5-year Data Profile
46127,46,127,"Union County, South Dakota",82036,8.2,35.4,16700,2022,ACS 2022 5-year Data Profile
46129,46,129,"Walworth County, South Dakota",57697,13.2,27.7,5317,2022,ACS 2022 5-year Data Profile
46135,46,135,"Yankton County, South Dakota",68847,8.0,27.3,23311,2022,ACS 2022 5-year Data Profile
46137,46,137,"Ziebach County, South Dakota",46023,41.3,14.9,2455,2022,ACS 2022 5-year Data Profile
47001,47,001,"Anderson County, Tennessee",60633,15.4,24.5,77337,2022,ACS 2022 5-year Data Profile
47003,47,003,"Bedford County, Tennessee",59955,12.4,17.1,50533,2022,ACS 2022 5-year Data Profile
47005,47,005,"Benton County, Tennessee",47737,18.0,11.1,15933,2022,ACS 2022 5-year Data Profile
47007,47,007,"Bledsoe County, Tennessee",51783,26.0,10.3,14816,2022,ACS 2022 5-year Data Profile
47009,47,009,"Blount County, Tennessee",70935,8.6,26.0,135951,2022,ACS 2022 5-year Data Profile
47011,47,011,"Bradley County, Tennessee",60692,13.4,23.9,108859,2022,ACS 2022 5-year Data Profile
47013,47,013,"Campbell County, Tennessee",48258,19.4,12.9,39397,2022,ACS 2022 5-year Data Profile
47015,47,015,"Cannon County, Tennessee",57651,15.1,17.5,14481,2022,ACS 2022 5-year Data Profile
47017,47,017,"Carroll County, Tennessee",49700,16.4,19.8,28381,2022,ACS 2022 5-year Data Profile
47019,47,019,"Carter County, Tennessee",47994,18.1,21.1,56315,2022,ACS 2022 5-year Data Profile
47021,47,021,"Cheatham County, Tennessee",77014,9.3,22.9,41184,2022,ACS 2022 5-year Data Profile
47023,47,023,"Chester County, Tennessee",57471,15.8,16.4,17392,2022,ACS 2022 5-year Data Profile
47025,47,025,"Claiborne County, Tennessee",42406,18.3,18.8,32092,2022,ACS 2022 5-year Data Profile
47027,47,027,"Clay County, Tennessee",39572,22.3,12.3,7592,2022,ACS 2022 5-year Data Profile
47029,47,029,"Cocke County, Tennessee",45110,20.1,11.7,36186,2022,ACS 2022 5-year Data Profile
47031,47,031,"Coffee County, Tennessee",57424,16.9,23.3,58080,2022,ACS 2022 5-year Data Profile
47033,47,033,"Crockett County, Tennessee",59136,15.6,15.5,13955,2022,ACS 2022 5-year Data Profile
47035,47,035,"Cumberland County, Tennessee",56002,12.6,18.1,61552,2022,ACS 2022 5-year Data Profile
47037,47,037,"Davidson County, Tennessee",71863,14.3,46.0,709786,2022,ACS 2022 5-year Data Profile
47039,47,039,"Decatur County, Tennessee",48466,19.2,15.6,11483,2022,ACS 2022 5-year Data Profile
47041,47,041,"DeKalb County, Tennessee",46907,20.2,20.4,20209,2022,ACS 2022 5-year Data Profile
47043,47,043,"Dickson County, Tennessee",68492,10.9,19.3,54563,2022,ACS 2022 5-year Data Profile
47045,47,045,"Dyer County, Tennessee",53150,16.3,21.6,36818,2022,ACS 2022 5-year Data Profile
47047,47,047,"Fayette County, Tennessee",81074,9.7,25.7,42228,2022,ACS 2022 5-year Data Profile
47049,47,049,"Fentress County, Tennessee",47884,20.2,16.3,18642,2022,ACS 2022 5-year Data Profile
47051,47,051,"Franklin County, Tennessee",57933,14.5,21.8,42980,2022,ACS 2022 5-year Data Profile
47053,47,053,"Gibson County, Tennessee",55455,13.9,18.5,50455,2022,ACS 2022 5-year Data Profile
47055,47,055,"Giles County, Tennessee",56877,13.5,18.9,30317,2022,ACS 2022 5-year Data Profile
47057,47,057,"Grainger County, Tennessee",47098,17.6,14.1,23648,2022,ACS 2022 5-year Data Profile
47059,47,059,"Greene County, Tennessee",51975,15.6,18.0,70399,2022,ACS 2022 5-year Data Profile
47061,47,061,"Grundy County, Tennessee",47948,18.2,13.6,13550,2022,ACS 2022 5-year Data Profile
47063,47,063,"Hamblen County, Tennessee",49656,17.1,18.8,64531,2022,ACS 2022 5-year Data Profile
47065,47,065,"Hamilton County, Tennessee",69069,12.3,35.5,367193,2022,ACS 2022 5-year Data Profile
47067,47,067,"Hancock County, Tennessee",31809,32.3,9.9,6726,2022,ACS 2022 5-year Data Profile
47069,47,069,"Hardeman County, Tennessee",43566,16.1,10.5,25519,2022,ACS 2022 5-year Data Profile
47071,47,071,"Hardin County, Tennessee",46902,19.4,15.8,26824,2022,ACS 2022 5-year Data Profile
47073,47,073,"Hawkins County, Tennessee",53647,16.9,16.8,57107,2022,ACS 2022 5-year Data Profile
47075,47,075,"Haywood County, Tennessee",44890,21.9,12.2,17806,2022,ACS 2022 5-year Data Profile
47077,47,077,"Henderson County, Tennessee",51576,18.0,13.8,27845,2022,ACS 2022 5-year Data Profile
47079,47,079,"Henry County, Tennessee",48025,18.1,19.0,32305,2022,ACS 2022 5-year Data Profile
47081,47,081,"Hickman County, Tennessee",54669,14.3,12.4,24996,2022,ACS 2022 5-year Data Profile
47083,47,083,"Houston County, Tennessee",51544,13.4,11.4,8253,2022,ACS 2022 5-year Data Profile
47085,47,085,"Humphreys County, Tennessee",54185,12.0,16.9,19032,2022,ACS 2022 5-year Data Profile
47087,47,087,"Jackson County, Tennessee",42357,19.7,13.9,11730,2022,ACS 2022 5-year Data Profile
47089,47,089,"Jefferson County, Tennessee",60393,11.1,21.1,55017,2022,ACS 2022 5-year Data Profile
47091,47,091,"Johnson County, Tennessee",47571,21.6,14.9,17982,2022,ACS 2022 5-year Data Profile
47093,47,093,"Knox County, Tennessee",68580,12.4,39.2,481406,2022,ACS 2022 5-year Data Profile
47095,47,095,"Lake County, Tennessee",32064,27.9,10.8,6898,2022,ACS 2022 5-year Data Profile
47097,47,097,"Lauderdale County, Tennessee",46702,18.0,10.4,25171,2022,ACS 2022 5-year Data Profile
47099,47,099,"Lawrence County, Tennessee",51038,16.1,15.6,44377,2022,ACS 2022 5-year Data Profile
47101,47,101,"Lewis County, Tennessee",44613,18.9,9.3,12637,2022,ACS 2022 5-year Data Profile
47103,47,103,"Lincoln County, Tennessee",61374,11.9,19.3,35365,2022,ACS 2022 5-year Data Profile
47105,47,105,"Loudon County, Tennessee",75008,11.8,28.4,55507,2022,ACS 2022 5-year Data Profile
47107,47,107,"McMinn County, Tennessee",57982,13.6,17.4,53532,2022,ACS 2022 5-year Data Profile
47109,47,109,"McNairy County, Tennessee",46920,16.7,11.5,25895,2022,ACS 2022 5-year Data Profile
47111,47,111,"Macon County, Tennessee",51215,16.5,9.9,25365,2022,ACS 2022 5-year Data Profile
47113,47,113,"Madison County, Tennessee",55280,18.2,25.9,98644,2022,ACS 2022 5-year Data Profile
47115,47,115,"Marion County, Tennessee",58139,16.3,15.1,28852,2022,ACS 2022 5-year Data Profile
47117,47,117,"Marshall County, Tennessee",65325,15.6,20.9,34567,2022,ACS 2022 5-year Data Profile
47119,47,119,"Maury County, Tennessee",71500,8.9,25.9,102002,2022,ACS 2022 5-year Data Profile
47121,47,121,"Meigs County, Tennessee",59434,15.4,11.5,12839,2022,ACS 2022 5-year Data Profile
47123,47,123,"Monroe County, Tennessee",52123,16.0,15.6,46489,2022,ACS 2022 5-year Data Profile
47125,47,125,"Montgomery County, Tennessee",67890,11.9,30.4,222305,2022,ACS 2022 5-year Data Profile
47127,47,127,"Moore County, Tennessee",69250,9.9,23.2,6558,2022,ACS 2022 5-year Data Profile
47129,47,129,"Morgan County, Tennessee",51971,20.9,12.5,21124,2022,ACS 2022 5-year Data Profile
47131,47,131,"Obion County, Tennessee",50638,16.1,17.2,30670,2022,ACS 2022 5-year Data Profile
47133,47,133,"Overton County, Tennessee",46580,17.3,13.9,22576,2022,ACS 2022 5-year Data Profile
47135,47,135,"Perry County, Tennessee",55978,14.2,10.7,8432,2022,ACS 2022 5-year Data Profile
47137,47,137,"Pickett County, Tennessee",44317,21.0,18.2,5042,2022,ACS 2022 5-year Data Profile
47139,47,139,"Polk County, Tennessee",53775,12.9,13.3,17620,2022,ACS 2022 5-year Data Profile
47141,47,141,"Putnam County, Tennessee",54371,16.3,27.6,80157,2022,ACS 2022 5-year Data Profile
47143,47,143,"Rhea County, Tennessee",55568,15.7,17.1,33031,2022,ACS 2022 5-year Data Profile
47145,47,145,"Roane County, Tennessee",66460,12.2,21.9,53777,2022,ACS 2022 5-year Data Profile
47147,47,147,"Robertson County, Tennessee",74440,10.3,21.1,73297,2022,ACS 2022 5-year Data Profile
47149,47,149,"Rutherford County, Tennessee",78291,9.8,33.4,343727,2022,ACS 2022 5-year Data Profile
47151,47,151,"Scott County, Tennessee",39744,25.7,10.2,21917,2022,ACS 2022 5-year Data Profile
47153,47,153,"Sequatchie County, Tennessee",53038,22.3,18.6,16065,2022,ACS 2022 5-year Data Profile
47155,47,155,"Sevier County, Tennessee",60103,13.3,20.1,98455,2022,ACS 2022 5-year Data Profile
47157,47,157,"Shelby County, Tennessee",59621,18.1,33.8,926440,2022,ACS 2022 5-year Data Profile
47159,47,159,"Smith County, Tennessee",57677,14.9,16.9,20034,2022,ACS 2022 5-year Data Profile
47161,47,161,"Stewart County, Tennessee",57257,11.5,16.8,13724,2022,ACS 2022 5-year Data Profile
47163,47,163,"Sullivan County, Tennessee",54357,15.2,26.3,158722,2022,ACS 2022 5-year Data Profile
47165,47,165,"Sumner County, Tennessee",81883,9.4,31.2,196845,2022,ACS 2022 5-year Data Profile
47167,47,167,"Tipton County, Tennessee",70674,10.8,19.6,61116,2022,ACS 2022 5-year Data Profile
47169,47,169,"Trousdale County, Tennessee",62018,11.5,9.8,11596,2022,ACS 2022 5-year Data Profile
47171,47,171,"Unicoi County, Tennessee",49855,16.7,17.2,17845,2022,ACS 2022 5-year Data Profile
47173,47,173,"Union County, Tennessee",57094,15.9,13.1,19860,2022,ACS 2022 5-year Data Profile
47175,47,175,"Van Buren County, Tennessee",44730,17.0,10.2,6182,2022,ACS 2022 5-year Data Profile
47177,47,177,"Warren County, Tennessee",52948,16.8,14.0,41163,2022,ACS 2022 5-year Data Profile
47179,47,179,"Washington County, Tennessee",58507,15.7,33.4,133282,2022,ACS 2022 5-year Data Profile
47181,47,181,"Wayne County, Tennessee",49360,19.6,12.2,16325,2022,ACS 2022 5-year Data Profile
47183,47,183,"Weakley County, Tennessee",47769,18.9,20.1,32946,2022,ACS 2022 5-year Data Profile
47185,47,185,"White County, Tennessee",48220,17.1,13.5,27420,2022,ACS 2022 5-year Data Profile
47187,47,187,"Williamson County, Tennessee",125943,4.2,62.0,248897,2022,ACS 2022 5-year Data Profile
47189,47,189,"Wilson County, Tennessee",89462,8.3,36.7,149096,2022,ACS 2022 5-year Data Profile
48001,48,001,"Anderson County, Texas",57445,15.6,13.1,58077,2022,ACS 2022 5-year Data Profile
48003,48,003,"Andrews County, Texas",86458,11.9,19.7,18362,2022,ACS 2022 5-year Data Profile
48005,48,005,"Angelina County, Texas",57055,16.1,18.6,86608,2022,ACS 2022 5-year Data Profile
48007,48,007,"Aransas County, Texas",58168,17.9,24.2,24048,2022,ACS 2022 5-year Data Profile
48009,48,009,"Archer County, Texas",69954,12.3,25.2,8649,2022,ACS 2022 5-year Data Profile
48011,48,011,"Armstrong County, Texas",70417,5.9,25.9,1912,2022,ACS 2022 5-year Data Profile
48013,48,013,"Atascosa County, Texas",67442,14.1,14.5,49403,2022,ACS 2022 5-year Data Profile
48015,48,015,"Austin County, Texas",73556,11.9,24.1,30406,2022,ACS 2022 5-year Data Profile
48017,48,017,"Bailey County, Texas",69830,12.7,15.3,6902,2022,ACS 2022 5-year Data Profile
48019,48,019,"Bandera County, Texas",70965,14.3,27.3,21182,2022,ACS 2022 5-year Data Profile
48021,48,021,"Bastrop County, Texas",80151,11.9,23.0,98435,2022,ACS 2022 5-year Data Profile
48023,48,023,"Baylor County, Texas",52716,11.6,23.3,3475,2022,ACS 2022 5-year Data Profile
48025,48,025,"Bee County, Texas",50283,20.0,11.5,30977,2022,ACS 2022 5-year Data Profile
48027,48,027,"Bell County, Texas",62858,14.7,26.8,372821,2022,ACS 2022 5-year Data Profile
48029,48,029,"Bexar County, Texas",67275,15.2,30.4,2014059,2022,ACS 2022 5-year Data Profile
48031,48,031,"Blanco County, Texas",79717,9.8,30.6,11608,2022,ACS 2022 5-year Data Profile
48033,48,033,"Borden County, Texas",80625,1.6,39.4,686,2022,ACS 2022 5-year Data Profile
48035,48,035,"Bosque County, Texas",63868,11.5,19.0,18404,2022,ACS 2022 5-year Data Profile
48037,48,037,"Bowie County, Texas",56628,17.4,22.3,92747,2022,ACS 2022 5-year Data Profile
48039,48,039,"Brazoria County, Texas",91972,7.5,31.4,374600,2022,ACS 2022 5-year Data Profile
48041,48,041,"Brazos County, Texas",57562,24.3,43.2,234548,2022,ACS 2022 5-year Data Profile
48043,48,043,"Brewster County, Texas",47747,15.7,47.7,9454,2022,ACS 2022 5-year Data Profile
48045,48,045,"Briscoe County, Texas",35446,24.4,15.7,1290,2022,ACS 2022 5-year Data Profile
48047,48,047,"Brooks County, Texas",30566,33.2,19.1,7059,2022,ACS 2022 5-year Data Profile
48049,48,049,"Brown County, Texas",53792,13.3,19.9,38159,2022,ACS 2022 5-year Data Profile
48051,48,051,"Burleson County, Texas",71745,12.5,22.5,17958,2022,ACS 2022 5-year Data Profile
48053,48,053,"Burnet County, Texas",71482,7.8,28.1,49684,2022,ACS 2022 5-year Data Profile
48055,48,055,"Caldwell County, Texas",66779,14.0,16.7,46141,2022,ACS 2022 5-year Data Profile
48057,48,057,"Calhoun County, Texas",62267,9.2,16.2,20127,2022,ACS 2022 5-year Data Profile
48059,48,059,"Callahan County, Texas",63906,8.8,22.9,13869,2022,ACS 2022 5-year Data Profile
48061,48,061,"Cameron County, Texas",47435,25.3,19.5,421854,2022,ACS 2022 5-year Data Profile
48063,48,063,"Camp County, Texas",53968,21.5,20.7,12543,2022,ACS 2022 5-year Data Profile
48065,48,065,"Carson County, Texas",83199,7.5,25.2,5801,2022,ACS 2022 5-year Data Profile
48067,48,067,"Cass County, Texas",54303,18.5,17.2,28637,2022,ACS 2022 5-year Data Profile
48069,48,069,"Castro County, Texas",59886,12.4,19.5,7381,2022,ACS 2022 5-year Data Profile
48071,48,071,"Chambers County, Texas",106103,13.7,22.8,47037,2022,ACS 2022 5-year Data Profile
48073,48,073,"Cherokee County, Texas",56971,16.6,16.2,50824,2022,ACS 2022 5-year Data Profile
48075,48,075,"Childress County, Texas",56063,15.1,14.6,6781,2022,ACS 2022 5-year Data Profile
48077,48,077,"Clay County, Texas",75227,9.1,23.2,10290,2022,ACS 2022 5-year Data Profile
48079,48,079,"Cochran County, Texas",41597,25.8,8.5,2529,2022,ACS 2022 5-year Data Profile
48081,48,081,"Coke County, Texas",40230,16.5,19.5,3305,2022,ACS 2022 5-year Data Profile
48083,48,083,"Coleman County, Texas",51034,17.1,20.7,7808,2022,ACS 2022 5-year Data Profile
48085,48,085,"Collin County, Texas",113255,6.3,54.3,1079153,2022,ACS 2022 5-year Data Profile
48087,48,087,"Collingsworth County, Texas",52045,22.3,25.2,2865,2022,ACS 2022 5-year Data Profile
48089,48,089,"Colorado County, Texas",63352,7.5,22.2,20582,2022,ACS 2022 5-year Data Profile
48091,48,091,"Comal County, Texas",93744,6.1,40.5,165201,2022,ACS 2022 5-year Data Profile
48093,48,093,"Comanche County, Texas",57383,13.5,18.9,13651,2022,ACS 2022 5-year Data Profile
48095,48,095,"Concho County, Texas",55750,15.9,11.6,3235,2022,ACS 2022 5-year Data Profile
48097,48,097,"Cooke County, Texas",66374,13.3,23.3,41860,2022,ACS 2022 5-year Data Profile
48099,48,099,"Coryell County, Texas",63281,10.6,17.3,82927,2022,ACS 2022 5-year Data Profile
48101,48,101,"Cottle County, Texas",47625,24.1,18.3,1647,2022,ACS 2022 5-year Data Profile
48103,48,103,"Crane County, Texas",71364,3.8,15.7,4636,2022,ACS 2022 5-year Data Profile
48105,48,105,"Crockett County, Texas",64103,9.3,15.6,2949,2022,ACS 2022 5-year Data Profile
48107,48,107,"Crosby County, Texas",50268,23.6,14.0,5157,2022,ACS 2022 5-year Data Profile
48109,48,109,"Culberson County, Texas",35924,22.2,10.5,2181,2022,ACS 2022 5-year Data Profile
48111,48,111,"Dallam County, Texas",71969,8.6,14.3,7165,2022,ACS 2022 5-year Data Profile
48113,48,113,"Dallas County, Texas",70732,14.0,33.9,2604053,2022,ACS 2022 5-year Data Profile
48115,48,115,"Dawson County, Texas",45268,24.8,13.5,12342,2022,ACS 2022 5-year Data Profile
48117,48,117,"Deaf Smith County, Texas",51942,15.8,11.8,18585,2022,ACS 2022 5-year Data Profile
48119,48,119,"Delta County, Texas",68491,14.1,21.5,5278,2022,ACS 2022 5-year Data Profile
48121,48,121,"Denton County, Texas",104180,7.4,47.9,914870,2022,ACS 2022 5-year Data Profile
48123,48,123,"DeWitt County, Texas",61100,16.5,14.1,19826,2022,ACS 2022 5-year Data Profile
48125,48,125,"Dickens County, Texas",46638,12.3,20.2,1570,2022,ACS 2022 5-year Data Profile
48127,48,127,"Dimmit County, Texas",27374,43.6,14.6,8672,2022,ACS 2022 5-year Data Profile
48129,48,129,"Donley County, Texas",51711,11.3,13.5,3298,2022,ACS 2022 5-year Data Profile
48131,48,131,"Duval County, Texas",50697,21.6,7.8,9960,2022,ACS 2022 5-year Data Profile
48133,48,133,"Eastland County, Texas",52902,16.2,22.9,17812,2022,ACS 2022 5-year Data Profile
48135,48,135,"Ector County, Texas",70566,15.8,16.6,162300,2022,ACS 2022 5-year Data Profile
48137,48,137,"Edwards County, Texas",40809,23.4,19.0,1380,2022,ACS 2022 5-year Data Profile
48139,48,139,"Ellis County, Texas",93248,8.2,27.9,195509,2022,ACS 2022 5-year Data Profile
48141,48,141,"El Paso County, Texas",55417,19.5,25.0,863832,2022,ACS 2022 5-year Data Profile
48143,48,143,"Erath County, Texas",59654,16.5,32.4,42788,2022,ACS 2022 5-year Data Profile
48145,48,145,"Falls County, Texas",45172,15.8,13.5,17013,2022,ACS 2022 5-year Data Profile
48147,48,147,"Fannin County, Texas",65835,12.8,20.6,36052,2022,ACS 2022 5-year Data Profile
48149,48,149,"Fayette County, Texas",72881,10.2,24.1,24564,2022,ACS 2022 5-year Data Profile
48151,48,151,"Fisher County, Texas",60461,12.2,19.9,3680,2022,ACS 2022 5-year Data Profile
48153,48,153,"Floyd County, Texas",49321,19.0,16.0,5386,2022,ACS 2022 5-year Data Profile
48155,48,155,"Foard County, Texas",41944,22.1,16.0,1075,2022,ACS 2022 5-year Data Profile
48157,48,157,"Fort Bend County, Texas",109987,6.9,48.6,832607,2022,ACS 2022 5-year Data Profile
48159,48,159,"Franklin County, Texas",67915,8.6,30.7,10445,2022,ACS 2022 5-year Data Profile
48161,48,161,"Freestone County, Texas",55902,12.7,17.4,19599,2022,ACS 2022 5-year Data Profile
48163,48,163,"Frio County, Texas",56042,20.7,8.5,18151,2022,ACS 2022 5-year Data Profile
48165,48,165,"Gaines County, Texas",73299,12.7,10.4,21523,2022,ACS 2022 5-year Data Profile
48167,48,167,"Galveston County, Texas",83913,11.0,33.8,350801,2022,ACS 2022 5-year Data Profile
48169,48,169,"Garza County, Texas",56215,15.4,13.3,5735,2022,ACS 2022 5-year Data Profile
48171,48,171,"Gillespie County, Texas",70162,9.1,35.2,26953,2022,ACS 2022 5-year Data Profile
48173,48,173,"Glasscock County, Texas",112188,5.2,37.8,1068,2022,ACS 2022 5-year Data Profile
48175,48,175,"Goliad County, Texas",58125,10.0,17.8,7092,2022,ACS 2022 5-year Data Profile
48177,48,177,"Gonzales County, Texas",64255,13.1,13.1,19736,2022,ACS 2022 5-year Data Profile
48179,48,179,"Gray County, Texas",54563,17.0,16.0,21272,2022,ACS 2022 5-year Data Profile
48181,48,181,"Grayson County, Texas",66608,11.4,22.8,137008,2022,ACS 2022 5-year Data Profile
48183,48,183,"Gregg County, Texas",63811,16.5,22.4,124245,2022,ACS 2022 5-year Data Profile
48185,48,185,"Grimes County, Texas",63484,14.4,19.4,29442,2022,ACS 2022 5-year Data Profile
48187,48,187,"Guadalupe County, Texas",88111,8.7,29.5,173828,2022,ACS 2022 5-year Data Profile
48189,48,189,"Hale County, Texas",50721,18.5,14.8,32525,2022,ACS 2022 5-year Data Profile
48191,48,191,"Hall County, Texas",43873,18.6,18.2,2847,2022,ACS 2022 5-year Data Profile
48193,48,193,"Hamilton County, Texas",54890,17.1,25.1,8244,2022,ACS 2022 5-year Data Profile
48195,48,195,"Hansford County, Texas",62350,8.4,29.6,5270,2022,ACS 2022 5-year Data Profile
48197,48,197,"Hardeman County, Texas",60455,11.2,17.4,3541,2022,ACS 2022 5-year Data Profile
48199,48,199,"Hardin County, Texas",70164,13.5,18.5,56576,2022,ACS 2022 5-year Data Profile
48201,48,201,"Harris County, Texas",70789,15.8,33.2,4726177,2022,ACS 2022 5-year Data Profile
48203,48,203,"Harrison County, Texas",63427,16.3,22.2,69098,2022,ACS 2022 5-year Data Profile
48205,48,205,"Hartley County, Texas",78065,6.9,25.3,5369,2022,ACS 2022 5-year Data Profile
48207,48,207,"Haskell County, Texas",52786,15.0,20.2,5408,2022,ACS 2022 5-year Data Profile
48209,48,209,"Hays County, Texas",79990,12.9,40.4,245351,2022,ACS 2022 5-year Data Profile
48211,48,211,"Hemphill County, Texas",67798,6.1,23.3,3371,2022,ACS 2022 5-year Data Profile
48213,48,213,"Henderson County, Texas",59778,14.8,19.1,82627,2022,ACS 2022 5-year Data Profile
48215,48,215,"Hidalgo County, Texas",49371,27.7,20.1,873167,2022,ACS 2022 5-year Data Profile
48217,48,217,"Hill County, Texas",60669,13.3,17.5,36138,2022,ACS 2022 5-year Data Profile
48219,48,219,"Hockley County, Texas",53283,15.1,17.2,21495,2022,ACS 2022 5-year Data Profile
48221,48,221,"Hood County, Texas",80013,8.9,31.7,62459,2022,ACS 2022 5-year Data Profile
48223,48,223,"Hopkins County, Texas",63766,13.4,21.6,37008,2022,ACS 2022 5-year Data Profile
48225,48,225,"Houston County, Texas",51043,17.6,14.8,22107,2022,ACS 2022 5-year Data Profile
48227,48,227,"Howard County, Texas",67243,14.5,13.8,34488,2022,ACS 2022 5-year Data Profile
48229,48,229,"Hudspeth County, Texas",35163,25.4,10.3,3329,2022,ACS 2022 5-year Data Profile
48231,48,231,"Hunt County, Texas",66885,12.2,21.3,101596,2022,ACS 2022 5-year Data Profile
48233,48,233,"Hutchinson County, Texas",62211,10.4,15.6,20595,2022,ACS 2022 5-year Data Profile
48235,48,235,"Irion County, Texas",54708,7.4,18.4,1561,2022,ACS 2022 5-year Data Profile
48237,48,237,"Jack County, Texas",58861,14.5,15.5,8588,2022,ACS 2022 5-year Data Profile
48239,48,239,"Jackson County, Texas",67176,12.0,13.0,15010,2022,ACS 2022 5-year Data Profile
48241,48,241,"Jasper County, Texas",48818,22.8,12.2,33032,2022,ACS 2022 5-year Data Profile
48243,48,243,"Jeff Davis County, Texas",38125,24.6,27.8,1992,2022,ACS 2022 5-year Data Profile
48245,48,245,"Jefferson County, Texas",57294,18.2,19.9,254942,2022,ACS 2022 5-year Data Profile
48247,48,247,"Jim Hogg County, Texas",42292,29.0,12.8,4830,2022,ACS 2022 5-year Data Profile
48249,48,249,"Jim Wells County, Texas",46626,22.6,15.3,39060,2022,ACS 2022 5-year Data Profile
48251,48,251,"Johnson County, Texas",77058,10.6,21.4,182690,2022,ACS 2022 5-year Data Profile
48253,48,253,"Jones County, Texas",59361,14.2,11.2,19758,2022,ACS 2022 5-year Data Profile
48255,48,255,"Karnes County, Texas",57798,21.0,16.3,14805,2022,ACS 2022 5-year Data Profile
48257,48,257,"Kaufman County, Texas",84075,9.8,23.8,149773,2022,ACS 2022 5-year Data Profile
48259,48,259,"Kendall County, Texas",104196,5.1,48.5,45376,2022,ACS 2022 5-year Data Profile
48261,48,261,"Kenedy County, Texas",45455,2.6,8.0,116,2022,ACS 2022 5-year Data Profile
48263,48,263,"Kent County, Texas",68553,8.0,27.9,635,2022,ACS 2022 5-year Data Profile
48265,48,265,"Kerr County, Texas",66713,12.5,29.8,52810,2022,ACS 2022 5-year Data Profile
48267,48,267,"Kimble County, Texas",62386,12.4,27.9,4316,2022,ACS 2022 5-year Data Profile
48269,48,269,"King County, Texas",59375,27.8,30.6,216,2022,ACS 2022 5-year Data Profile
48271,48,271,"Kinney County, Texas",52386,15.6,13.3,3157,2022,ACS 2022 5-year Data Profile
48273,48,273,"Kleberg County, Texas",52487,30.6,23.0,30860,2022,ACS 2022 5-year Data Profile
48275,48,275,"Knox County, Texas",48750,11.4,14.2,3333,2022,ACS 2022 5-year Data Profile
48277,48,277,"Lamar County, Texas",58246,16.0,20.9,50149,2022,ACS 2022 5-year Data Profile
48279,48,279,"Lamb County, Texas",54519,17.4,12.9,13024,2022,ACS 2022 5-year Data Profile
48281,48,281,"Lampasas County, Texas",73269,9.5,20.2,21829,2022,ACS 2022 5-year Data Profile
48283,48,283,"La Salle County, Texas",62798,28.0,5.4,6965,2022,ACS 2022 5-year Data Profile
48285,48,285,"Lavaca County, Texas",58530,10.2,19.6,20379,2022,ACS 2022 5-year Data Profile
48287,48,287,"Lee County, Texas",66448,13.2,16.6,17543,2022,ACS 2022 5-year Data Profile
48289,48,289,"Leon County, Texas",57363,14.4,15.0,15928,2022,ACS 2022 5-year Data Profile
48291,48,291,"Liberty County, Texas",59605,17.7,10.6,93523,2022,ACS 2022 5-year Data Profile
48293,48,293,"Limestone County, Texas",53102,21.5,16.9,22222,2022,ACS 2022 5-year Data Profile
48295,48,295,"Lipscomb County, Texas",71625,13.8,24.7,3038,2022,ACS 2022 5-year Data Profile
48297,48,297,"Live Oak County, Texas",55949,21.0,13.6,11374,2022,ACS 2022 5-year Data Profile
48299,48,299,"Llano County, Texas",64241,11.3,31.8,21637,2022,ACS 2022 5-year Data Profile
48301,48,301,"Loving County, Texas",-666666666,5.2,0.0,96,2022,ACS 2022 5-year Data Profile
48303,48,303,"Lubbock County, Texas",61911,17.2,32.6,311509,2022,ACS 2022 5-year Data Profile
48305,48,305,"Lynn County, Texas",52996,18.8,24.6,5619,2022,ACS 2022 5-year Data Profile
48307,48,307,"McCulloch County, Texas",53214,13.5,18.6,7638,2022,ACS 2022 5-year Data Profile
48309,48,309,"McLennan County, Texas",59781,17.9,26.9,261090,2022,ACS 2022 5-year Data Profile
48311,48,311,"McMullen County, Texas",60313,14.9,15.7,670,2022,ACS 2022 5-year Data Profile
48313,48,313,"Madison County, Texas",65768,12.5,14.0,13556,2022,ACS 2022 5-year Data Profile
48315,48,315,"Marion County, Texas",48040,15.7,16.3,9668,2022,ACS 2022 5-year Data Profile
48317,48,317,"Martin County, Texas",70217,16.9,16.9,5228,2022,ACS 2022 5-year Data Profile
48319,48,319,"Mason County, Texas",77583,4.9,38.0,3959,2022,ACS 2022 5-year Data Profile
48321,48,321,"Matagorda County, Texas",56412,21.8,20.9,36251,2022,ACS 2022 5-year Data Profile
48323,48,323,"Maverick County, Texas",48497,23.4,15.8,57806,2022,ACS 2022 5-year Data Profile
48325,48,325,"Medina County, Texas",73060,10.3,22.2,51432,2022,ACS 2022 5-year Data Profile
48327,48,327,"Menard County, Texas",40945,22.5,23.9,1964,2022,ACS 2022 5-year Data Profile
48329,48,329,"Midland County, Texas",90123,10.8,29.4,169393,2022,ACS 2022 5-year Data Profile
48331,48,331,"Milam County, Texas",56985,14.3,18.2,25080,2022,ACS 2022 5-year Data Profile
48333,48,333,"Mills County, Texas",59315,6.9,28.5,4501,2022,ACS 2022 5-year Data Profile
48335,48,335,"Mitchell County, Texas",49869,14.5,9.6,8947,2022,ACS 2022 5-year Data Profile
48337,48,337,"Montague County, Texas",63336,13.0,16.7,20197,2022,ACS 2022 5-year Data Profile
48339,48,339,"Montgomery County, Texas",95946,8.8,37.7,629989,2022,ACS 2022 5-year Data Profile
48341,48,341,"Moore County, Texas",59041,13.5,11.8,21284,2022,ACS 2022 5-year Data Profile
48343,48,343,"Morris County, Texas",51532,15.8,13.5,11993,2022,ACS 2022 5-year Data Profile
48345,48,345,"Motley County, Texas",66528,9.4,20.4,1223,2022,ACS 2022 5-year Data Profile
48347,48,347,"Nacogdoches County, Texas",51153,22.4,25.4,64768,2022,ACS 2022 5-year Data Profile
48349,48,349,"Navarro County, Texas",56261,16.5,17.0,52834,2022,ACS 2022 5-year Data Profile
48351,48,351,"Newton County, Texas",38871,24.2,6.8,12333,2022,ACS 2022 5-year Data Profile
48353,48,353,"Nolan County, Texas",47437,15.5,14.0,14657,2022,ACS 2022 5-year Data Profile
48355,48,355,"Nueces County, Texas",64027,17.3,22.5,353245,2022,ACS 2022 5-year Data Profile
48357,48,357,"Ochiltree County, Texas",62240,12.2,18.6,9924,2022,ACS 2022 5-year Data Profile
48359,48,359,"Oldham County, Texas",71103,17.2,23.9,2171,2022,ACS 2022 5-year Data Profile
48361,48,361,"Orange County, Texas",71910,11.9,17.2,84761,2022,ACS 2022 5-year Data Profile
48363,48,363,"Palo Pinto County, Texas",65242,15.8,18.1,28569,2022,ACS 2022 5-year Data Profile
48365,48,365,"Panola County, Texas",58205,14.0,16.2,22540,2022,ACS 2022 5-year Data Profile
48367,48,367,"Parker County, Texas",95721,7.9,30.9,151188,2022,ACS 2022 5-year Data Profile
48369,48,369,"Parmer County, Texas",65575,9.5,18.5,9809,2022,ACS 2022 5-year Data Profile
48371,48,371,"Pecos County, Texas",59325,23.0,11.5,15114,2022,ACS 2022 5-year Data Profile
48373,48,373,"Polk County, Texas",57315,16.4,13.2,50536,2022,ACS 2022 5-year Data Profile
48375,48,375,"Potter County, Texas",47974,20.7,17.0,117905,2022,ACS 2022 5-year Data Profile
48377,48,377,"Presidio County, Texas",29012,40.0,21.2,6168,2022,ACS 2022 5-year Data Profile
48379,48,379,"Rains County, Texas",60291,11.0,20.5,12257,2022,ACS 2022 5-year Data Profile
48381,48,381,"Randall County, Texas",78038,9.4,32.7,141489,2022,ACS 2022 5-year Data Profile
48383,48,383,"Reagan County, Texas",70319,7.2,12.0,3308,2022,ACS 2022 5-year Data Profile
48385,48,385,"Real County, Texas",46842,24.5,20.9,2830,2022,ACS 2022 5-year Data Profile
48387,48,387,"Red River County, Texas",44583,20.2,14.0,11627,2022,ACS 2022 5-year Data Profile
48389,48,389,"Reeves County, Texas",57487,21.0,9.8,14022,2022,ACS 2022 5-year Data Profile
48391,48,391,"Refugio County, Texas",54304,16.3,11.2,6718,2022,ACS 2022 5-year Data Profile
48393,48,393,"Roberts County, Texas",62667,14.7,19.2,764,2022,ACS 2022 5-year Data Profile
48395,48,395,"Robertson County, Texas",59410,14.2,18.4,16912,2022,ACS 2022 5-year Data Profile
48397,48,397,"Rockwall County, Texas",121303,4.2,43.9,110631,2022,ACS 2022 5-year Data Profile
48399,48,399,"Runnels County, Texas",55424,11.9,18.3,9858,2022,ACS 2022 5-year Data Profile
48401,48,401,"Rusk County, Texas",61661,13.4,15.8,52755,2022,ACS 2022 5-year Data Profile
48403,48,403,"Sabine County, Texas",47061,17.3,17.9,9980,2022,ACS 2022 5-year Data Profile
48405,48,405,"San Augustine County, Texas",45888,27.3,12.8,7920,2022,ACS 2022 5-year Data Profile
48407,48,407,"San Jacinto County, Texas",54839,17.4,16.0,27666,2022,ACS 2022 5-year Data Profile
48409,48,409,"San Patricio County, Texas",63842,15.8,17.6,68942,2022,ACS 2022 5-year Data Profile
48411,48,411,"San Saba County, Texas",54087,14.3,19.4,5779,2022,ACS 2022 5-year Data Profile
48413,48,413,"Schleicher County, Texas",53774,14.5,13.6,2474,2022,ACS 2022 5-year Data Profile
48415,48,415,"Scurry County, Texas",58932,11.8,18.6,16883,2022,ACS 2022 5-year Data Profile
48417,48,417,"Shackelford County, Texas",60924,11.3,32.4,3134,2022,ACS 2022 5-year Data Profile
48419,48,419,"Shelby County, Texas",49231,23.3,13.8,24157,2022,ACS 2022 5-year Data Profile
48421,48,421,"Sherman County, Texas",66169,8.3,21.8,2414,2022,ACS 2022 5-year Data Profile
48423,48,423,"Smith County, Texas",69053,12.6,27.4,234667,2022,ACS 2022 5-year Data Profile
48425,48,425,"Somervell County, Texas",87899,7.3,28.6,9337,2022,ACS 2022 5-year Data Profile
48427,48,427,"Starr County, Texas",35979,33.5,12.7,65716,2022,ACS 2022 5-year Data Profile
48429,48,429,"Stephens County, Texas",44712,16.7,18.4,9260,2022,ACS 2022 5-year Data Profile
48431,48,431,"Sterling County, Texas",63558,1.8,23.4,1392,2022,ACS 2022 5-year Data Profile
48433,48,433,"Stonewall County, Texas",66591,7.1,15.1,1331,2022,ACS 2022 5-year Data Profile
48435,48,435,"Sutton County, Texas",56778,16.6,15.3,3345,2022,ACS 2022 5-year Data Profile
48437,48,437,"Swisher County, Texas",40290,29.5,19.3,6989,2022,ACS 2022 5-year Data Profile
48439,48,439,"Tarrant County, Texas",78872,11.0,33.9,2113854,2022,ACS 2022 5-year Data Profile
48441,48,441,"Taylor County, Texas",61806,14.6,28.7,143029,2022,ACS 2022 5-year Data Profile
48443,48,443,"Terrell County, Texas",52813,6.4,29.5,862,2022,ACS 2022 5-year Data Profile
48445,48,445,"Terry County, Texas",42694,22.4,11.0,11816,2022,ACS 2022 5-year Data Profile
48447,48,447,"Throckmorton County, Texas",55221,14.0,20.2,1439,2022,ACS 2022 5-year Data Profile
48449,48,449,"Titus County, Texas",57634,18.3,15.3,31301,2022,ACS 2022 5-year Data Profile
48451,48,451,"Tom Green County, Texas",67215,11.7,24.6,119276,2022,ACS 2022 5-year Data Profile
48453,48,453,"Travis County, Texas",92731,11.3,53.8,1289054,2022,ACS 2022 5-year Data Profile
48455,48,455,"Trinity County, Texas",51165,14.2,14.8,13735,2022,ACS 2022 5-year Data Profile
48457,48,457,"Tyler County, Texas",50898,18.0,13.1,19962,2022,ACS 2022 5-year Data Profile
48459,48,459,"Upshur County, Texas",60456,14.6,17.0,41261,2022,ACS 2022 5-year Data Profile
48461,48,461,"Upton County, Texas",55284,20.3,9.7,3284,2022,ACS 2022 5-year Data Profile
48463,48,463,"Uvalde County, Texas",55000,24.1,19.1,24833,2022,ACS 2022 5-year Data Profile
48465,48,465,"Val Verde County, Texas",57250,16.2,20.2,47693,2022,ACS 2022 5-year Data Profile
48467,48,467,"Van Zandt County, Texas",62334,13.1,17.1,60053,2022,ACS 2022 5-year Data Profile
48469,48,469,"Victoria County, Texas",66308,16.6,19.2,91209,2022,ACS 2022 5-year Data Profile
48471,48,471,"Walker County, Texas",47193,19.5,19.3,77182,2022,ACS 2022 5-year Data Profile
48473,48,473,"Waller County, Texas",71643,13.0,24.9,57463,2022,ACS 2022 5-year Data Profile
48475,48,475,"Ward County, Texas",70771,13.6,11.3,11347,2022,ACS 2022 5-year Data Profile
48477,48,477,"Washington County, Texas",70043,11.9,28.9,35807,2022,ACS 2022 5-year Data Profile
48479,48,479,"Webb County, Texas",59984,21.4,20.6,267282,2022,ACS 2022 5-year Data Profile
48481,48,481,"Wharton County, Texas",59712,14.6,18.1,41614,2022,ACS 2022 5-year Data Profile
48483,48,483,"Wheeler County, Texas",58158,18.3,17.3,4980,2022,ACS 2022 5-year Data Profile
48485,48,485,"Wichita County, Texas",58862,15.8,23.9,129584,2022,ACS 2022 5-year Data Profile
48487,48,487,"Wilbarger County, Texas",50769,18.4,16.6,12795,2022,ACS 2022 5-year Data Profile
48489,48,489,"Willacy County, Texas",42839,26.6,10.5,20308,2022,ACS 2022 5-year Data Profile
48491,48,491,"Williamson County, Texas",102851,6.3,46.3,617396,2022,ACS 2022 5-year Data Profile
48493,48,493,"Wilson County, Texas",89708,10.3,25.4,50381,2022,ACS 2022 5-year Data Profile
48495,48,495,"Winkler County, Texas",89155,12.6,9.1,7582,2022,ACS 2022 5-year Data Profile
48497,48,497,"Wise County, Texas",85385,9.1,20.8,70062,2022,ACS 2022 5-year Data Profile
48499,48,499,"Wood County, Texas",61748,12.6,21.1,45341,2022,ACS 2022 5-year Data Profile
48501,48,501,"Yoakum County, Texas",80317,13.6,9.7,7630,2022,ACS 2022 5-year Data Profile
48503,48,503,"Young County, Texas",65565,15.7,22.5,17903,2022,ACS 2022 5-year Data Profile
48505,48,505,"Zapata County, Texas",35061,37.2,11.3,13896,2022,ACS 2022 5-year Data Profile
48507,48,507,"Zavala County, Texas",49243,31.0,13.8,9700,2022,ACS 2022 5-year Data Profile
49001,49,001,"Beaver County, Utah",80268,7.0,27.5,7102,2022,ACS 2022 5-year Data Profile
49003,49,003,"Box Elder County, Utah",72769,8.1,25.8,58291,2022,ACS 2022 5-year Data Profile
49005,49,005,"Cache County, Utah",72719,13.5,40.0,134428,2022,ACS 2022 5-year Data Profile
49007,49,007,"Carbon County, Utah",53734,16.6,16.7,20338,2022,ACS 2022 5-year Data Profile
49009,49,009,"Daggett County, Utah",61250,7.8,18.2,638,2022,ACS 2022 5-year Data Profile
49011,49,011,"Davis County, Utah",101285,6.0,38.4,363032,2022,ACS 2022 5-year Data Profile
49013,49,013,"Duchesne County, Utah",70821,13.5,14.4,19779,2022,ACS 2022 5-year Data Profile
49015,49,015,"Emery County, Utah",67056,11.8,15.6,9898,2022,ACS 2022 5-year Data Profile
49017,49,017,"Garfield County, Utah",56481,15.9,30.3,5121,2022,ACS 2022 5-year Data Profile
49019,49,019,"Grand County, Utah",59171,15.7,31.7,9680,2022,ACS 2022 5-year Data Profile
49021,49,021,"Iron County, Utah",63005,14.1,30.4,58068,2022,ACS 2022 5-year Data Profile
49023,49,023,"Juab County, Utah",88048,8.6,21.4,11943,2022,ACS 2022 5-year Data Profile
49025,49,025,"Kane County, Utah",70327,12.9,32.4,7814,2022,ACS 2022 5-year Data Profile
49027,49,027,"Millard County, Utah",69403,11.2,23.6,13027,2022,ACS 2022 5-year Data Profile
49029,49,029,"Morgan County, Utah",120854,1.7,37.6,12367,2022,ACS 2022 5-year Data Profile
49031,49,031,"Piute County, Utah",33359,20.9,19.6,1764,2022,ACS 2022 5-year Data Profile
49033,49,033,"Rich County, Utah",69250,8.0,26.8,2543,2022,ACS 2022 5-year Data Profile
49035,49,035,"Salt Lake County, Utah",90011,8.1,37.7,1180643,2022,ACS 2022 5-year Data Profile
49037,49,037,"San Juan County, Utah",52108,20.7,19.1,14524,2022,ACS 2022 5-year Data Profile
49039,49,039,"Sanpete County, Utah",64356,14.8,22.3,28816,2022,ACS 2022 5-year Data Profile
49041,49,041,"Sevier County, Utah",66972,11.7,22.8,21667,2022,ACS 2022 5-year Data Profile
49043,49,043,"Summit County, Utah",126392,5.2,57.4,42524,2022,ACS 2022 5-year Data Profile
49045,49,045,"Tooele County, Utah",95545,4.5,22.6,74032,2022,ACS 2022 5-year Data Profile
49047,49,047,"Uintah County, Utah",67983,11.6,18.0,35951,2022,ACS 2022 5-year Data Profile
49049,49,049,"Utah County, Utah",91263,8.9,42.8,666021,2022,ACS 2022 5-year Data Profile
49051,49,051,"Wasatch County, Utah",104855,5.4,46.7,35009,2022,ACS 2022 5-year Data Profile
49053,49,053,"Washington County, Utah",71976,8.8,32.8,183297,2022,ACS 2022 5-year Data Profile
49055,49,055,"Wayne County, Utah",64870,8.5,22.2,2532,2022,ACS 2022 5-year Data Profile
49057,49,057,"Weber County, Utah",82291,7.6,27.0,262960,2022,ACS 2022 5-year Data Profile
50001,50,001,"Addison County, Vermont",85870,7.5,41.8,37434,2022,ACS 2022 5-year Data Profile
50003,50,003,"Bennington County, Vermont",68558,11.2,39.4,37326,2022,ACS 2022 5-year Data Profile
50005,50,005,"Caledonia County, Vermont",62964,11.8,31.5,30418,2022,ACS 2022 5-year Data Profile
50007,50,007,"Chittenden County, Vermont",89494,11.2,55.7,168309,2022,ACS 2022 5-year Data Profile
50009,50,009,"Essex County, Vermont",55247,13.2,20.2,5976,2022,ACS 2022 5-year Data Profile
50011,50,011,"Franklin County, Vermont",73633,10.4,27.4,50101,2022,ACS 2022 5-year Data Profile
50013,50,013,"Grand Isle County, Vermont",86639,7.4,42.6,7335,2022,ACS 2022 5-year Data Profile
50015,50,015,"Lamoille County, Vermont",69886,8.6,42.8,25977,2022,ACS 2022 5-year Data Profile
50017,50,017,"Orange County, Vermont",74534,9.2,35.2,29439,2022,ACS 2022 5-year Data Profile
50019,50,019,"Orleans County, Vermont",63981,9.8,27.7,27459,2022,ACS 2022 5-year Data Profile
50021,50,021,"Rutland County, Vermont",62641,11.4,33.0,60585,2022,ACS 2022 5-year Data Profile
50023,50,023,"Washington County, Vermont",77278,9.9,46.2,59768,2022,ACS 2022 5-year Data Profile
50025,50,025,"Windham County, Vermont",65473,12.6,40.4,45857,2022,ACS 2022 5-year Data Profile
50027,50,027,"Windsor County, Vermont",69492,8.7,40.8,57832,2022,ACS 2022 5-year Data Profile
51001,51,001,"Accomack County, Virginia",52694,15.9,21.3,33367,2022,ACS 2022 5-year Data Profile
51003,51,003,"Albemarle County, Virginia",97708,7.1,60.1,112513,2022,ACS 2022 5-year Data Profile
51005,51,005,"Alleghany County, Virginia",52546,13.7,15.2,15159,2022,ACS 2022 5-year Data Profile
51007,51,007,"Amelia County, Virginia",63438,11.1,17.7,13309,2022,ACS 2022 5-year Data Profile
51009,51,009,"Amherst County, Virginia",64454,11.3,21.9,31426,2022,ACS 2022 5-year Data Profile
51011,51,011,"Appomattox County, Virginia",60041,13.8,19.3,16253,2022,ACS 2022 5-year Data Profile
51013,51,013,"Arlington County, Virginia",137387,6.7,76.8,235845,2022,ACS 2022 5-year Data Profile
51015,51,015,"Augusta County, Virginia",76124,8.1,23.3,77433,2022,ACS 2022 5-year Data Profile
51017,51,017,"Bath County, Virginia",55699,23.7,18.3,4177,2022,ACS 2022 5-year Data Profile
51019,51,019,"Bedford County, Virginia",74773,9.1,32.6,79761,2022,ACS 2022 5-year Data Profile
51021,51,021,"Bland County, Virginia",59901,10.7,16.4,6241,2022,ACS 2022 5-year Data Profile
51023,51,023,"Botetourt County, Virginia",77680,7.2,27.7,33734,2022,ACS 2022 5-year Data Profile
51025,51,025,"Brunswick County, Virginia",52678,17.2,16.0,15965,2022,ACS 2022 5-year Data Profile
51027,51,027,"Buchanan County, Virginia",39591,25.3,10.9,20246,2022,ACS 2022 5-year Data Profile
51029,51,029,"Buckingham County, Virginia",59894,14.0,12.2,16869,2022,ACS 2022 5-year Data Profile
51031,51,031,"Campbell County, Virginia",59022,10.0,24.6,55518,2022,ACS 2022 5-year Data Profile
51033,51,033,"Caroline County, Virginia",83562,11.6,22.3,31181,2022,ACS 2022 5-year Data Profile
51035,51,035,"Carroll County, Virginia",49113,15.2,15.9,29126,2022,ACS 2022 5-year Data Profile
51036,51,036,"Charles City County, Virginia",65573,12.5,16.2,6760,2022,ACS 2022 5-year Data Profile
51037,51,037,"Charlotte County, Virginia",51548,20.3,16.6,11563,2022,ACS 2022 5-year Data Profile
51041,51,041,"Chesterfield County, Virginia",95757,6.7,42.3,366019,2022,ACS 2022 5-year Data Profile
51043,51,043,"Clarke County, Virginia",107475,5.4,34.5,14882,2022,ACS 2022 5-year Data Profile
51045,51,045,"Craig County, Virginia",66286,10.9,16.0,4898,2022,ACS 2022 5-year Data Profile
51047,51,047,"Culpeper County, Virginia",92359,7.3,26.8,52822,2022,ACS 2022 5-year Data Profile
51049,51,049,"Cumberland County, Virginia",56497,7.9,18.5,9697,2022,ACS 2022 5-year Data Profile
51051,51,051,"Dickenson County, Virginia",40143,22.5,11.4,14089,2022,ACS 2022 5-year Data Profile
51053,51,053,"Dinwiddie County, Virginia",77225,11.0,17.9,28057,2022,ACS 2022 5-year Data Profile
51057,51,057,"Essex County, Virginia",52335,17.1,15.3,10602,2022,ACS 2022 5-year Data Profile
51059,51,059,"Fairfax County, Virginia",145165,6.0,64.1,1145354,2022,ACS 2022 5-year Data Profile
51061,51,061,"Fauquier County, Virginia",122785,5.8,39.4,73290,2022,ACS 2022 5-year Data Profile
51063,51,063,"Floyd County, Virginia",57146,9.4,23.2,15532,2022,ACS 2022 5-year Data Profile
51065,51,065,"Fluvanna County, Virginia",90766,6.1,35.8,27442,2022,ACS 2022 5-year Data Profile
51067,51,067,"Franklin County, Virginia",66275,13.3,23.8,54838,2022,ACS 2022 5-year Data Profile
51069,51,069,"Frederick County, Virginia",92443,6.8,29.1,92007,2022,ACS 2022 5-year Data Profile
51071,51,071,"Giles County, Virginia",61987,9.7,19.3,16711,2022,ACS 2022 5-year Data Profile
51073,51,073,"Gloucester County, Virginia",83750,7.5,25.5,38875,2022,ACS 2022 5-year Data Profile
51075,51,075,"Goochland County, Virginia",105600,4.2,44.4,24906,2022,ACS 2022 5-year Data Profile
51077,51,077,"Grayson County, Virginia",43348,18.7,14.1,15356,2022,ACS 2022 5-year Data Profile
51079,51,079,"Greene County, Virginia",81338,11.1,27.9,20631,2022,ACS 2022 5-year Data Profile
51081,51,081,"Greensville County, Virginia",51823,12.9,13.4,11373,2022,ACS 2022 5-year Data Profile
51083,51,083,"Halifax County, Virginia",49145,14.7,17.1,34013,2022,ACS 2022 5-year Data Profile
51085,51,085,"Hanover County, Virginia",104678,5.2,41.8,110513,2022,ACS 2022 5-year Data Profile
51087,51,087,"Henrico County, Virginia",82424,8.4,45.4,333120,2022,ACS 2022 5-year Data Profile
51089,51,089,"Henry County, Virginia",43694,16.1,14.4,50760,2022,ACS 2022 5-year Data Profile
51091,51,091,"Highland County, Virginia",57070,10.3,30.7,2247,2022,ACS 2022 5-year Data Profile
51093,51,093,"Isle of Wight County, Virginia",91680,9.8,29.8,38898,2022,ACS 2022 5-year Data Profile
51095,51,095,"James City County, Virginia",100711,7.3,50.0,78818,2022,ACS 2022 5-year Data Profile
51097,51,097,"King and Queen County, Virginia",70147,19.9,22.6,6681,2022,ACS 2022 5-year Data Profile
51099,51,099,"King George County, Virginia",103264,6.9,34.9,26985,2022,ACS 2022 5-year Data Profile
51101,51,101,"King William County, Virginia",79398,8.0,24.8,17845,2022,ACS 2022 5-year Data Profile
51103,51,103,"Lancaster County, Virginia",62674,14.0,32.3,10866,2022,ACS 2022 5-year Data Profile
51105,51,105,"Lee County, Virginia",41619,26.0,11.5,22287,2022,ACS 2022 5-year Data Profile
51107,51,107,"Loudoun County, Virginia",170463,3.8,63.5,420773,2022,ACS 2022 5-year Data Profile
51109,51,109,"Louisa County, Virginia",76594,10.9,25.8,38106,2022,ACS 2022 5-year Data Profile
51111,51,111,"Lunenburg County, Virginia",54438,13.0,11.1,11988,2022,ACS 2022 5-year Data Profile
51113,51,113,"Madison County, Virginia",74586,8.0,24.5,13828,2022,ACS 2022 5-year Data Profile
51115,51,115,"Mathews County, Virginia",79054,6.8,29.8,8537,2022,ACS 2022 5-year Data Profile
51117,51,117,"Mecklenburg County, Virginia",51265,18.8,21.5,30367,2022,ACS 2022 5-year Data Profile
51119,51,119,"Middlesex County, Virginia",69389,9.7,29.6,10738,2022,ACS 2022 5-year Data Profile
51121,51,121,"Montgomery County, Virginia",65270,24.9,46.5,99373,2022,ACS 2022 5-year Data Profile
51125,51,125,"Nelson County, Virginia",64028,13.2,30.4,14773,2022,ACS 2022 5-year Data Profile
51127,51,127,"New Kent County, Virginia",113120,3.9,33.6,23296,2022,ACS 2022 5-year Data Profile
51131,51,131,"Northampton County, Virginia",54693,16.7,29.3,12132,2022,ACS 2022 5-year Data Profile
51133,51,133,"Northumberland County, Virginia",64655,14.8,33.7,12007,2022,ACS 2022 5-year Data Profile
51135,51,135,"Nottoway County, Virginia",62366,19.1,16.1,15638,2022,ACS 2022 5-year Data Profile
51137,51,137,"Orange County, Virginia",87309,13.0,27.3,36593,2022,ACS 2022 5-year Data Profile
51139,51,139,"Page County, Virginia",56760,10.0,14.7,23753,2022,ACS 2022 5-year Data Profile
51141,51,141,"Patrick County, Virginia",49180,11.4,16.3,17660,2022,ACS 2022 5-year Data Profile
51143,51,143,"Pittsylvania County, Virginia",52619,16.4,15.0,60541,2022,ACS 2022 5-year Data Profile
51145,51,145,"Powhatan County, Virginia",108089,4.5,32.8,30503,2022,ACS 2022 5-year Data Profile
51147,51,147,"Prince Edward County, Virginia",57304,18.1,26.9,21922,2022,ACS 2022 5-year Data Profile
51149,51,149,"Prince George County, Virginia",80318,8.3,24.1,42634,2022,ACS 2022 5-year Data Profile
51153,51,153,"Prince William County, Virginia",123193,6.0,43.7,481114,2022,ACS 2022 5-year Data Profile
51155,51,155,"Pulaski County, Virginia",59740,13.1,21.1,33841,2022,ACS 2022 5-year Data Profile
51157,51,157,"Rappahannock County, Virginia",98663,7.6,33.8,7422,2022,ACS 2022 5-year Data Profile
51159,51,159,"Richmond County, Virginia",62708,7.5,17.8,8968,2022,ACS 2022 5-year Data Profile
51161,51,161,"Roanoke County, Virginia",80872,7.1,37.5,96653,2022,ACS 2022 5-year Data Profile
51163,51,163,"Rockbridge County, Virginia",61903,8.9,30.2,22673,2022,ACS 2022 5-year Data Profile
51165,51,165,"Rockingham County, Virginia",73232,8.8,28.8,83905,2022,ACS 2022 5-year Data Profile
51167,51,167,"Russell County, Virginia",44088,19.3,12.6,25763,2022,ACS 2022 5-year Data Profile
51169,51,169,"Scott County, Virginia",44535,17.0,13.9,21536,2022,ACS 2022 5-year Data Profile
51171,51,171,"Shenandoah County, Virginia",62149,12.6,20.7,44337,2022,ACS 2022 5-year Data Profile
51173,51,173,"Smyth County, Virginia",45061,18.8,17.5,29799,2022,ACS 2022 5-year Data Profile
51175,51,175,"Southampton County, Virginia",67813,8.4,19.0,18003,2022,ACS 2022 5-year Data Profile
51177,51,177,"Spotsylvania County, Virginia",105068,7.4,33.3,141097,2022,ACS 2022 5-year Data Profile
51179,51,179,"Stafford County, Virginia",128036,5.4,43.1,157606,2022,ACS 2022 5-year Data Profile
51181,51,181,"Surry County, Virginia",68655,13.3,23.5,6546,2022,ACS 2022 5-year Data Profile
51183,51,183,"Sussex County, Virginia",59195,12.7,15.4,10866,2022,ACS 2022 5-year Data Profile
51185,51,185,"Tazewell County, Virginia",46508,18.1,15.9,40392,2022,ACS 2022 5-year Data Profile
51187,51,187,"Warren County, Virginia",79313,12.0,22.4,40800,2022,ACS 2022 5-year Data Profile
51191,51,191,"Washington County, Virginia",59116,12.0,24.6,53985,2022,ACS 2022 5-year Data Profile
51193,51,193,"Westmoreland County, Virginia",56647,16.0,17.6,18480,2022,ACS 2022 5-year Data Profile
51195,51,195,"Wise County, Virginia",47541,19.9,16.3,36105,2022,ACS 2022 5-year Data Profile
51197,51,197,"Wythe County, Virginia",53921,17.2,20.1,28275,2022,ACS 2022 5-year Data Profile
51199,51,199,"York County, Virginia",105154,4.7,49.5,70238,2022,ACS 2022 5-year Data Profile
51510,51,510,"Alexandria city, Virginia",113179,8.8,66.0,157594,2022,ACS 2022 5-year Data Profile
51520,51,520,"Bristol city, Virginia",45250,17.0,22.8,17036,2022,ACS 2022 5-year Data Profile
51530,51,530,"Buena Vista city, Virginia",48783,21.9,21.5,6639,2022,ACS 2022 5-year Data Profile
51540,51,540,"Charlottesville city, Virginia",67177,23.6,58.9,46289,2022,ACS 2022 5-year Data Profile
51550,51,550,"Chesapeake city, Virginia",92703,7.6,35.8,249377,2022,ACS 2022 5-year Data Profile
51570,51,570,"Colonial Heights city, Virginia",72216,10.2,28.1,18158,2022,ACS 2022 5-year Data Profile
51580,51,580,"Covington city, Virginia",45737,16.9,11.4,5722,2022,ACS 2022 5-year Data Profile
51590,51,590,"Danville city, Virginia",41484,25.3,18.7,42507,2022,ACS 2022 5-year Data Profile
51595,51,595,"Emporia city, Virginia",41442,17.3,16.5,5680,2022,ACS 2022 5-year Data Profile
51600,51,600,"Fairfax city, Virginia",128708,10.0,60.1,24242,2022,ACS 2022 5-year Data Profile
51610,51,610,"Falls Church city, Virginia",164536,2.3,78.9,14576,2022,ACS 2022 5-year Data Profile
51620,51,620,"Franklin city, Virginia",57537,18.7,23.2,8194,2022,ACS 2022 5-year Data Profile
51630,51,630,"Fredericksburg city, Virginia",83445,18.0,43.5,28258,2022,ACS 2022 5-year Data Profile
51640,51,640,"Galax city, Virginia",44612,22.4,17.5,6687,2022,ACS 2022 5-year Data Profile
51650,51,650,"Hampton city, Virginia",64430,13.5,27.7,137217,2022,ACS 2022 5-year Data Profile
51660,51,660,"Harrisonburg city, Virginia",56050,27.2,35.2,51784,2022,ACS 2022 5-year Data Profile
51670,51,670,"Hopewell city, Virginia",50661,21.3,11.1,23046,2022,ACS 2022 5-year Data Profile
51678,51,678,"Lexington city, Virginia",93651,16.6,60.2,7346,2022,ACS 2022 5-year Data Profile
51680,51,680,"Lynchburg city, Virginia",56243,17.5,38.0,79166,2022,ACS 2022 5-year Data Profile
51683,51,683,"Manassas city, Virginia",110559,4.7,34.5,42620,2022,ACS 2022 5-year Data Profile
51685,51,685,"Manassas Park city, Virginia",91673,5.1,25.0,17123,2022,ACS 2022 5-year Data Profile
51690,51,690,"Martinsville city, Virginia",39127,24.6,20.3,13539,2022,ACS 2022 5-year Data Profile
51700,51,700,"Newport News city, Virginia",63355,14.7,28.7,185118,2022,ACS 2022 5-year Data Profile
51710,51,710,"Norfolk city, Virginia",60998,16.9,32.2,236973,2022,ACS 2022 5-year Data Profile
51720,51,720,"Norton city, Virginia",36974,29.1,19.4,3668,2022,ACS 2022 5-year Data Profile
51730,51,730,"Petersburg city, Virginia",46930,22.2,21.8,33261,2022,ACS 2022 5-year Data Profile
51735,51,735,"Poquoson city, Virginia",114503,4.5,38.4,12479,2022,ACS 2022 5-year Data Profile
51740,51,740,"Portsmouth city, Virginia",57154,17.4,21.2,97384,2022,ACS 2022 5-year Data Profile
51750,51,750,"Radford city, Virginia",51039,33.8,44.8,16379,2022,ACS 2022 5-year Data Profile
51760,51,760,"Richmond city, Virginia",59606,19.5,44.1,227171,2022,ACS 2022 5-year Data Profile
51770,51,770,"Roanoke city, Virginia",51523,19.1,28.4,99213,2022,ACS 2022 5-year Data Profile
51775,51,775,"Salem city, Virginia",68402,9.6,32.5,25372,2022,ACS 2022 5-year Data Profile
51790,51,790,"Staunton city, Virginia",59731,11.4,33.6,25581,2022,ACS 2022 5-year Data Profile
51800,51,800,"Suffolk city, Virginia",87758,9.4,32.1,94856,2022,ACS 2022 5-year Data Profile
51810,51,810,"Virginia Beach city, Virginia",87544,8.0,39.8,457900,2022,ACS 2022 5-year Data Profile
51820,51,820,"Waynesboro city, Virginia",52519,16.1,27.2,22341,2022,ACS 2022 5-year Data Profile
51830,51,830,"Williamsburg city, Virginia",66815,13.7,50.6,15486,2022,ACS 2022 5-year Data Profile
51840,51,840,"Winchester city, Virginia",62495,16.8,32.3,28103,2022,ACS 2022 5-year Data Profile
53001,53,001,"Adams County, Washington",63105,20.9,14.7,20557,2022,ACS 2022 5-year Data Profile
53003,53,003,"Asotin County, Washington",63724,16.1,23.1,22370,2022,ACS 2022 5-year Data Profile
53005,53,005,"Benton County, Washington",83778,10.5,32.3,207560,2022,ACS 2022 5-year Data Profile
53007,53,007,"Chelan County, Washington",71876,9.2,29.5,79076,2022,ACS 2022 5-year Data Profile
53009,53,009,"Clallam County, Washington",66108,10.9,30.8,77333,2022,ACS 2022 5-year Data Profile
53011,53,011,"Clark County, Washington",90115,8.9,32.2,504091,2022,ACS 2022 5-year Data Profile
53013,53,013,"Columbia County, Washington",68825,9.3,26.6,3980,2022,ACS 2022 5-year Data Profile
53015,53,015,"Cowlitz County, Washington",70912,12.1,16.6,110621,2022,ACS 2022 5-year Data Profile
53017,53,017,"Douglas County, Washington",79422,7.9,21.7,43189,2022,ACS 2022 5-year Data Profile
53019,53,019,"Ferry County, Washington",50424,15.5,18.1,7260,2022,ACS 2022 5-year Data Profile
53021,53,021,"Franklin County, Washington",77877,13.4,20.0,96692,2022,ACS 2022 5-year Data Profile
53023,53,023,"Garfield County, Washington",57958,11.1,27.0,2310,2022,ACS 2022 5-year Data Profile
53025,53,025,"Grant County, Washington",66387,14.3,17.7,99145,2022,ACS 2022 5-year Data Profile
53027,53,027,"Grays Harbor County, Washington",59105,14.9,17.2,75672,2022,ACS 2022 5-year Data Profile
53029,53,029,"Island County, Washington",82850,6.8,35.4,86510,2022,ACS 2022 5-year Data Profile
53031,53,031,"Jefferson County, Washington",64796,13.8,43.5,33006,2022,ACS 2022 5-year Data Profile
53033,53,033,"King County, Washington",116340,8.4,54.8,2254371,2022,ACS 2022 5-year Data Profile
53035,53,035,"Kitsap County, Washington",93675,8.3,35.3,275411,2022,ACS 2022 5-year Data Profile
53037,53,037,"Kittitas County, Washington",66800,14.5,36.1,44424,2022,ACS 2022 5-year Data Profile
53039,53,039,"Klickitat County, Washington",66581,13.8,30.8,22798,2022,ACS 2022 5-year Data Profile
53041,53,041,"Lewis County, Washington",67247,12.3,19.8,82663,2022,ACS 2022 5-year Data Profile
53043,53,043,"Lincoln County, Washington",68172,11.6,23.0,11036,2022,ACS 2022 5-year Data Profile
53045,53,045,"Mason County, Washington",74388,12.9,21.4,66053,2022,ACS 2022 5-year Data Profile
53047,53,047,"Okanogan County, Washington",58218,18.9,22.6,42336,2022,ACS 2022 5-year Data Profile
53049,53,049,"Pacific County, Washington",58889,13.2,23.7,23396,2022,ACS 2022 5-year Data Profile
53051,53,051,"Pend Oreille County, Washington",59353,12.9,21.5,13570,2022,ACS 2022 5-year Data Profile
53053,53,053,"Pierce County, Washington",91486,8.7,29.3,918993,2022,ACS 2022 5-year Data Profile
53055,53,055,"San Juan County, Washington",76745,11.0,52.6,18001,2022,ACS 2022 5-year Data Profile
53057,53,057,"Skagit County, Washington",82029,12.0,28.7,129480,2022,ACS 2022 5-year Data Profile
53059,53,059,"Skamania County, Washington",84500,8.6,26.4,12118,2022,ACS 2022 5-year Data Profile
53061,53,061,"Snohomish County, Washington",104083,7.6,35.4,828337,2022,ACS 2022 5-year Data Profile
53063,53,063,"Spokane County, Washington",70394,12.3,31.9,538711,2022,ACS 2022 5-year Data Profile
53065,53,065,"Stevens County, Washington",62381,13.3,20.9,46774,2022,ACS 2022 5-year Data Profile
53067,53,067,"Thurston County, Washington",88895,9.3,36.4,294272,2022,ACS 2022 5-year Data Profile
53069,53,069,"Wahkiakum County, Washington",59167,13.7,22.1,4476,2022,ACS 2022 5-year Data Profile
53071,53,071,"Walla Walla County, Washington",66635,11.1,29.9,62150,2022,ACS 2022 5-year Data Profile
53073,53,073,"Whatcom County, Washington",77581,12.9,37.0,226523,2022,ACS 2022 5-year Data Profile
53075,53,075,"Whitman County, Washington",49345,23.9,50.9,47141,2022,ACS 2022 5-year Data Profile
53077,53,077,"Yakima County, Washington",64910,15.5,18.2,256143,2022,ACS 2022 5-year Data Profile
54001,54,001,"Barbour County, West Virginia",44341,22.0,11.8,15527,2022,ACS 2022 5-year Data Profile
54003,54,003,"Berkeley County, West Virginia",73619,10.9,24.3,123283,2022,ACS 2022 5-year Data Profile
54005,54,005,"Boone County, West Virginia",56182,16.5,11.7,21705,2022,ACS 2022 5-year Data Profile
54007,54,007,"Braxton County, West Virginia",42245,18.2,11.7,12505,2022,ACS 2022 5-year Data Profile
54009,54,009,"Brooke County, West Virginia",51963,11.0,21.9,22349,2022,ACS 2022 5-year Data Profile
54011,54,011,"Cabell County, West Virginia",48944,20.1,30.3,93965,2022,ACS 2022 5-year Data Profile
54013,54,013,"Calhoun County, West Virginia",39031,33.7,8.3,6279,2022,ACS 2022 5-year Data Profile
54015,54,015,"Clay County, West Virginia",41530,24.6,12.6,8049,2022,ACS 2022 5-year Data Profile
54017,54,017,"Doddridge County, West Virginia",56587,14.4,12.0,7847,2022,ACS 2022 5-year Data Profile
54019,54,019,"Fayette County, West Virginia",50090,21.5,15.8,40545,2022,ACS 2022 5-year Data Profile
54021,54,021,"Gilmer County, West Virginia",51552,11.1,20.2,7444,2022,ACS 2022 5-year Data Profile
54023,54,023,"Grant County, West Virginia",52877,11.7,13.2,11034,2022,ACS 2022 5-year Data Profile
54025,54,025,"Greenbrier County, West Virginia",45519,20.0,20.9,32995,2022,ACS 2022 5-year Data Profile
54027,54,027,"Hampshire County, West Virginia",55222,17.5,14.6,23275,2022,ACS 2022 5-year Data Profile
54029,54,029,"Hancock County, West Virginia",57515,13.4,19.1,28907,2022,ACS 2022 5-year Data Profile
54031,54,031,"Hardy County, West Virginia",49205,17.3,14.9,14249,2022,ACS 2022 5-year Data Profile
54033,54,033,"Harrison County, West Virginia",56184,13.7,24.7,65862,2022,ACS 2022 5-year Data Profile
54035,54,035,"Jackson County, West Virginia",55173,19.6,18.6,27868,2022,ACS 2022 5-year Data Profile
54037,54,037,"Jefferson County, West Virginia",93744,9.1,32.2,58043,2022,ACS 2022 5-year Data Profile
54039,54,039,"Kanawha County, West Virginia",55226,16.4,28.2,179895,2022,ACS 2022 5-year Data Profile
54041,54,041,"Lewis County, West Virginia",50552,16.8,17.6,16920,2022,ACS 2022 5-year Data Profile
54043,54,043,"Lincoln County, West Virginia",50985,19.2,8.1,20410,2022,ACS 2022 5-year Data Profile
54045,54,045,"Logan County, West Virginia",42194,23.8,13.3,32350,2022,ACS 2022 5-year Data Profile
54047,54,047,"McDowell County, West Virginia",28235,33.3,6.6,18911,2022,ACS 2022 5-year Data Profile
54049,54,049,"Marion County, West Virginia",59974,14.9,25.1,56194,2022,ACS 2022 5-year Data Profile
54051,54,051,"Marshall County, West Virginia",58129,14.7,19.0,30509,2022,ACS 2022 5-year Data Profile
54053,54,053,"Mason County, West Virginia",53058,16.3,15.5,25488,2022,ACS 2022 5-year Data Profile
54055,54,055,"Mercer County, West Virginia",46409,18.8,20.6,59530,2022,ACS 2022 5-year Data Profile
54057,54,057,"Mineral County, West Virginia",64728,13.9,23.1,26957,2022,ACS 2022 5-year Data Profile
54059,54,059,"Mingo County, West Virginia",38305,28.6,9.6,23466,2022,ACS 2022 5-year Data Profile
54061,54,061,"Monongalia County, West Virginia",60893,20.6,48.3,105988,2022,ACS 2022 5-year Data Profile
54063,54,063,"Monroe County, West Virginia",52392,13.2,15.2,12438,2022,ACS 2022 5-year Data Profile
54065,54,065,"Morgan County, West Virginia",61021,10.6,18.7,17237,2022,ACS 2022 5-year Data Profile
54067,54,067,"Nicholas County, West Virginia",48826,16.7,18.4,24624,2022,ACS 2022 5-year Data Profile
54069,54,069,"Ohio County, West Virginia",55521,14.7,33.2,42224,2022,ACS 2022 5-year Data Profile
54071,54,071,"Pendleton County, West Virginia",52458,16.4,19.2,6156,2022,ACS 2022 5-year Data Profile
54073,54,073,"Pleasants County, West Virginia",59666,7.7,12.1,7622,2022,ACS 2022 5-year Data Profile
54075,54,075,"Pocahontas County, West Virginia",41680,20.3,14.8,7940,2022,ACS 2022 5-year Data Profile
54077,54,077,"Preston County, West Virginia",60136,13.8,17.6,34206,2022,ACS 2022 5-year Data Profile
54079,54,079,"Putnam County, West Virginia",75725,10.9,29.5,57347,2022,ACS 2022 5-year Data Profile
54081,54,081,"Raleigh County, West Virginia",47975,22.0,20.6,74303,2022,ACS 2022 5-year Data Profile
54083,54,083,"Randolph County, West Virginia",51186,15.5,17.6,28005,2022,ACS 2022 5-year Data Profile
54085,54,085,"Ritchie County, West Virginia",48973,20.3,12.3,8507,2022,ACS 2022 5-year Data Profile
54087,54,087,"Roane County, West Virginia",41299,21.1,13.6,14027,2022,ACS 2022 5-year Data Profile
54089,54,089,"Summers County, West Virginia",42991,21.2,16.5,11985,2022,ACS 2022 5-year Data Profile
54091,54,091,"Taylor County, West Virginia",52946,16.9,18.3,16602,2022,ACS 2022 5-year Data Profile
54093,54,093,"Tucker County, West Virginia",54053,9.8,24.8,6747,2022,ACS 2022 5-year Data Profile
54095,54,095,"Tyler County, West Virginia",59167,12.0,16.4,8336,2022,ACS 2022 5-year Data Profile
54097,54,097,"Upshur County, West Virginia",49663,17.8,16.6,23875,2022,ACS 2022 5-year Data Profile
54099,54,099,"Wayne County, West Virginia",52694,16.7,18.3,38933,2022,ACS 2022 5-year Data Profile
54101,54,101,"Webster County, West Virginia",43409,17.8,11.5,8362,2022,ACS 2022 5-year Data Profile
54103,54,103,"Wetzel County, West Virginia",50715,17.0,13.4,14431,2022,ACS 2022 5-year Data Profile
54105,54,105,"Wirt County, West Virginia",52776,20.3,15.2,5202,2022,ACS 2022 5-year Data Profile
54107,54,107,"Wood County, West Virginia",54350,14.8,22.0,84272,2022,ACS 2022 5-year Data Profile
54109,54,109,"Wyoming County, West Virginia",44510,24.4,11.4,21237,2022,ACS 2022 5-year Data Profile
55001,55,001,"Adams County, Wisconsin",55223,14.6,15.6,20730,2022,ACS 2022 5-year Data Profile
55003,55,003,"Ashland County, Wisconsin",57000,16.6,20.7,16041,2022,ACS 2022 5-year Data Profile
55005,55,005,"Barron County, Wisconsin",59379,11.8,20.7,46683,2022,ACS 2022 5-year Data Profile
55007,55,007,"Bayfield County, Wisconsin",67266,10.4,33.6,16214,2022,ACS 2022 5-year Data Profile
55009,55,009,"Brown County, Wisconsin",74066,9.7,31.7,268393,2022,ACS 2022 5-year Data Profile
55011,55,011,"Buffalo County, Wisconsin",64238,8.2,21.0,13329,2022,ACS 2022 5-year Data Profile
55013,55,013,"Burnett County, Wisconsin",60466,11.6,22.1,16561,2022,ACS 2022 5-year Data Profile
55015,55,015,"Calumet County, Wisconsin",84151,5.9,31.7,52361,2022,ACS 2022 5-year Data Profile
55017,55,017,"Chippewa County, Wisconsin",69815,9.9,23.2,66254,2022,ACS 2022 5-year Data Profile
55019,55,019,"Clark County, Wisconsin",63187,12.2,13.1,34703,2022,ACS 2022 5-year Data Profile
55021,55,021,"Columbia County, Wisconsin",79271,7.5,24.2,58272,2022,ACS 2022 5-year Data Profile
55023,55,023,"Crawford County, Wisconsin",60823,12.4,17.5,16123,2022,ACS 2022 5-year Data Profile
55025,55,025,"Dane County, Wisconsin",84297,10.9,54.0,559891,2022,ACS 2022 5-year Data Profile
55027,55,027,"Dodge County, Wisconsin",71747,7.6,19.6,89032,2022,ACS 2022 5-year Data Profile
55029,55,029,"Door County, Wisconsin",68257,8.7,35.3,30038,2022,ACS 2022 5-year Data Profile
55031,55,031,"Douglas County, Wisconsin",64682,11.2,27.2,44092,2022,ACS 2022 5-year Data Profile
55033,55,033,"Dunn County, Wisconsin",69721,11.0,28.6,45221,2022,ACS 2022 5-year Data Profile
55035,55,035,"Eau Claire County, Wisconsin",70127,12.1,35.4,105697,2022,ACS 2022 5-year Data Profile
55037,55,037,"Florence County, Wisconsin",58049,9.8,22.5,4574,2022,ACS 2022 5-year Data Profile
55039,55,039,"Fond du Lac County, Wisconsin",70368,8.6,22.3,104027,2022,ACS 2022 5-year Data Profile
55041,55,041,"Forest County, Wisconsin",55552,13.9,15.7,9239,2022,ACS 2022 5-year Data Profile
55043,55,043,"Grant County, Wisconsin",63497,13.8,24.2,51842,2022,ACS 2022 5-year Data Profile
55045,55,045,"Green County, Wisconsin",76080,6.6,26.1,37066,2022,ACS 2022 5-year Data Profile
55047,55,047,"Green Lake County, Wisconsin",66395,12.8,22.4,19093,2022,ACS 2022 5-year Data Profile
55049,55,049,"Iowa County, Wisconsin",79226,8.0,27.8,23766,2022,ACS 2022 5-year Data Profile
55051,55,051,"Iron County, Wisconsin",55777,10.5,23.7,6136,2022,ACS 2022 5-year Data Profile
55053,55,053,"Jackson County, Wisconsin",64630,12.7,15.9,20958,2022,ACS 2022 5-year Data Profile
55055,55,055,"Jefferson County, Wisconsin",77018,7.6,27.9,85932,2022,ACS 2022 5-year Data Profile
55057,55,057,"Juneau County, Wisconsin",63455,14.7,16.1,26695,2022,ACS 2022 5-year Data Profile
55059,55,059,"Kenosha County, Wisconsin",76583,11.1,29.4,168693,2022,ACS 2022 5-year Data Profile
55061,55,061,"Kewaunee County, Wisconsin",77610,6.7,20.3,20570,2022,ACS 2022 5-year Data Profile
55063,55,063,"La Crosse County, Wisconsin",68731,11.8,35.8,120216,2022,ACS 2022 5-year Data Profile
55065,55,065,"Lafayette County, Wisconsin",69293,10.5,19.9,16716,2022,ACS 2022 5-year Data Profile
55067,55,067,"Langlade County, Wisconsin",55091,12.2,15.8,19512,2022,ACS 2022 5-year Data Profile
55069,55,069,"Lincoln County, Wisconsin",64314,10.4,18.8,28402,2022,ACS 2022 5-year Data Profile
55071,55,071,"Manitowoc County, Wisconsin",66412,10.0,23.1,81242,2022,ACS 2022 5-year Data Profile
55073,55,073,"Marathon County, Wisconsin",73248,8.3,27.0,137820,2022,ACS 2022 5-year Data Profile
55075,55,075,"Marinette County, Wisconsin",60347,9.7,17.9,41827,2022,ACS 2022 5-year Data Profile
55077,55,077,"Marquette County, Wisconsin",59748,10.4,14.5,15619,2022,ACS 2022 5-year Data Profile
55078,55,078,"Menominee County, Wisconsin",62194,20.0,18.9,4279,2022,ACS 2022 5-year Data Profile
55079,55,079,"Milwaukee County, Wisconsin",59319,17.8,33.1,933063,2022,ACS 2022 5-year Data Profile
55081,55,081,"Monroe County, Wisconsin",66451,11.6,20.1,46208,2022,ACS 2022 5-year Data Profile
55083,55,083,"Oconto County, Wisconsin",73611,8.3,17.3,39048,2022,ACS 2022 5-year Data Profile
55085,55,085,"Oneida County, Wisconsin",66111,9.6,27.1,37799,2022,ACS 2022 5-year Data Profile
55087,55,087,"Outagamie County, Wisconsin",78705,6.9,31.6,190611,2022,ACS 2022 5-year Data Profile
55089,55,089,"Ozaukee County, Wisconsin",92258,4.5,49.8,91745,2022,ACS 2022 5-year Data Profile
55091,55,091,"Pepin County, Wisconsin",70833,7.8,22.8,7363,2022,ACS 2022 5-year Data Profile
55093,55,093,"Pierce County, Wisconsin",82996,9.8,31.0,42187,2022,ACS 2022 5-year Data Profile
55095,55,095,"Polk County, Wisconsin",74142,8.3,22.8,45128,2022,ACS 2022 5-year Data Profile
55097,55,097,"Portage County, Wisconsin",71301,10.4,33.6,70281,2022,ACS 2022 5-year Data Profile
55099,55,099,"Price County, Wisconsin",55822,13.6,16.1,14066,2022,ACS 2022 5-year Data Profile
55101,55,101,"Racine County, Wisconsin",72658,11.3,28.0,197068,2022,ACS 2022 5-year Data Profile
55103,55,103,"Richland County, Wisconsin",61985,14.5,19.9,17256,2022,ACS 2022 5-year Data Profile
55105,55,105,"Rock County, Wisconsin",70630,9.9,24.4,163817,2022,ACS 2022 5-year Data Profile
55107,55,107,"Rusk County, Wisconsin",57473,11.4,17.1,14179,2022,ACS 2022 5-year Data Profile
55109,55,109,"St. Croix County, Wisconsin",97950,5.9,37.8,93752,2022,ACS 2022 5-year Data Profile
55111,55,111,"Sauk County, Wisconsin",72930,8.6,25.2,65664,2022,ACS 2022 5-year Data Profile
55113,55,113,"Sawyer County, Wisconsin",57519,13.2,26.9,18057,2022,ACS 2022 5-year Data Profile
55115,55,115,"Shawano County, Wisconsin",65493,10.1,18.2,40848,2022,ACS 2022 5-year Data Profile
55117,55,117,"Sheboygan County, Wisconsin",68969,7.7,26.6,117741,2022,ACS 2022 5-year Data Profile
55119,55,119,"Taylor County, Wisconsin",61360,8.8,15.8,19979,2022,ACS 2022 5-year Data Profile
55121,55,121,"Trempealeau County, Wisconsin",68474,7.4,19.7,30679,2022,ACS 2022 5-year Data Profile
55123,55,123,"Vernon County, Wisconsin",65177,14.6,24.3,30811,2022,ACS 2022 5-year Data Profile
55125,55,125,"Vilas County, Wisconsin",63726,9.8,29.2,23146,2022,ACS 2022 5-year Data Profile
55127,55,127,"Walworth County, Wisconsin",75172,9.6,30.8,105127,2022,ACS 2022 5-year Data Profile
55129,55,129,"Washburn County, Wisconsin",58504,12.4,23.1,16685,2022,ACS 2022 5-year Data Profile
55131,55,131,"Washington County, Wisconsin",91915,4.7,33.9,136842,2022,ACS 2022 5-year Data Profile
55133,55,133,"Waukesha County, Wisconsin",101639,4.9,47.2,407290,2022,ACS 2022 5-year Data Profile
55135,55,135,"Waupaca County, Wisconsin",69198,8.8,19.5,51822,2022,ACS 2022 5-year Data Profile
55137,55,137,"Waushara County, Wisconsin",61033,11.5,16.5,24672,2022,ACS 2022 5-year Data Profile
55139,55,139,"Winnebago County, Wisconsin",70041,10.8,29.3,171197,2022,ACS 2022 5-year Data Profile
55141,55,141,"Wood County, Wisconsin",63273,10.5,21.3,74138,2022,ACS 2022 5-year Data Profile
56001,56,001,"Albany County, Wyoming",55887,23.0,55.9,37525,2022,ACS 2022 5-year Data Profile
56003,56,003,"Big Horn County, Wyoming",61262,11.1,20.5,11690,2022,ACS 2022 5-year Data Profile
56005,56,005,"Campbell County, Wyoming",93315,9.5,21.9,46857,2022,ACS 2022 5-year Data Profile
56007,56,007,"Carbon County, Wyoming",65196,13.9,21.1,14609,2022,ACS 2022 5-year Data Profile
56009,56,009,"Converse County, Wyoming",79235,11.0,22.0,13729,2022,ACS 2022 5-year Data Profile
56011,56,011,"Crook County, Wyoming",68876,6.3,23.3,7258,2022,ACS 2022 5-year Data Profile
56013,56,013,"Fremont County, Wyoming",60030,13.9,24.3,39402,2022,ACS 2022 5-year Data Profile
56015,56,015,"Goshen County, Wyoming",62356,9.3,24.0,12592,2022,ACS 2022 5-year Data Profile
56017,56,017,"Hot Springs County, Wyoming",64031,16.1,28.2,4616,2022,ACS 2022 5-year Data Profile
56019,56,019,"Johnson County, Wyoming",60667,16.7,31.8,8536,2022,ACS 2022 5-year Data Profile
56021,56,021,"Laramie County, Wyoming",76282,9.0,30.5,100316,2022,ACS 2022 5-year Data Profile
56023,56,023,"Lincoln County, Wyoming",83033,7.1,23.1,19794,2022,ACS 2022 5-year Data Profile
56025,56,025,"Natrona County, Wyoming",69104,9.1,26.6,79506,2022,ACS 2022 5-year Data Profile
56027,56,027,"Niobrara County, Wyoming",54375,18.3,20.0,2460,2022,ACS 2022 5-year Data Profile
56029,56,029,"Park County, Wyoming",66754,9.6,32.8,29878,2022,ACS 2022 5-year Data Profile
56031,56,031,"Platte County, Wyoming",64753,12.0,22.1,8618,2022,ACS 2022 5-year Data Profile
56033,56,033,"Sheridan County, Wyoming",68898,8.7,32.1,31176,2022,ACS 2022 5-year Data Profile
56035,56,035,"Sublette County, Wyoming",85960,8.1,25.6,8801,2022,ACS 2022 5-year Data Profile
56037,56,037,"Sweetwater County, Wyoming",79375,11.7,20.0,42079,2022,ACS 2022 5-year Data Profile
56039,56,039,"Teton County, Wyoming",108279,6.9,60.3,23346,2022,ACS 2022 5-year Data Profile
56041,56,041,"Uinta County, Wyoming",78164,6.5,19.1,20546,2022,ACS 2022 5-year Data Profile
56043,56,043,"Washakie County, Wyoming",61875,6.7,21.1,7725,2022,ACS 2022 5-year Data Profile
56045,56,045,"Weston County, Wyoming",71800,12.9,17.6,6870,2022,ACS 2022 5-year Data Profile
72001,72,001,"Adjuntas Municipio, Puerto Rico",17659,63.4,,17972,2022,ACS 2022 5-year Data Profile
72003,72,003,"Aguada Municipio, Puerto Rico",20301,47.2,,37998,2022,ACS 2022 5-year Data Profile
72005,72,005,"Aguadilla Municipio, Puerto Rico",18348,48.7,,54752,2022,ACS 2022 5-year Data Profile
72007,72,007,"Aguas Buenas Municipio, Puerto Rico",23160,42.9,,24136,2022,ACS 2022 5-year Data Profile
72009,72,009,"Aibonito Municipio, Puerto Rico",22511,42.5,,24555,2022,ACS 2022 5-year Data Profile
72011,72,011,"Añasco Municipio, Puerto Rico",22673,46.6,,25497,2022,ACS 2022 5-year Data Profile
72013,72,013,"Arecibo Municipio, Puerto Rico",21799,44.9,,87217,2022,ACS 2022 5-year Data Profile
72015,72,015,"Arroyo Municipio, Puerto Rico",18496,57.7,,15797,2022,ACS 2022 5-year Data Profile
72017,72,017,"Barceloneta Municipio, Puerto Rico",20282,46.6,,22604,2022,ACS 2022 5-year Data Profile
72019,72,019,"Barranquitas Municipio, Puerto Rico",21262,50.0,,28899,2022,ACS 2022 5-year Data Profile
72021,72,021,"Bayamón Municipio, Puerto Rico",29403,34.8,,184326,2022,ACS 2022 5-year Data Profile
72023,72,023,"Cabo Rojo Municipio, Puerto Rico",23077,42.1,,46983,2022,ACS 2022 5-year Data Profile
72025,72,025,"Caguas Municipio, Puerto Rico",29279,37.0,,126772,2022,ACS 2022 5-year Data Profile
72027,72,027,"Camuy Municipio, Puerto Rico",23263,41.7,,32733,2022,ACS 2022 5-year Data Profile
72029,72,029,"Canóvanas Municipio, Puerto Rico",26021,36.4,,42218,2022,ACS 2022 5-year Data Profile
72031,72,031,"Carolina Municipio, Puerto Rico",32888,31.0,,154126,2022,ACS 2022 5-year Data Profile
72033,72,033,"Cataño Municipio, Puerto Rico",22407,45.6,,23060,2022,ACS 2022 5-year Data Profile
72035,72,035,"Cayey Municipio, Puerto Rico",26704,39.8,,41509,2022,ACS 2022 5-year Data Profile
72037,72,037,"Ceiba Municipio, Puerto Rico",22945,41.8,,11256,2022,ACS 2022 5-year Data Profile
72039,72,039,"Ciales Municipio, Puerto Rico",19618,55.7,,16924,2022,ACS 2022 5-year Data Profile
72041,72,041,"Cidra Municipio, Puerto Rico",25580,39.0,,39831,2022,ACS 2022 5-year Data Profile
72043,72,043,"Coamo Municipio, Puerto Rico",20569,49.9,,34557,2022,ACS 2022 5-year Data Profile
72045,72,045,"Comerío Municipio, Puerto Rico",16153,53.3,,18817,2022,ACS 2022 5-year Data Profile
72047,72,047,"Corozal Municipio, Puerto Rico",21670,46.1,,34459,2022,ACS 2022 5-year Data Profile
72049,72,049,"Culebra Municipio, Puerto Rico",25483,23.5,,1186,2022,ACS 2022 5-year Data Profile
72051,72,051,"Dorado Municipio, Puerto Rico",31485,30.6,,35786,2022,ACS 2022 5-year Data Profile
72053,72,053,"Fajardo Municipio, Puerto Rico",24309,42.6,,31984,2022,ACS 2022 5-year Data Profile
72054,72,054,"Florida Municipio, Puerto Rico",21560,47.4,,11641,2022,ACS 2022 5-year Data Profile
72055,72,055,"Guánica Municipio, Puerto Rico",14525,66.3,,13682,2022,ACS 2022 5-year Data Profile
72057,72,057,"Guayama Municipio, Puerto Rico",19165,48.0,,36365,2022,ACS 2022 5-year Data Profile
72059,72,059,"Guayanilla Municipio, Puerto Rico",21312,53.4,,17670,2022,ACS 2022 5-year Data Profile
72061,72,061,"Guaynabo Municipio, Puerto Rico",43304,25.1,,89554,2022,ACS 2022 5-year Data Profile
72063,72,063,"Gurabo Municipio, Puerto Rico",39533,31.9,,40517,2022,ACS 2022 5-year Data Profile
72065,72,065,"Hatillo Municipio, Puerto Rico",24407,39.3,,38330,2022,ACS 2022 5-year Data Profile
72067,72,067,"Hormigueros Municipio, Puerto Rico",22542,41.1,,15571,2022,ACS 2022 5-year Data Profile
72069,72,069,"Humacao Municipio, Puerto Rico",25940,37.1,,50729,2022,ACS 2022 5-year Data Profile
72071,72,071,"Isabela Municipio, Puerto Rico",19965,48.2,,42817,2022,ACS 2022 5-year Data Profile
72073,72,073,"Jayuya Municipio, Puerto Rico",18363,54.7,,14726,2022,ACS 2022 5-year Data Profile
72075,72,075,"Juana Díaz Municipio, Puerto Rico",23035,44.3,,46333,2022,ACS 2022 5-year Data Profile
72077,72,077,"Juncos Municipio, Puerto Rico",25931,38.1,,36928,2022,ACS 2022 5-year Data Profile
72079,72,079,"Lajas Municipio, Puerto Rico",17131,56.1,,23202,2022,ACS 2022 5-year Data Profile
72081,72,081,"Lares Municipio, Puerto Rico",18844,56.0,,27990,2022,ACS 2022 5-year Data Profile
72083,72,083,"Las Marías Municipio, Puerto Rico",16506,52.8,,8826,2022,ACS 2022 5-year Data Profile
72085,72,085,"Las Piedras Municipio, Puerto Rico",23193,39.1,,35099,2022,ACS 2022 5-year Data Profile
72087,72,087,"Loíza Municipio, Puerto Rico",21306,45.4,,23580,2022,ACS 2022 5-year Data Profile
72089,72,089,"Luquillo Municipio, Puerto Rico",22585,45.3,,17716,2022,ACS 2022 5-year Data Profile
72091,72,091,"Manatí Municipio, Puerto Rico",20385,45.5,,39310,2022,ACS 2022 5-year Data Profile
72093,72,093,"Maricao Municipio, Puerto Rico",20133,52.0,,5354,2022,ACS 2022 5-year Data Profile
72095,72,095,"Maunabo Municipio, Puerto Rico",21951,49.9,,10563,2022,ACS 2022 5-year Data Profile
72097,72,097,"Mayagüez Municipio, Puerto Rico",16788,53.5,,72721,2022,ACS 2022 5-year Data Profile
72099,72,099,"Moca Municipio, Puerto Rico",20331,46.7,,37363,2022,ACS 2022 5-year Data Profile
72101,72,101,"Morovis Municipio, Puerto Rico",22282,47.5,,28659,2022,ACS 2022 5-year Data Profile
72103,72,103,"Naguabo Municipio, Puerto Rico",20486,47.9,,23340,2022,ACS 2022 5-year Data Profile
72105,72,105,"Naranjito Municipio, Puerto Rico",20616,48.8,,29153,2022,ACS 2022 5-year Data Profile
72107,72,107,"Orocovis Municipio, Puerto Rico",16869,55.9,,21378,2022,ACS 2022 5-year Data Profile
72109,72,109,"Patillas Municipio, Puerto Rico",20778,48.5,,15927,2022,ACS 2022 5-year Data Profile
72111,72,111,"Peñuelas Municipio, Puerto Rico",20072,52.1,,20298,2022,ACS 2022 5-year Data Profile
72113,72,113,"Ponce Municipio, Puerto Rico",18994,50.4,,136542,2022,ACS 2022 5-year Data Profile
72115,72,115,"Quebradillas Municipio, Puerto Rico",20209,46.1,,23540,2022,ACS 2022 5-year Data Profile
72117,72,117,"Rincón Municipio, Puerto Rico",26771,41.3,,15164,2022,ACS 2022 5-year Data Profile
72119,72,119,"Río Grande Municipio, Puerto Rico",25963,36.2,,46838,2022,ACS 2022 5-year Data Profile
72121,72,121,"Sabana Grande Municipio, Puerto Rico",20464,46.0,,22639,2022,ACS 2022 5-year Data Profile
72123,72,123,"Salinas Municipio, Puerto Rico",20123,50.5,,25688,2022,ACS 2022 5-year Data Profile
72125,72,125,"San Germán Municipio, Puerto Rico",17862,49.8,,31680,2022,ACS 2022 5-year Data Profile
72127,72,127,"San Juan Municipio, Puerto Rico",26111,39.5,,340903,2022,ACS 2022 5-year Data Profile
72129,72,129,"San Lorenzo Municipio, Puerto Rico",19629,45.3,,37552,2022,ACS 2022 5-year Data Profile
72131,72,131,"San Sebastián Municipio, Puerto Rico",17557,52.4,,39183,2022,ACS 2022 5-year Data Profile
72133,72,133,"Santa Isabel Municipio, Puerto Rico",22680,46.4,,20207,2022,ACS 2022 5-year Data Profile
72135,72,135,"Toa Alta Municipio, Puerto Rico",32456,32.3,,66699,2022,ACS 2022 5-year Data Profile
72137,72,137,"Toa Baja Municipio, Puerto Rico",28719,35.4,,74854,2022,ACS 2022 5-year Data Profile
72139,72,139,"Trujillo Alto Municipio, Puerto Rico",35821,29.2,,67497,2022,ACS 2022 5-year Data Profile
72141,72,141,"Utuado Municipio, Puerto Rico",17164,53.7,,28155,2022,ACS 2022 5-year Data Profile
72143,72,143,"Vega Alta Municipio, Puerto Rico",24778,42.3,,35279,2022,ACS 2022 5-year Data Profile
72145,72,145,"Vega Baja Municipio, Puerto Rico",23701,43.2,,54182,2022,ACS 2022 5-year Data Profile
72147,72,147,"Vieques Municipio, Puerto Rico",17062,54.1,,8199,2022,ACS 2022 5-year Data Profile
72149,72,149,"Villalba Municipio, Puerto Rico",22461,42.7,,21984,2022,ACS 2022 5-year Data Profile
72151,72,151,"Yabucoa Municipio, Puerto Rico",19972,49.7,,30313,2022,ACS 2022 5-year Data Profile
72153,72,153,"Yauco Municipio, Puerto Rico",19827,43.7,,33988,2022,ACS 2022 5-year Data Profile
