fips,state_fips,county_fips,State Name,County Name,Pb_PM25_2019_2021_mean_ugm3,Pb_PM25_2019_2021_mean_ngm3,Pb_PM25_years_available,PM25_2019_2021_mean_ugm3,PM25_years_available,acs_county_name,median_household_income,poverty_rate_pct,bachelor_or_higher_pct,total_population,acs_year,acs_source
01003,01,003,Alabama,Baldwin,,,,7.555469324100666,3.0,"Baldwin County, Alabama",71039.0,10.2,32.6,233420.0,2022.0,ACS 2022 5-year Data Profile
01027,01,027,Alabama,Clay,,,,7.06432603741015,3.0,"Clay County, Alabama",48074.0,17.6,12.8,14209.0,2022.0,ACS 2022 5-year Data Profile
01033,01,033,Alabama,Colbert,,,,7.213235294117647,1.0,"Colbert County, Alabama",56149.0,15.9,18.0,57270.0,2022.0,ACS 2022 5-year Data Profile
01049,01,049,Alabama,DeKalb,,,,7.489098127581951,3.0,"DeKalb County, Alabama",47920.0,20.2,14.1,71680.0,2022.0,ACS 2022 5-year Data Profile
01055,01,055,Alabama,Etowah,,,,8.248171527250095,3.0,"Etowah County, Alabama",52177.0,15.9,17.7,103348.0,2022.0,ACS 2022 5-year Data Profile
01069,01,069,Alabama,Houston,,,,8.115652173913043,1.0,"Houston County, Alabama",55064.0,17.8,22.5,107040.0,2022.0,ACS 2022 5-year Data Profile
01073,01,073,Alabama,Jefferson,0.004839530801149,4.839530801149059,3.0,8.988917650886565,3.0,"Jefferson County, Alabama",63595.0,15.9,35.6,672265.0,2022.0,ACS 2022 5-year Data Profile
01079,01,079,Alabama,Lawrence,0.0009601984126983,0.9601984126984128,3.0,,,"Lawrence County, Alabama",54786.0,15.8,15.8,33116.0,2022.0,ACS 2022 5-year Data Profile
01089,01,089,Alabama,Madison,,,,7.313172430052119,3.0,"Madison County, Alabama",78058.0,10.7,45.1,389781.0,2022.0,ACS 2022 5-year Data Profile
01097,01,097,Alabama,Mobile,,,,8.003119471108603,3.0,"Mobile County, Alabama",55352.0,17.6,24.2,413878.0,2022.0,ACS 2022 5-year Data Profile
01101,01,101,Alabama,Montgomery,,,,8.2116372108432,3.0,"Montgomery County, Alabama",56707.0,19.6,33.7,228132.0,2022.0,ACS 2022 5-year Data Profile
01103,01,103,Alabama,Morgan,,,,8.130657763081837,3.0,"Morgan County, Alabama",61588.0,13.7,23.8,123102.0,2022.0,ACS 2022 5-year Data Profile
01113,01,113,Alabama,Russell,0.0031416773729379,3.141677372937972,3.0,9.229857441449145,3.0,"Russell County, Alabama",47420.0,22.0,16.4,58849.0,2022.0,ACS 2022 5-year Data Profile
01119,01,119,Alabama,Sumter,,,,6.241752809322034,1.0,"Sumter County, Alabama",31726.0,30.4,21.8,12196.0,2022.0,ACS 2022 5-year Data Profile
01125,01,125,Alabama,Tuscaloosa,,,,7.770007261257262,3.0,"Tuscaloosa County, Alabama",61645.0,16.7,30.9,231558.0,2022.0,ACS 2022 5-year Data Profile
02013,02,013,Alaska,Aleutians East ,0.0002643694261567,0.2643694261567913,3.0,,,"Aleutians East Borough, Alaska",79961.0,12.6,16.9,3407.0,2022.0,ACS 2022 5-year Data Profile
02020,02,020,Alaska,Anchorage ,,,,6.450707412349086,3.0,"Anchorage Municipality, Alaska",95731.0,9.6,37.0,290674.0,2022.0,ACS 2022 5-year Data Profile
02068,02,068,Alaska,Denali ,0.0001151925613485,0.1151925613485816,3.0,,,"Denali Borough, Alaska",87292.0,7.3,25.1,2101.0,2022.0,ACS 2022 5-year Data Profile
02090,02,090,Alaska,Fairbanks North Star ,0.0024874144273435,2.48741442734366,3.0,9.922016977143397,3.0,"Fairbanks North Star Borough, Alaska",81655.0,6.9,32.9,96299.0,2022.0,ACS 2022 5-year Data Profile
02110,02,110,Alaska,Juneau ,,,,5.368471665673532,3.0,"Juneau City and Borough, Alaska",95711.0,6.9,40.7,32108.0,2022.0,ACS 2022 5-year Data Profile
02122,02,122,Alaska,Kenai Peninsula ,0.0001964511109222,0.1964511109223023,3.0,,,"Kenai Peninsula Borough, Alaska",76272.0,12.5,28.0,59235.0,2022.0,ACS 2022 5-year Data Profile
02170,02,170,Alaska,Matanuska-Susitna ,0.0001580529191831,0.1580529191832038,3.0,4.988394475085073,3.0,"Matanuska-Susitna Borough, Alaska",86435.0,10.2,23.7,108661.0,2022.0,ACS 2022 5-year Data Profile
02185,02,185,Alaska,North Slope ,0.0001399635452266,0.139963545226703,3.0,,,"North Slope Borough, Alaska",83472.0,7.9,14.2,10924.0,2022.0,ACS 2022 5-year Data Profile
04001,04,001,Arizona,Apache,0.0002875294134812,0.2875294134813417,3.0,3.00104821802935,3.0,"Apache County, Arizona",37483.0,32.5,13.8,66054.0,2022.0,ACS 2022 5-year Data Profile
04003,04,003,Arizona,Cochise,0.0006495545389626,0.6495545389626387,3.0,5.123847790858726,1.0,"Cochise County, Arizona",58421.0,14.7,26.7,125504.0,2022.0,ACS 2022 5-year Data Profile
04005,04,005,Arizona,Coconino,0.0002354503943544,0.2354503943545039,3.0,,,"Coconino County, Arizona",67266.0,16.9,39.6,144705.0,2022.0,ACS 2022 5-year Data Profile
04007,04,007,Arizona,Gila,0.0013497732426303,1.3497732426303857,3.0,,,"Gila County, Arizona",55242.0,19.0,18.1,53419.0,2022.0,ACS 2022 5-year Data Profile
04012,04,012,Arizona,La Paz,,,,3.833805070217932,3.0,"La Paz County, Arizona",46634.0,21.0,12.4,16681.0,2022.0,ACS 2022 5-year Data Profile
04013,04,013,Arizona,Maricopa,0.0020564304783034,2.0564304783034406,3.0,8.204442188083693,3.0,"Maricopa County, Arizona",80675.0,11.5,35.0,4430871.0,2022.0,ACS 2022 5-year Data Profile
04015,04,015,Arizona,Mohave,0.0002360198723834,0.2360198723835087,3.0,,,"Mohave County, Arizona",53592.0,16.0,14.4,214229.0,2022.0,ACS 2022 5-year Data Profile
04017,04,017,Arizona,Navajo,0.0003153245740389,0.3153245740389968,3.0,,,"Navajo County, Arizona",50335.0,25.5,17.3,107110.0,2022.0,ACS 2022 5-year Data Profile
04019,04,019,Arizona,Pima,0.0012008113449528,1.200811344952844,3.0,4.945744756267006,3.0,"Pima County, Arizona",64323.0,14.9,35.0,1042393.0,2022.0,ACS 2022 5-year Data Profile
04021,04,021,Arizona,Pinal,,,,9.331176641463152,3.0,"Pinal County, Arizona",73313.0,11.3,21.4,433338.0,2022.0,ACS 2022 5-year Data Profile
04023,04,023,Arizona,Santa Cruz,0.0018687234665495,1.8687234665495536,3.0,9.992578436065898,3.0,"Santa Cruz County, Arizona",51885.0,20.2,23.5,47838.0,2022.0,ACS 2022 5-year Data Profile
04025,04,025,Arizona,Yavapai,0.0004353835978835,0.4353835978835979,3.0,,,"Yavapai County, Arizona",62430.0,12.3,28.7,237830.0,2022.0,ACS 2022 5-year Data Profile
04027,04,027,Arizona,Yuma,,,,8.769418559186734,3.0,"Yuma County, Arizona",56439.0,17.5,16.4,204374.0,2022.0,ACS 2022 5-year Data Profile
05001,05,001,Arkansas,Arkansas,,,,7.55668443083448,3.0,"Arkansas County, Arkansas",58695.0,16.8,15.8,17024.0,2022.0,ACS 2022 5-year Data Profile
05003,05,003,Arkansas,Ashley,,,,7.852076502732241,3.0,"Ashley County, Arkansas",44804.0,23.3,11.6,19018.0,2022.0,ACS 2022 5-year Data Profile
05007,05,007,Arkansas,Benton,,,,8.2121107266436,1.0,"Benton County, Arkansas",85269.0,7.9,35.5,286528.0,2022.0,ACS 2022 5-year Data Profile
05031,05,031,Arkansas,Craighead,,,,7.524489795918367,1.0,"Craighead County, Arkansas",55169.0,19.1,28.2,111038.0,2022.0,ACS 2022 5-year Data Profile
05035,05,035,Arkansas,Crittenden,,,,7.964617913281015,3.0,"Crittenden County, Arkansas",51860.0,19.7,17.6,47945.0,2022.0,ACS 2022 5-year Data Profile
05051,05,051,Arkansas,Garland,,,,8.543844123048668,3.0,"Garland County, Arkansas",54229.0,16.9,25.2,100021.0,2022.0,ACS 2022 5-year Data Profile
05067,05,067,Arkansas,Jackson,,,,7.759024099761805,3.0,"Jackson County, Arkansas",41929.0,20.4,11.9,16784.0,2022.0,ACS 2022 5-year Data Profile
05101,05,101,Arkansas,Newton,0.0006873680678227,0.6873680678227947,3.0,,,"Newton County, Arkansas",50699.0,11.4,14.8,7243.0,2022.0,ACS 2022 5-year Data Profile
05113,05,113,Arkansas,Polk,0.0007124577498792,0.7124577498792853,3.0,8.083850574712644,3.0,"Polk County, Arkansas",48449.0,17.8,16.3,19384.0,2022.0,ACS 2022 5-year Data Profile
05119,05,119,Arkansas,Pulaski,0.0038397097286441,3.8397097286441553,3.0,9.353052142187698,3.0,"Pulaski County, Arkansas",58326.0,16.6,37.0,398322.0,2022.0,ACS 2022 5-year Data Profile
05139,05,139,Arkansas,Union,,,,8.893124426078971,3.0,"Union County, Arkansas",49745.0,18.6,18.5,38815.0,2022.0,ACS 2022 5-year Data Profile
05143,05,143,Arkansas,Washington,,,,7.6800910364145665,3.0,"Washington County, Arkansas",61985.0,15.2,34.5,247331.0,2022.0,ACS 2022 5-year Data Profile
06001,06,001,California,Alameda,,,,8.929985901947141,3.0,"Alameda County, California",122488.0,9.2,50.9,1663823.0,2022.0,ACS 2022 5-year Data Profile
06007,06,007,California,Butte,0.0025542999160019,2.554299916002044,3.0,11.392258845005369,3.0,"Butte County, California",66085.0,18.2,30.8,213605.0,2022.0,ACS 2022 5-year Data Profile
06009,06,009,California,Calaveras,,,,8.895500507129883,3.0,"Calaveras County, California",77526.0,13.1,21.4,45674.0,2022.0,ACS 2022 5-year Data Profile
06011,06,011,California,Colusa,,,,12.556912704329044,3.0,"Colusa County, California",69619.0,10.9,14.3,21811.0,2022.0,ACS 2022 5-year Data Profile
06013,06,013,California,Contra Costa,,,,8.968223910906183,3.0,"Contra Costa County, California",120020.0,8.3,44.5,1162648.0,2022.0,ACS 2022 5-year Data Profile
06015,06,015,California,Del Norte,0.0001771324497684,0.1771324497684889,3.0,,,"Del Norte County, California",61149.0,14.3,17.7,27462.0,2022.0,ACS 2022 5-year Data Profile
06017,06,017,California,El Dorado,0.0003077586595959,0.3077586595959402,3.0,,,"El Dorado County, California",99246.0,8.6,38.0,191713.0,2022.0,ACS 2022 5-year Data Profile
06019,06,019,California,Fresno,0.0012910811794862,1.2910811794862695,3.0,13.250474872549152,3.0,"Fresno County, California",67756.0,19.5,23.4,1008280.0,2022.0,ACS 2022 5-year Data Profile
06023,06,023,California,Humboldt,,,,7.76271976161452,3.0,"Humboldt County, California",57881.0,19.8,31.1,136132.0,2022.0,ACS 2022 5-year Data Profile
06025,06,025,California,Imperial,0.0119457938117951,11.945793811795236,3.0,9.863783757761883,3.0,"Imperial County, California",53847.0,21.1,15.9,179578.0,2022.0,ACS 2022 5-year Data Profile
06027,06,027,California,Inyo,0.0003125217028959,0.3125217028960343,3.0,10.489302180594413,3.0,"Inyo County, California",63417.0,11.9,29.0,18829.0,2022.0,ACS 2022 5-year Data Profile
06029,06,029,California,Kern,0.0018951881451881,1.8951881451881447,3.0,11.658965740055658,3.0,"Kern County, California",63883.0,19.3,18.3,906883.0,2022.0,ACS 2022 5-year Data Profile
06031,06,031,California,Kings,,,,15.545866042409669,3.0,"Kings County, California",68540.0,16.2,14.7,152515.0,2022.0,ACS 2022 5-year Data Profile
06033,06,033,California,Lake,,,,6.3259107468123865,3.0,"Lake County, California",56259.0,16.6,18.2,68024.0,2022.0,ACS 2022 5-year Data Profile
06037,06,037,California,Los Angeles,0.0018449495173728,1.844949517372812,3.0,11.724445763160931,3.0,"Los Angeles County, California",83411.0,13.7,34.6,9936690.0,2022.0,ACS 2022 5-year Data Profile
06039,06,039,California,Madera,,,,13.065810368768483,3.0,"Madera County, California",73543.0,20.1,17.2,157243.0,2022.0,ACS 2022 5-year Data Profile
06041,06,041,California,Marin,0.0002264957264957,0.2264957264957265,3.0,7.350369969627764,3.0,"Marin County, California",142019.0,7.0,61.1,260485.0,2022.0,ACS 2022 5-year Data Profile
06043,06,043,California,Mariposa,0.0003150684152587,0.3150684152587861,3.0,,,"Mariposa County, California",60021.0,16.0,28.9,17130.0,2022.0,ACS 2022 5-year Data Profile
06045,06,045,California,Mendocino,,,,8.895598097750005,3.0,"Mendocino County, California",61335.0,16.2,24.0,91145.0,2022.0,ACS 2022 5-year Data Profile
06047,06,047,California,Merced,,,,11.824274555468596,3.0,"Merced County, California",64772.0,18.5,14.6,282290.0,2022.0,ACS 2022 5-year Data Profile
06051,06,051,California,Mono,0.0002024657638177,0.202465763817761,3.0,15.678969551131624,3.0,"Mono County, California",82038.0,11.3,31.7,13219.0,2022.0,ACS 2022 5-year Data Profile
06053,06,053,California,Monterey,,,,5.804993959963397,3.0,"Monterey County, California",91043.0,12.3,27.1,437609.0,2022.0,ACS 2022 5-year Data Profile
06055,06,055,California,Napa,,,,7.768633094344693,3.0,"Napa County, California",105809.0,7.9,37.8,137384.0,2022.0,ACS 2022 5-year Data Profile
06057,06,057,California,Nevada,,,,8.90776009773694,3.0,"Nevada County, California",79395.0,10.4,38.8,102322.0,2022.0,ACS 2022 5-year Data Profile
06059,06,059,California,Orange,0.0011384837734857,1.1384837734857445,3.0,10.138019698594023,3.0,"Orange County, California",109361.0,9.7,42.8,3175227.0,2022.0,ACS 2022 5-year Data Profile
06061,06,061,California,Placer,,,,10.155299021380214,3.0,"Placer County, California",109375.0,6.8,42.4,406608.0,2022.0,ACS 2022 5-year Data Profile
06063,06,063,California,Plumas,0.0020078162578161,2.0078162578162577,3.0,14.420473068913758,3.0,"Plumas County, California",67885.0,10.9,21.2,19650.0,2022.0,ACS 2022 5-year Data Profile
06065,06,065,California,Riverside,0.0021275160317743,2.127516031774403,3.0,9.080729332625252,3.0,"Riverside County, California",84505.0,11.4,24.1,2429487.0,2022.0,ACS 2022 5-year Data Profile
06067,06,067,California,Sacramento,0.0027231785405437,2.72317854054381,3.0,9.95451957016053,3.0,"Sacramento County, California",84010.0,13.1,32.6,1579211.0,2022.0,ACS 2022 5-year Data Profile
06069,06,069,California,San Benito,0.0003986055242692,0.398605524269241,3.0,6.509527330108402,3.0,"San Benito County, California",104451.0,7.5,22.0,64753.0,2022.0,ACS 2022 5-year Data Profile
06071,06,071,California,San Bernardino,0.0008284082279872,0.828408227987322,3.0,12.16016464493093,3.0,"San Bernardino County, California",77423.0,13.8,22.4,2180563.0,2022.0,ACS 2022 5-year Data Profile
06073,06,073,California,San Diego,0.0030860177783798,3.0860177783799245,3.0,10.88272335318274,3.0,"San Diego County, California",96974.0,10.6,41.0,3289701.0,2022.0,ACS 2022 5-year Data Profile
06075,06,075,California,San Francisco,,,,8.546216450668059,3.0,"San Francisco County, California",136689.0,10.5,59.8,851036.0,2022.0,ACS 2022 5-year Data Profile
06077,06,077,California,San Joaquin,,,,11.885487696871744,3.0,"San Joaquin County, California",82837.0,12.9,20.3,779445.0,2022.0,ACS 2022 5-year Data Profile
06079,06,079,California,San Luis Obispo,,,,7.18398407034304,3.0,"San Luis Obispo County, California",90158.0,12.6,38.0,281712.0,2022.0,ACS 2022 5-year Data Profile
06081,06,081,California,San Mateo,,,,7.693697601033638,3.0,"San Mateo County, California",149907.0,6.4,52.9,754250.0,2022.0,ACS 2022 5-year Data Profile
06083,06,083,California,Santa Barbara,0.0003759920006601,0.3759920006602142,3.0,6.4166890151782106,3.0,"Santa Barbara County, California",92332.0,13.5,35.7,445213.0,2022.0,ACS 2022 5-year Data Profile
06085,06,085,California,Santa Clara,0.0028390761838331,2.839076183833217,3.0,9.05349082771964,3.0,"Santa Clara County, California",153792.0,6.9,55.3,1916831.0,2022.0,ACS 2022 5-year Data Profile
06087,06,087,California,Santa Cruz,,,,6.883891806566786,3.0,"Santa Cruz County, California",104409.0,11.4,42.5,268571.0,2022.0,ACS 2022 5-year Data Profile
06089,06,089,California,Shasta,0.0002740190947441,0.2740190947441874,3.0,12.108890484003282,3.0,"Shasta County, California",68347.0,13.3,22.8,181852.0,2022.0,ACS 2022 5-year Data Profile
06093,06,093,California,Siskiyou,0.0002676470588235,0.2676470588235294,3.0,10.380424213593692,3.0,"Siskiyou County, California",53898.0,16.7,22.0,44049.0,2022.0,ACS 2022 5-year Data Profile
06095,06,095,California,Solano,,,,9.793592352155288,3.0,"Solano County, California",97037.0,9.0,28.2,450995.0,2022.0,ACS 2022 5-year Data Profile
06097,06,097,California,Sonoma,,,,6.982338066711187,3.0,"Sonoma County, California",99266.0,8.9,37.8,488436.0,2022.0,ACS 2022 5-year Data Profile
06099,06,099,California,Stanislaus,0.0030004829492098,3.0004829492098417,3.0,12.756986032329465,3.0,"Stanislaus County, California",74872.0,13.7,18.2,552063.0,2022.0,ACS 2022 5-year Data Profile
06101,06,101,California,Sutter,,,,12.835738994695808,3.0,"Sutter County, California",72654.0,13.3,20.6,99101.0,2022.0,ACS 2022 5-year Data Profile
06103,06,103,California,Tehama,,,,9.832868940864651,3.0,"Tehama County, California",59029.0,16.2,18.2,65484.0,2022.0,ACS 2022 5-year Data Profile
06105,06,105,California,Trinity,0.0002635102932958,0.2635102932959363,3.0,,,"Trinity County, California",47317.0,22.0,19.2,15889.0,2022.0,ACS 2022 5-year Data Profile
06107,06,107,California,Tulare,0.0011263231844925,1.1263231844925914,3.0,16.140152083979665,3.0,"Tulare County, California",64474.0,18.5,15.6,473446.0,2022.0,ACS 2022 5-year Data Profile
06111,06,111,California,Ventura,,,,7.0227390188050025,3.0,"Ventura County, California",102141.0,9.0,34.7,842009.0,2022.0,ACS 2022 5-year Data Profile
06113,06,113,California,Yolo,,,,9.847921306317897,3.0,"Yolo County, California",85097.0,17.4,43.3,217141.0,2022.0,ACS 2022 5-year Data Profile
08001,08,001,Colorado,Adams,0.0031104835376773,3.110483537677366,3.0,9.151752788158715,3.0,"Adams County, Colorado",86297.0,9.6,27.2,520149.0,2022.0,ACS 2022 5-year Data Profile
08003,08,003,Colorado,Alamosa,0.0002050175833573,0.2050175833573304,3.0,,,"Alamosa County, Colorado",52271.0,15.5,28.2,16460.0,2022.0,ACS 2022 5-year Data Profile
08005,08,005,Colorado,Arapahoe,,,,6.358300028688863,3.0,"Arapahoe County, Colorado",92292.0,8.0,44.9,654453.0,2022.0,ACS 2022 5-year Data Profile
08013,08,013,Colorado,Boulder,,,,8.536239519742521,3.0,"Boulder County, Colorado",99770.0,11.3,63.2,328658.0,2022.0,ACS 2022 5-year Data Profile
08029,08,029,Colorado,Delta,,,,5.012373415427956,3.0,"Delta County, Colorado",56349.0,15.0,24.5,31173.0,2022.0,ACS 2022 5-year Data Profile
08031,08,031,Colorado,Denver,0.0029116809116808,2.911680911680912,3.0,8.665460724455983,3.0,"Denver County, Colorado",85853.0,11.7,54.2,710800.0,2022.0,ACS 2022 5-year Data Profile
08035,08,035,Colorado,Douglas,,,,6.563286256170763,3.0,"Douglas County, Colorado",139010.0,3.0,60.0,360206.0,2022.0,ACS 2022 5-year Data Profile
08041,08,041,Colorado,El Paso,,,,5.672680701192648,3.0,"El Paso County, Colorado",82748.0,9.2,40.2,730323.0,2022.0,ACS 2022 5-year Data Profile
08045,08,045,Colorado,Garfield,,,,4.746337201951751,3.0,"Garfield County, Colorado",82772.0,8.1,33.7,61683.0,2022.0,ACS 2022 5-year Data Profile
08057,08,057,Colorado,Jackson,0.0001300208336768,0.1300208336768965,3.0,,,"Jackson County, Colorado",38686.0,20.9,27.5,1440.0,2022.0,ACS 2022 5-year Data Profile
08067,08,067,Colorado,La Plata,0.000207746477392,0.2077464773920859,3.0,,,"La Plata County, Colorado",81936.0,11.4,47.0,55983.0,2022.0,ACS 2022 5-year Data Profile
08069,08,069,Colorado,Larimer,0.0002543492318416,0.2543492318417493,3.0,7.484059206880892,3.0,"Larimer County, Colorado",87199.0,11.4,50.9,359363.0,2022.0,ACS 2022 5-year Data Profile
08077,08,077,Colorado,Mesa,,,,5.781048726724094,3.0,"Mesa County, Colorado",68077.0,11.5,30.0,156131.0,2022.0,ACS 2022 5-year Data Profile
08083,08,083,Colorado,Montezuma,0.0001871777212686,0.1871777212686303,3.0,,,"Montezuma County, Colorado",61377.0,12.5,30.1,26070.0,2022.0,ACS 2022 5-year Data Profile
08097,08,097,Colorado,Pitkin,0.0002420297855903,0.2420297855903916,3.0,,,"Pitkin County, Colorado",96123.0,6.7,63.1,17325.0,2022.0,ACS 2022 5-year Data Profile
08101,08,101,Colorado,Pueblo,,,,5.807301417644997,3.0,"Pueblo County, Colorado",59436.0,16.6,24.1,168135.0,2022.0,ACS 2022 5-year Data Profile
08103,08,103,Colorado,Rio Blanco,0.0002036317871268,0.2036317871269327,3.0,8.63607985560983,3.0,"Rio Blanco County, Colorado",69882.0,12.9,23.8,6511.0,2022.0,ACS 2022 5-year Data Profile
08111,08,111,Colorado,San Juan,0.0001296484110885,0.1296484110885733,3.0,,,"San Juan County, Colorado",67344.0,19.1,41.7,690.0,2022.0,ACS 2022 5-year Data Profile
08123,08,123,Colorado,Weld,0.0024917624521072,2.49176245210728,3.0,9.13203097960808,3.0,"Weld County, Colorado",89182.0,9.7,30.7,331466.0,2022.0,ACS 2022 5-year Data Profile
09001,09,001,Connecticut,Fairfield,,,,7.555648170789687,3.0,,,,,,,
09003,09,003,Connecticut,Hartford,,,,7.046815615581708,3.0,,,,,,,
09005,09,005,Connecticut,Litchfield,0.0008257636346857,0.8257636346857794,3.0,5.118073891482364,3.0,,,,,,,
09009,09,009,Connecticut,New Haven,0.0031307332964533,3.130733296453378,3.0,7.544442642189289,3.0,,,,,,,
09011,09,011,Connecticut,New London,,,,6.409038952492701,3.0,,,,,,,
10001,10,001,Delaware,Kent,,,,6.635742008406305,3.0,"Kent County, Delaware",69278.0,12.3,26.3,182400.0,2022.0,ACS 2022 5-year Data Profile
10003,10,003,Delaware,New Castle,0.0031551283392619,3.155128339262049,3.0,7.305841439356461,3.0,"New Castle County, Delaware",85309.0,10.5,38.3,570567.0,2022.0,ACS 2022 5-year Data Profile
10005,10,005,Delaware,Sussex,,,,7.379774997480031,3.0,"Sussex County, Delaware",75406.0,11.6,31.7,240668.0,2022.0,ACS 2022 5-year Data Profile
11001,11,001,District Of Columbia,District of Columbia,0.0028569000023545,2.856900002354548,3.0,7.93129465557963,3.0,"District of Columbia, District of Columbia",101722.0,15.1,62.6,670587.0,2022.0,ACS 2022 5-year Data Profile
12001,12,001,Florida,Alachua,,,,6.572329450803131,3.0,"Alachua County, Florida",57566.0,20.2,46.7,279729.0,2022.0,ACS 2022 5-year Data Profile
12009,12,009,Florida,Brevard,,,,7.229015053555108,3.0,"Brevard County, Florida",71308.0,10.1,32.9,610723.0,2022.0,ACS 2022 5-year Data Profile
12011,12,011,Florida,Broward,0.002606840958311,2.60684095831108,3.0,7.277798446712686,3.0,"Broward County, Florida",70331.0,12.4,34.9,1940907.0,2022.0,ACS 2022 5-year Data Profile
12017,12,017,Florida,Citrus,0.0008303585427294,0.8303585427294712,3.0,,,"Citrus County, Florida",52569.0,15.0,19.7,155173.0,2022.0,ACS 2022 5-year Data Profile
12031,12,031,Florida,Duval,,,,7.703237254061181,3.0,"Duval County, Florida",65579.0,14.3,32.2,995708.0,2022.0,ACS 2022 5-year Data Profile
12033,12,033,Florida,Escambia,,,,8.90747770310263,3.0,"Escambia County, Florida",61642.0,14.9,28.1,321296.0,2022.0,ACS 2022 5-year Data Profile
12057,12,057,Florida,Hillsborough,0.002864556318332,2.864556318332062,3.0,7.660527091352386,3.0,"Hillsborough County, Florida",70612.0,13.7,36.2,1468560.0,2022.0,ACS 2022 5-year Data Profile
12071,12,071,Florida,Lee,,,,6.87658763741938,3.0,"Lee County, Florida",69368.0,11.7,30.1,772902.0,2022.0,ACS 2022 5-year Data Profile
12073,12,073,Florida,Leon,0.003531133389028,3.531133389028126,3.0,7.388870420404511,3.0,"Leon County, Florida",61317.0,19.4,47.5,294128.0,2022.0,ACS 2022 5-year Data Profile
12086,12,086,Florida,Miami-Dade,0.0004895609729418,0.4895609729419325,3.0,6.740114557053379,3.0,"Miami-Dade County, Florida",64215.0,15.3,32.5,2688237.0,2022.0,ACS 2022 5-year Data Profile
12095,12,095,Florida,Orange,,,,6.6116763824362605,1.0,"Orange County, Florida",72629.0,13.5,37.4,1427403.0,2022.0,ACS 2022 5-year Data Profile
12099,12,099,Florida,Palm Beach,,,,6.622090041691782,3.0,"Palm Beach County, Florida",76066.0,11.4,38.8,1494805.0,2022.0,ACS 2022 5-year Data Profile
12103,12,103,Florida,Pinellas,,,,6.96164276097828,3.0,"Pinellas County, Florida",66406.0,11.5,35.1,959918.0,2022.0,ACS 2022 5-year Data Profile
12105,12,105,Florida,Polk,,,,7.756673406976771,3.0,"Polk County, Florida",60901.0,14.8,21.4,736229.0,2022.0,ACS 2022 5-year Data Profile
12115,12,115,Florida,Sarasota,,,,7.141048624953569,3.0,"Sarasota County, Florida",77213.0,8.1,38.3,439392.0,2022.0,ACS 2022 5-year Data Profile
12117,12,117,Florida,Seminole,,,,6.794737436158669,3.0,"Seminole County, Florida",79490.0,9.6,41.7,471321.0,2022.0,ACS 2022 5-year Data Profile
12127,12,127,Florida,Volusia,,,,7.56140819621145,3.0,"Volusia County, Florida",63075.0,12.2,26.2,558520.0,2022.0,ACS 2022 5-year Data Profile
12129,12,129,Florida,Wakulla,0.0005888204956416,0.5888204956416753,3.0,,,"Wakulla County, Florida",72035.0,6.1,19.7,33732.0,2022.0,ACS 2022 5-year Data Profile
13021,13,021,Georgia,Bibb,0.0028942622950819,2.894262295081967,3.0,8.239224269087964,3.0,"Bibb County, Georgia",48897.0,25.1,25.9,156554.0,2022.0,ACS 2022 5-year Data Profile
13049,13,049,Georgia,Charlton,0.0006559055947295,0.6559055947296147,3.0,,,"Charlton County, Georgia",45770.0,20.5,12.1,12547.0,2022.0,ACS 2022 5-year Data Profile
13051,13,051,Georgia,Chatham,,,,8.728587013639885,3.0,"Chatham County, Georgia",66171.0,14.0,36.1,296266.0,2022.0,ACS 2022 5-year Data Profile
13059,13,059,Georgia,Clarke,,,,8.659108451994697,3.0,"Clarke County, Georgia",48692.0,26.6,47.9,128864.0,2022.0,ACS 2022 5-year Data Profile
13063,13,063,Georgia,Clayton,,,,8.568016297428063,3.0,"Clayton County, Georgia",56207.0,16.9,20.6,296312.0,2022.0,ACS 2022 5-year Data Profile
13067,13,067,Georgia,Cobb,,,,8.566418732782369,3.0,"Cobb County, Georgia",94244.0,8.3,49.7,765813.0,2022.0,ACS 2022 5-year Data Profile
13069,13,069,Georgia,Coffee,0.0022314187068423,2.2314187068424363,3.0,6.946785013140812,3.0,"Coffee County, Georgia",48398.0,20.0,12.9,43056.0,2022.0,ACS 2022 5-year Data Profile
13089,13,089,Georgia,DeKalb,0.0022492530053505,2.249253005350566,3.0,8.781378219777958,3.0,"DeKalb County, Georgia",76044.0,13.4,46.7,761209.0,2022.0,ACS 2022 5-year Data Profile
13095,13,095,Georgia,Dougherty,,,,9.9880630014404,3.0,"Dougherty County, Georgia",45640.0,26.4,23.3,85038.0,2022.0,ACS 2022 5-year Data Profile
13115,13,115,Georgia,Floyd,0.0030536429872494,3.0536429872495443,3.0,,,"Floyd County, Georgia",57868.0,17.5,22.3,98541.0,2022.0,ACS 2022 5-year Data Profile
13121,13,121,Georgia,Fulton,,,,9.165945041211309,3.0,"Fulton County, Georgia",86267.0,12.5,57.1,1061944.0,2022.0,ACS 2022 5-year Data Profile
13127,13,127,Georgia,Glynn,,,,7.7809251423989565,3.0,"Glynn County, Georgia",65970.0,16.4,30.6,84566.0,2022.0,ACS 2022 5-year Data Profile
13135,13,135,Georgia,Gwinnett,,,,9.062033054534178,3.0,"Gwinnett County, Georgia",82296.0,10.1,38.9,957977.0,2022.0,ACS 2022 5-year Data Profile
13139,13,139,Georgia,Hall,,,,8.47333560528007,3.0,"Hall County, Georgia",74153.0,13.5,25.5,204953.0,2022.0,ACS 2022 5-year Data Profile
13153,13,153,Georgia,Houston,,,,9.336227549947028,3.0,"Houston County, Georgia",76968.0,9.7,32.0,164117.0,2022.0,ACS 2022 5-year Data Profile
13185,13,185,Georgia,Lowndes,,,,7.998266059527888,3.0,"Lowndes County, Georgia",52821.0,20.6,26.1,118257.0,2022.0,ACS 2022 5-year Data Profile
13213,13,213,Georgia,Murray,0.0006291819291818,0.6291819291819292,3.0,,,"Murray County, Georgia",60617.0,13.1,11.4,40063.0,2022.0,ACS 2022 5-year Data Profile
13215,13,215,Georgia,Muscogee,0.003532350645176,3.5323506451761038,3.0,8.734065025171375,3.0,"Muscogee County, Georgia",54561.0,18.7,28.4,204572.0,2022.0,ACS 2022 5-year Data Profile
13245,13,245,Georgia,Richmond,0.0030167157068795,3.016715706879641,3.0,10.478883558233656,3.0,"Richmond County, Georgia",50605.0,20.7,23.6,206153.0,2022.0,ACS 2022 5-year Data Profile
13295,13,295,Georgia,Walker,0.0046020165355918,4.602016535591853,3.0,9.06877981333642,3.0,"Walker County, Georgia",52276.0,13.7,19.7,68065.0,2022.0,ACS 2022 5-year Data Profile
13303,13,303,Georgia,Washington,,,,8.77575263100543,3.0,"Washington County, Georgia",43810.0,16.8,17.4,19975.0,2022.0,ACS 2022 5-year Data Profile
15001,15,001,Hawaii,Hawaii,0.0001112882213799,0.1112882213799644,3.0,2.5907985943229392,3.0,"Hawaii County, Hawaii",74238.0,14.1,30.7,202163.0,2022.0,ACS 2022 5-year Data Profile
15003,15,003,Hawaii,Honolulu,0.0020930259952106,2.093025995210702,3.0,3.23912391487157,3.0,"Honolulu County, Hawaii",99816.0,8.8,36.6,1010100.0,2022.0,ACS 2022 5-year Data Profile
15007,15,007,Hawaii,Kauai,,,,3.156163314887777,3.0,"Kauai County, Hawaii",88869.0,8.3,30.4,73511.0,2022.0,ACS 2022 5-year Data Profile
15009,15,009,Hawaii,Maui,7.246616562653822e-05,0.0724661656265429,3.0,3.506893094358883,3.0,"Maui County, Hawaii",95379.0,9.3,30.1,164765.0,2022.0,ACS 2022 5-year Data Profile
16001,16,001,Idaho,Ada,0.0027236934286114,2.723693428611462,3.0,7.258855137113465,3.0,"Ada County, Idaho",83881.0,8.8,42.8,497494.0,2022.0,ACS 2022 5-year Data Profile
16009,16,009,Idaho,Benewah,,,,10.352759617583828,3.0,"Benewah County, Idaho",54191.0,14.5,18.6,9731.0,2022.0,ACS 2022 5-year Data Profile
16023,16,023,Idaho,Butte,0.0002186186567374,0.2186186567374686,3.0,,,"Butte County, Idaho",37358.0,22.1,16.2,2605.0,2022.0,ACS 2022 5-year Data Profile
16027,16,027,Idaho,Canyon,,,,8.746177304361384,3.0,"Canyon County, Idaho",68473.0,10.2,21.6,235006.0,2022.0,ACS 2022 5-year Data Profile
16037,16,037,Idaho,Custer,0.0001767896354852,0.1767896354852876,3.0,,,"Custer County, Idaho",60357.0,11.6,28.8,4344.0,2022.0,ACS 2022 5-year Data Profile
16041,16,041,Idaho,Franklin,,,,6.549836739546252,3.0,"Franklin County, Idaho",61679.0,9.6,17.2,14376.0,2022.0,ACS 2022 5-year Data Profile
16053,16,053,Idaho,Jerome,,,,3.3239557434593863,2.0,"Jerome County, Idaho",67347.0,14.7,13.1,24474.0,2022.0,ACS 2022 5-year Data Profile
16059,16,059,Idaho,Lemhi,,,,9.646376811594203,3.0,"Lemhi County, Idaho",49216.0,10.7,22.2,8043.0,2022.0,ACS 2022 5-year Data Profile
16079,16,079,Idaho,Shoshone,,,,10.595606618573475,3.0,"Shoshone County, Idaho",44807.0,16.0,11.6,13399.0,2022.0,ACS 2022 5-year Data Profile
17019,17,019,Illinois,Champaign,0.0013193790067196,1.3193790067197035,3.0,7.823201575531608,3.0,"Champaign County, Illinois",61090.0,18.7,45.6,206525.0,2022.0,ACS 2022 5-year Data Profile
17031,17,031,Illinois,Cook,0.0034630293686155,3.4630293686156133,3.0,9.450639792171406,3.0,"Cook County, Illinois",78304.0,13.4,41.3,5225367.0,2022.0,ACS 2022 5-year Data Profile
17043,17,043,Illinois,DuPage,,,,9.72911143497698,3.0,"DuPage County, Illinois",107035.0,6.3,51.1,930559.0,2022.0,ACS 2022 5-year Data Profile
17065,17,065,Illinois,Hamilton,,,,8.786971144004218,3.0,"Hamilton County, Illinois",60574.0,12.9,17.2,8008.0,2022.0,ACS 2022 5-year Data Profile
17083,17,083,Illinois,Jersey,,,,7.908724620842722,3.0,"Jersey County, Illinois",77607.0,8.1,21.8,21462.0,2022.0,ACS 2022 5-year Data Profile
17089,17,089,Illinois,Kane,,,,8.829243760228644,3.0,"Kane County, Illinois",96400.0,8.3,36.3,517254.0,2022.0,ACS 2022 5-year Data Profile
17111,17,111,Illinois,McHenry,,,,8.47681908025491,3.0,"McHenry County, Illinois",100101.0,6.0,35.3,311133.0,2022.0,ACS 2022 5-year Data Profile
17113,17,113,Illinois,McLean,,,,8.913577481575105,3.0,"McLean County, Illinois",75356.0,14.2,46.0,171284.0,2022.0,ACS 2022 5-year Data Profile
17115,17,115,Illinois,Macon,,,,9.357016742919194,3.0,"Macon County, Illinois",59622.0,15.5,23.9,103542.0,2022.0,ACS 2022 5-year Data Profile
17119,17,119,Illinois,Madison,0.0106190686707927,10.61906867079281,3.0,9.839105460517247,3.0,"Madison County, Illinois",71759.0,12.0,29.4,265512.0,2022.0,ACS 2022 5-year Data Profile
17143,17,143,Illinois,Peoria,,,,8.70985206989638,3.0,"Peoria County, Illinois",63409.0,15.5,33.7,181186.0,2022.0,ACS 2022 5-year Data Profile
17157,17,157,Illinois,Randolph,,,,7.894474973582174,3.0,"Randolph County, Illinois",63860.0,12.5,13.7,30413.0,2022.0,ACS 2022 5-year Data Profile
17161,17,161,Illinois,Rock Island,,,,8.6349560542262,3.0,"Rock Island County, Illinois",64435.0,15.2,24.1,143819.0,2022.0,ACS 2022 5-year Data Profile
17163,17,163,Illinois,Saint Clair,,,,9.537704037061994,3.0,"St. Clair County, Illinois",68915.0,13.8,30.4,256791.0,2022.0,ACS 2022 5-year Data Profile
17167,17,167,Illinois,Sangamon,,,,8.160522550268984,3.0,"Sangamon County, Illinois",71653.0,12.9,34.6,196122.0,2022.0,ACS 2022 5-year Data Profile
17197,17,197,Illinois,Will,,,,9.24911317544875,3.0,"Will County, Illinois",103678.0,6.7,36.1,696774.0,2022.0,ACS 2022 5-year Data Profile
17201,17,201,Illinois,Winnebago,,,,9.656886502516498,3.0,"Winnebago County, Illinois",61738.0,16.1,24.1,284591.0,2022.0,ACS 2022 5-year Data Profile
18003,18,003,Indiana,Allen,,,,8.613249211220593,3.0,"Allen County, Indiana",66222.0,12.0,30.5,385456.0,2022.0,ACS 2022 5-year Data Profile
18005,18,005,Indiana,Bartholomew,,,,7.162076374786831,3.0,"Bartholomew County, Indiana",76912.0,11.5,34.8,82371.0,2022.0,ACS 2022 5-year Data Profile
18019,18,019,Indiana,Clark,0.0036390270711638,3.6390270711638713,3.0,9.05477193834893,3.0,"Clark County, Indiana",69005.0,9.7,24.6,121484.0,2022.0,ACS 2022 5-year Data Profile
18035,18,035,Indiana,Delaware,,,,8.406859775863667,3.0,"Delaware County, Indiana",53377.0,20.6,25.5,112156.0,2022.0,ACS 2022 5-year Data Profile
18037,18,037,Indiana,Dubois,0.0027592896174863,2.759289617486339,3.0,8.751457277125725,3.0,"Dubois County, Indiana",68945.0,9.7,23.9,43584.0,2022.0,ACS 2022 5-year Data Profile
18039,18,039,Indiana,Elkhart,,,,8.34875926752193,3.0,"Elkhart County, Indiana",63978.0,12.0,20.0,206841.0,2022.0,ACS 2022 5-year Data Profile
18055,18,055,Indiana,Greene,,,,7.860047391898181,3.0,"Greene County, Indiana",57771.0,14.0,16.1,30900.0,2022.0,ACS 2022 5-year Data Profile
18057,18,057,Indiana,Hamilton,,,,8.296367887202928,3.0,"Hamilton County, Indiana",114866.0,4.2,60.8,349527.0,2022.0,ACS 2022 5-year Data Profile
18065,18,065,Indiana,Henry,0.0031877463156151,3.1877463156151684,3.0,7.692712339172957,3.0,"Henry County, Indiana",57632.0,13.7,17.1,48913.0,2022.0,ACS 2022 5-year Data Profile
18067,18,067,Indiana,Howard,,,,7.3772854965096,3.0,"Howard County, Indiana",62014.0,12.1,19.8,83452.0,2022.0,ACS 2022 5-year Data Profile
18089,18,089,Indiana,Lake,0.0044742937853107,4.474293785310735,3.0,9.151393432807632,3.0,"Lake County, Indiana",66375.0,14.7,24.5,497682.0,2022.0,ACS 2022 5-year Data Profile
18091,18,091,Indiana,LaPorte,,,,8.103608183227202,3.0,"LaPorte County, Indiana",66854.0,14.7,21.1,112215.0,2022.0,ACS 2022 5-year Data Profile
18095,18,095,Indiana,Madison,,,,8.606477519042306,3.0,"Madison County, Indiana",60060.0,14.1,19.4,130545.0,2022.0,ACS 2022 5-year Data Profile
18097,18,097,Indiana,Marion,0.0044017119244391,4.401711924439198,3.0,10.74531146655554,3.0,"Marion County, Indiana",59504.0,15.4,33.2,971737.0,2022.0,ACS 2022 5-year Data Profile
18105,18,105,Indiana,Monroe,,,,7.653005782590473,3.0,"Monroe County, Indiana",60308.0,20.7,48.2,140065.0,2022.0,ACS 2022 5-year Data Profile
18127,18,127,Indiana,Porter,,,,8.244312596365775,3.0,"Porter County, Indiana",82915.0,9.3,29.9,173355.0,2022.0,ACS 2022 5-year Data Profile
18141,18,141,Indiana,St. Joseph,,,,9.067593095807467,3.0,"St. Joseph County, Indiana",61877.0,14.4,32.0,272388.0,2022.0,ACS 2022 5-year Data Profile
18147,18,147,Indiana,Spencer,,,,8.206793470645929,3.0,"Spencer County, Indiana",66168.0,7.2,19.9,19935.0,2022.0,ACS 2022 5-year Data Profile
18153,18,153,Indiana,Sullivan,,,,7.797552836484983,2.0,"Sullivan County, Indiana",54556.0,12.2,13.8,20791.0,2022.0,ACS 2022 5-year Data Profile
18157,18,157,Indiana,Tippecanoe,,,,8.955475270562411,3.0,"Tippecanoe County, Indiana",55728.0,19.1,39.1,186955.0,2022.0,ACS 2022 5-year Data Profile
18163,18,163,Indiana,Vanderburgh,0.0036230754481832,3.6230754481833,3.0,8.526136610733614,3.0,"Vanderburgh County, Indiana",58839.0,14.3,27.1,179900.0,2022.0,ACS 2022 5-year Data Profile
18167,18,167,Indiana,Vigo,,,,8.97501600037561,3.0,"Vigo County, Indiana",52789.0,20.0,25.6,106355.0,2022.0,ACS 2022 5-year Data Profile
18183,18,183,Indiana,Whitley,,,,8.152818206927893,3.0,"Whitley County, Indiana",73636.0,9.1,22.8,34259.0,2022.0,ACS 2022 5-year Data Profile
19013,19,013,Iowa,Black Hawk,,,,8.067577601649882,3.0,"Black Hawk County, Iowa",62329.0,15.7,30.0,131041.0,2022.0,ACS 2022 5-year Data Profile
19045,19,045,Iowa,Clinton,,,,8.536899430290745,3.0,"Clinton County, Iowa",61080.0,12.4,21.6,46488.0,2022.0,ACS 2022 5-year Data Profile
19103,19,103,Iowa,Johnson,,,,8.471725395428514,3.0,"Johnson County, Iowa",72977.0,16.9,54.1,153360.0,2022.0,ACS 2022 5-year Data Profile
19111,19,111,Iowa,Lee,,,,8.245424381421193,3.0,"Lee County, Iowa",58094.0,12.8,20.3,33442.0,2022.0,ACS 2022 5-year Data Profile
19113,19,113,Iowa,Linn,,,,8.264249919026778,3.0,"Linn County, Iowa",75457.0,9.5,34.6,229308.0,2022.0,ACS 2022 5-year Data Profile
19137,19,137,Iowa,Montgomery,0.001180686759634,1.1806867596341284,3.0,6.890188246097337,3.0,"Montgomery County, Iowa",61261.0,14.5,18.6,10285.0,2022.0,ACS 2022 5-year Data Profile
19139,19,139,Iowa,Muscatine,,,,8.137314650665717,3.0,"Muscatine County, Iowa",67427.0,11.7,23.2,42968.0,2022.0,ACS 2022 5-year Data Profile
19147,19,147,Iowa,Palo Alto,,,,7.13880118729026,3.0,"Palo Alto County, Iowa",67306.0,10.7,20.2,8938.0,2022.0,ACS 2022 5-year Data Profile
19153,19,153,Iowa,Polk,,,,7.311362312925707,3.0,"Polk County, Iowa",78827.0,10.3,38.9,493378.0,2022.0,ACS 2022 5-year Data Profile
19155,19,155,Iowa,Pottawattamie,,,,8.28750777788324,3.0,"Pottawattamie County, Iowa",68718.0,11.3,23.4,93543.0,2022.0,ACS 2022 5-year Data Profile
19163,19,163,Iowa,Scott,0.0043491702185846,4.349170218584702,3.0,8.64632535831767,3.0,"Scott County, Iowa",72792.0,11.9,34.9,174315.0,2022.0,ACS 2022 5-year Data Profile
19177,19,177,Iowa,Van Buren,0.0011128733094677,1.112873309467737,3.0,7.26136593204775,3.0,"Van Buren County, Iowa",58417.0,11.1,18.5,7207.0,2022.0,ACS 2022 5-year Data Profile
19193,19,193,Iowa,Woodbury,,,,8.038925869102126,3.0,"Woodbury County, Iowa",68399.0,13.5,24.0,105526.0,2022.0,ACS 2022 5-year Data Profile
20017,20,017,Kansas,Chase,0.0006991968996591,0.6991968996591492,3.0,,,"Chase County, Kansas",52481.0,8.8,26.5,2570.0,2022.0,ACS 2022 5-year Data Profile
20091,20,091,Kansas,Johnson,,,,7.756240870831155,3.0,"Johnson County, Kansas",103644.0,5.3,56.7,610742.0,2022.0,ACS 2022 5-year Data Profile
20133,20,133,Kansas,Neosho,,,,8.820282857949989,3.0,"Neosho County, Kansas",54894.0,15.0,21.1,15826.0,2022.0,ACS 2022 5-year Data Profile
20173,20,173,Kansas,Sedgwick,,,,7.982304588972254,3.0,"Sedgwick County, Kansas",65372.0,13.7,31.7,522700.0,2022.0,ACS 2022 5-year Data Profile
20177,20,177,Kansas,Shawnee,,,,9.116604569280836,3.0,"Shawnee County, Kansas",63463.0,12.9,31.7,178625.0,2022.0,ACS 2022 5-year Data Profile
20191,20,191,Kansas,Sumner,,,,8.803980885133305,3.0,"Sumner County, Kansas",59397.0,11.6,23.9,22517.0,2022.0,ACS 2022 5-year Data Profile
20195,20,195,Kansas,Trego,0.0004093837535014,0.4093837535014005,3.0,6.126947229101284,3.0,"Trego County, Kansas",77500.0,7.3,25.0,2798.0,2022.0,ACS 2022 5-year Data Profile
20209,20,209,Kansas,Wyandotte,0.0050267094017093,5.026709401709401,3.0,9.924885860696731,3.0,"Wyandotte County, Kansas",57771.0,16.8,20.0,167989.0,2022.0,ACS 2022 5-year Data Profile
21013,21,013,Kentucky,Bell,,,,8.341482907777529,3.0,"Bell County, Kentucky",33658.0,26.3,11.7,24248.0,2022.0,ACS 2022 5-year Data Profile
21019,21,019,Kentucky,Boyd,,,,7.462973639317865,3.0,"Boyd County, Kentucky",58327.0,17.4,20.8,48242.0,2022.0,ACS 2022 5-year Data Profile
21037,21,037,Kentucky,Campbell,,,,7.648815688139394,3.0,"Campbell County, Kentucky",71979.0,11.7,39.3,93122.0,2022.0,ACS 2022 5-year Data Profile
21043,21,043,Kentucky,Carter,,,,5.875309927333714,3.0,"Carter County, Kentucky",47004.0,23.9,14.5,26671.0,2022.0,ACS 2022 5-year Data Profile
21047,21,047,Kentucky,Christian,,,,8.830659623526193,3.0,"Christian County, Kentucky",48920.0,16.7,19.1,72766.0,2022.0,ACS 2022 5-year Data Profile
21059,21,059,Kentucky,Daviess,,,,8.392256774617099,3.0,"Daviess County, Kentucky",64021.0,14.0,25.4,102916.0,2022.0,ACS 2022 5-year Data Profile
21061,21,061,Kentucky,Edmonson,0.001082285974499,1.0822859744990891,3.0,,,"Edmonson County, Kentucky",53029.0,17.0,11.4,12179.0,2022.0,ACS 2022 5-year Data Profile
21067,21,067,Kentucky,Fayette,,,,8.055056269119403,3.0,"Fayette County, Kentucky",66087.0,14.9,46.5,321276.0,2022.0,ACS 2022 5-year Data Profile
21093,21,093,Kentucky,Hardin,,,,7.3928117453330495,3.0,"Hardin County, Kentucky",64136.0,11.5,23.9,111005.0,2022.0,ACS 2022 5-year Data Profile
21101,21,101,Kentucky,Henderson,,,,9.590729396610168,1.0,"Henderson County, Kentucky",56912.0,17.0,18.9,44770.0,2022.0,ACS 2022 5-year Data Profile
21111,21,111,Kentucky,Jefferson,0.0086202690818574,8.620269081857467,3.0,9.3146551051413,3.0,"Jefferson County, Kentucky",66296.0,14.1,36.1,779232.0,2022.0,ACS 2022 5-year Data Profile
21145,21,145,Kentucky,McCracken,,,,8.847999155143233,3.0,"McCracken County, Kentucky",58490.0,15.2,28.2,67573.0,2022.0,ACS 2022 5-year Data Profile
21193,21,193,Kentucky,Perry,,,,7.363249296515275,3.0,"Perry County, Kentucky",45330.0,23.8,13.2,28136.0,2022.0,ACS 2022 5-year Data Profile
21195,21,195,Kentucky,Pike,,,,6.788920684465104,3.0,"Pike County, Kentucky",41271.0,23.9,15.8,58196.0,2022.0,ACS 2022 5-year Data Profile
21199,21,199,Kentucky,Pulaski,,,,7.588796295176053,3.0,"Pulaski County, Kentucky",48768.0,21.4,17.8,65145.0,2022.0,ACS 2022 5-year Data Profile
21227,21,227,Kentucky,Warren,,,,7.898063711667522,3.0,"Warren County, Kentucky",63074.0,17.2,32.9,135307.0,2022.0,ACS 2022 5-year Data Profile
22017,22,017,Louisiana,Caddo,,,,9.83490127504554,3.0,"Caddo Parish, Louisiana",47572.0,21.9,24.3,236259.0,2022.0,ACS 2022 5-year Data Profile
22019,22,019,Louisiana,Calcasieu,,,,7.070846961840181,3.0,"Calcasieu Parish, Louisiana",64370.0,17.1,23.6,210770.0,2022.0,ACS 2022 5-year Data Profile
22033,22,033,Louisiana,East Baton Rouge,0.0029264788318215,2.926478831821649,3.0,7.918567636608071,3.0,"East Baton Rouge Parish, Louisiana",62083.0,17.9,38.2,454369.0,2022.0,ACS 2022 5-year Data Profile
22047,22,047,Louisiana,Iberville,,,,7.877881673487617,3.0,"Iberville Parish, Louisiana",59410.0,16.8,14.9,30210.0,2022.0,ACS 2022 5-year Data Profile
22051,22,051,Louisiana,Jefferson,,,,7.56688521152516,3.0,"Jefferson Parish, Louisiana",63257.0,15.5,29.8,436171.0,2022.0,ACS 2022 5-year Data Profile
22055,22,055,Louisiana,Lafayette,,,,7.919375776323264,3.0,"Lafayette Parish, Louisiana",66617.0,16.8,34.6,243175.0,2022.0,ACS 2022 5-year Data Profile
22071,22,071,Louisiana,Orleans,0.0006854737534284,0.6854737534284503,3.0,7.732914614599848,3.0,"Orleans Parish, Louisiana",51116.0,22.9,40.7,380408.0,2022.0,ACS 2022 5-year Data Profile
22073,22,073,Louisiana,Ouachita,,,,7.3123519583271905,3.0,"Ouachita Parish, Louisiana",49261.0,23.4,25.8,159585.0,2022.0,ACS 2022 5-year Data Profile
22079,22,079,Louisiana,Rapides,,,,7.351780386995606,3.0,"Rapides Parish, Louisiana",55407.0,18.3,22.3,129536.0,2022.0,ACS 2022 5-year Data Profile
22087,22,087,Louisiana,St. Bernard,,,,7.715807920559374,3.0,"St. Bernard Parish, Louisiana",55857.0,22.5,16.8,44038.0,2022.0,ACS 2022 5-year Data Profile
22105,22,105,Louisiana,Tangipahoa,,,,7.500522709613619,3.0,"Tangipahoa Parish, Louisiana",55274.0,19.2,21.5,133953.0,2022.0,ACS 2022 5-year Data Profile
22109,22,109,Louisiana,Terrebonne,,,,7.244242424242425,3.0,"Terrebonne Parish, Louisiana",63088.0,16.4,17.0,108862.0,2022.0,ACS 2022 5-year Data Profile
22121,22,121,Louisiana,West Baton Rouge,,,,8.772796815364122,3.0,"West Baton Rouge Parish, Louisiana",80510.0,14.7,23.1,27377.0,2022.0,ACS 2022 5-year Data Profile
23001,23,001,Maine,Androscoggin,,,,5.583733713453448,3.0,"Androscoggin County, Maine",64500.0,12.4,22.8,111532.0,2022.0,ACS 2022 5-year Data Profile
23003,23,003,Maine,Aroostook,0.0005338985151582,0.5338985151582757,3.0,4.890399154202175,3.0,"Aroostook County, Maine",50843.0,14.9,21.4,67237.0,2022.0,ACS 2022 5-year Data Profile
23005,23,005,Maine,Cumberland,0.0007931238615664,0.7931238615664845,3.0,7.20113489538971,3.0,"Cumberland County, Maine",87710.0,7.2,50.6,303357.0,2022.0,ACS 2022 5-year Data Profile
23009,23,009,Maine,Hancock,0.000515451247563,0.5154512475631087,3.0,3.141158538613772,3.0,"Hancock County, Maine",64149.0,10.9,36.6,55851.0,2022.0,ACS 2022 5-year Data Profile
23011,23,011,Maine,Kennebec,,,,5.716514196726062,3.0,"Kennebec County, Maine",62118.0,12.4,29.9,124003.0,2022.0,ACS 2022 5-year Data Profile
23017,23,017,Maine,Oxford,,,,4.969929267607745,3.0,"Oxford County, Maine",54780.0,14.4,21.5,58276.0,2022.0,ACS 2022 5-year Data Profile
23019,23,019,Maine,Penobscot,0.0009694792224005,0.9694792224005708,3.0,4.382257151433225,3.0,"Penobscot County, Maine",59438.0,13.4,29.8,152640.0,2022.0,ACS 2022 5-year Data Profile
23029,23,029,Maine,Washington,0.0005162999745352,0.5162999745352687,3.0,,,"Washington County, Maine",51669.0,17.5,24.6,31096.0,2022.0,ACS 2022 5-year Data Profile
24005,24,005,Maryland,Baltimore,0.0038777534671748,3.8777534671748586,3.0,7.878920721640623,3.0,"Baltimore County, Maryland",88157.0,10.2,41.2,850737.0,2022.0,ACS 2022 5-year Data Profile
24015,24,015,Maryland,Cecil,,,,6.711375105481636,3.0,"Cecil County, Maryland",86869.0,10.1,26.8,103876.0,2022.0,ACS 2022 5-year Data Profile
24019,24,019,Maryland,Dorchester,,,,5.604649508436789,3.0,"Dorchester County, Maryland",57490.0,15.4,19.2,32557.0,2022.0,ACS 2022 5-year Data Profile
24023,24,023,Maryland,Garrett,0.0010171272967882,1.0171272967883136,3.0,5.316462861750972,3.0,"Garrett County, Maryland",64447.0,11.1,24.6,28856.0,2022.0,ACS 2022 5-year Data Profile
24025,24,025,Maryland,Harford,,,,6.966116422489884,3.0,"Harford County, Maryland",106417.0,7.1,38.8,261059.0,2022.0,ACS 2022 5-year Data Profile
24027,24,027,Maryland,Howard,,,,7.153454153896071,3.0,"Howard County, Maryland",140971.0,5.4,64.0,332011.0,2022.0,ACS 2022 5-year Data Profile
24029,24,029,Maryland,Kent,,,,5.3801903010508125,3.0,"Kent County, Maryland",71635.0,9.5,37.4,19289.0,2022.0,ACS 2022 5-year Data Profile
24031,24,031,Maryland,Montgomery,,,,6.454988865656694,3.0,"Montgomery County, Maryland",125583.0,7.2,60.0,1056910.0,2022.0,ACS 2022 5-year Data Profile
24033,24,033,Maryland,Prince George's,0.0029145772050239,2.9145772050240466,3.0,6.462963361896176,3.0,"Prince George's County, Maryland",97935.0,9.6,35.6,957189.0,2022.0,ACS 2022 5-year Data Profile
24043,24,043,Maryland,Washington,,,,7.233541717342336,3.0,"Washington County, Maryland",73017.0,12.3,23.0,154645.0,2022.0,ACS 2022 5-year Data Profile
24510,24,510,Maryland,Baltimore (City),,,,7.47558258566283,3.0,"Baltimore city, Maryland",58349.0,19.6,34.9,584548.0,2022.0,ACS 2022 5-year Data Profile
25001,25,001,Massachusetts,Barnstable,0.00066163003663,0.6616300366300366,3.0,,,"Barnstable County, Massachusetts",90447.0,7.0,46.1,229436.0,2022.0,ACS 2022 5-year Data Profile
25003,25,003,Massachusetts,Berkshire,,,,6.770894680199348,3.0,"Berkshire County, Massachusetts",69744.0,11.0,38.0,128763.0,2022.0,ACS 2022 5-year Data Profile
25005,25,005,Massachusetts,Bristol,,,,6.450543325164071,3.0,"Bristol County, Massachusetts",80628.0,11.1,29.7,576699.0,2022.0,ACS 2022 5-year Data Profile
25007,25,007,Massachusetts,Dukes,0.0006230645076974,0.6230645076975353,3.0,,,"Dukes County, Massachusetts",93225.0,6.7,43.2,20543.0,2022.0,ACS 2022 5-year Data Profile
25009,25,009,Massachusetts,Essex,,,,5.986921978573847,3.0,"Essex County, Massachusetts",94378.0,9.7,41.7,806103.0,2022.0,ACS 2022 5-year Data Profile
25011,25,011,Massachusetts,Franklin,,,,7.548000915670968,3.0,"Franklin County, Massachusetts",70383.0,12.0,39.8,70980.0,2022.0,ACS 2022 5-year Data Profile
25013,25,013,Massachusetts,Hampden,0.0026022366522366,2.602236652236652,3.0,7.137517303021544,3.0,"Hampden County, Massachusetts",66619.0,15.8,28.6,464575.0,2022.0,ACS 2022 5-year Data Profile
25015,25,015,Massachusetts,Hampshire,,,,6.025741732835615,3.0,"Hampshire County, Massachusetts",84025.0,10.6,50.4,153931.0,2022.0,ACS 2022 5-year Data Profile
25017,25,017,Massachusetts,Middlesex,,,,6.600795411081907,3.0,"Middlesex County, Massachusetts",121304.0,7.4,58.5,1623109.0,2022.0,ACS 2022 5-year Data Profile
25021,25,021,Massachusetts,Norfolk,,,,6.0608096030282095,2.0,"Norfolk County, Massachusetts",120621.0,6.5,56.3,722112.0,2022.0,ACS 2022 5-year Data Profile
25023,25,023,Massachusetts,Plymouth,,,,7.449234406760517,3.0,"Plymouth County, Massachusetts",105387.0,6.7,40.5,529548.0,2022.0,ACS 2022 5-year Data Profile
25025,25,025,Massachusetts,Suffolk,0.0026714334290821,2.6714334290822417,3.0,6.862837806979917,3.0,"Suffolk County, Massachusetts",87669.0,17.0,49.2,785443.0,2022.0,ACS 2022 5-year Data Profile
25027,25,027,Massachusetts,Worcester,,,,8.431087865238156,3.0,"Worcester County, Massachusetts",88524.0,10.0,38.4,858898.0,2022.0,ACS 2022 5-year Data Profile
26005,26,005,Michigan,Allegan,,,,6.671632739141878,3.0,"Allegan County, Michigan",75543.0,9.5,24.1,120189.0,2022.0,ACS 2022 5-year Data Profile
26017,26,017,Michigan,Bay,,,,5.909421917785763,3.0,"Bay County, Michigan",57887.0,15.3,20.1,103752.0,2022.0,ACS 2022 5-year Data Profile
26033,26,033,Michigan,Chippewa,,,,8.198067974576272,1.0,"Chippewa County, Michigan",58408.0,16.5,22.9,36670.0,2022.0,ACS 2022 5-year Data Profile
26049,26,049,Michigan,Genesee,,,,6.882876840831844,3.0,"Genesee County, Michigan",58594.0,16.2,22.8,405280.0,2022.0,ACS 2022 5-year Data Profile
26065,26,065,Michigan,Ingham,,,,7.689190938910877,3.0,"Ingham County, Michigan",62548.0,16.5,40.6,282540.0,2022.0,ACS 2022 5-year Data Profile
26077,26,077,Michigan,Kalamazoo,,,,8.25055821028675,3.0,"Kalamazoo County, Michigan",67905.0,13.4,40.5,261426.0,2022.0,ACS 2022 5-year Data Profile
26081,26,081,Michigan,Kent,0.0032930648275977,3.2930648275978007,3.0,8.507036185846825,3.0,"Kent County, Michigan",76247.0,10.7,38.6,657321.0,2022.0,ACS 2022 5-year Data Profile
26083,26,083,Michigan,Keweenaw,0.0004928774928774,0.4928774928774929,3.0,,,"Keweenaw County, Michigan",55560.0,7.8,38.3,2088.0,2022.0,ACS 2022 5-year Data Profile
26091,26,091,Michigan,Lenawee,,,,8.465004873841636,3.0,"Lenawee County, Michigan",65484.0,11.1,22.5,99263.0,2022.0,ACS 2022 5-year Data Profile
26099,26,099,Michigan,Macomb,,,,7.464491592755458,3.0,"Macomb County, Michigan",73876.0,9.8,26.8,878453.0,2022.0,ACS 2022 5-year Data Profile
26101,26,101,Michigan,Manistee,,,,5.085417887504565,3.0,"Manistee County, Michigan",59467.0,11.3,22.5,25058.0,2022.0,ACS 2022 5-year Data Profile
26113,26,113,Michigan,Missaukee,,,,7.576750583228095,3.0,"Missaukee County, Michigan",57667.0,11.2,16.9,15089.0,2022.0,ACS 2022 5-year Data Profile
26125,26,125,Michigan,Oakland,,,,7.7932300442699,3.0,"Oakland County, Michigan",92620.0,7.7,49.5,1272264.0,2022.0,ACS 2022 5-year Data Profile
26139,26,139,Michigan,Ottawa,,,,8.375398923694739,3.0,"Ottawa County, Michigan",83932.0,7.6,36.5,296183.0,2022.0,ACS 2022 5-year Data Profile
26147,26,147,Michigan,St. Clair,,,,7.702077323098471,3.0,"St. Clair County, Michigan",66887.0,11.9,19.9,160257.0,2022.0,ACS 2022 5-year Data Profile
26153,26,153,Michigan,Schoolcraft,0.0006094537815125,0.6094537815126051,3.0,5.2785733967855135,3.0,"Schoolcraft County, Michigan",55071.0,16.0,20.1,8062.0,2022.0,ACS 2022 5-year Data Profile
26161,26,161,Michigan,Washtenaw,,,,8.491401799686647,3.0,"Washtenaw County, Michigan",84245.0,13.8,57.4,370231.0,2022.0,ACS 2022 5-year Data Profile
26163,26,163,Michigan,Wayne,0.004573503279905,4.573503279905116,3.0,10.167177090184865,3.0,"Wayne County, Michigan",57223.0,20.2,26.5,1781641.0,2022.0,ACS 2022 5-year Data Profile
27003,27,003,Minnesota,Anoka,0.0057768295604263,5.776829560426399,3.0,6.855895524407958,3.0,"Anoka County, Minnesota",95782.0,6.3,31.5,363985.0,2022.0,ACS 2022 5-year Data Profile
27005,27,005,Minnesota,Becker,,,,7.143379492700333,3.0,"Becker County, Minnesota",68683.0,10.9,26.3,35202.0,2022.0,ACS 2022 5-year Data Profile
27007,27,007,Minnesota,Beltrami,,,,6.673171137011919,3.0,"Beltrami County, Minnesota",62173.0,16.1,31.4,46274.0,2022.0,ACS 2022 5-year Data Profile
27017,27,017,Minnesota,Carlton,,,,2.929346059885443,3.0,"Carlton County, Minnesota",74660.0,12.7,25.1,36362.0,2022.0,ACS 2022 5-year Data Profile
27021,27,021,Minnesota,Cass,,,,7.345476969616367,3.0,"Cass County, Minnesota",61970.0,12.2,24.8,30288.0,2022.0,ACS 2022 5-year Data Profile
27031,27,031,Minnesota,Cook,,,,3.399734221817955,3.0,"Cook County, Minnesota",71937.0,8.6,46.4,5611.0,2022.0,ACS 2022 5-year Data Profile
27035,27,035,Minnesota,Crow Wing,,,,5.112294200973087,3.0,"Crow Wing County, Minnesota",65975.0,10.4,27.2,66558.0,2022.0,ACS 2022 5-year Data Profile
27037,27,037,Minnesota,Dakota,,,,7.34598132927178,3.0,"Dakota County, Minnesota",101360.0,5.6,44.1,439179.0,2022.0,ACS 2022 5-year Data Profile
27053,27,053,Minnesota,Hennepin,0.0033082706766917,3.308270676691729,3.0,8.000997015303279,3.0,"Hennepin County, Minnesota",92595.0,9.8,52.6,1270787.0,2022.0,ACS 2022 5-year Data Profile
27075,27,075,Minnesota,Lake,0.0003872833105238,0.3872833105239148,3.0,4.833162056132497,3.0,"Lake County, Minnesota",73860.0,8.6,26.1,10915.0,2022.0,ACS 2022 5-year Data Profile
27083,27,083,Minnesota,Lyon,,,,6.231879444331802,3.0,"Lyon County, Minnesota",68919.0,12.4,27.5,25352.0,2022.0,ACS 2022 5-year Data Profile
27109,27,109,Minnesota,Olmsted,,,,6.354085315647212,3.0,"Olmsted County, Minnesota",90420.0,7.9,47.7,162307.0,2022.0,ACS 2022 5-year Data Profile
27123,27,123,Minnesota,Ramsey,,,,7.752654606786142,3.0,"Ramsey County, Minnesota",78108.0,12.9,44.7,547202.0,2022.0,ACS 2022 5-year Data Profile
27137,27,137,Minnesota,Saint Louis,0.0003527354211072,0.3527354211072853,3.0,5.406677656501247,3.0,"St. Louis County, Minnesota",66491.0,13.7,31.7,200122.0,2022.0,ACS 2022 5-year Data Profile
27139,27,139,Minnesota,Scott,,,,6.44651614419977,3.0,"Scott County, Minnesota",118268.0,5.0,42.9,151347.0,2022.0,ACS 2022 5-year Data Profile
27145,27,145,Minnesota,Stearns,,,,6.7773886239053125,3.0,"Stearns County, Minnesota",73105.0,12.7,28.4,158622.0,2022.0,ACS 2022 5-year Data Profile
27163,27,163,Minnesota,Washington,,,,9.99650222962963,1.0,"Washington County, Minnesota",110828.0,4.7,47.9,268651.0,2022.0,ACS 2022 5-year Data Profile
27169,27,169,Minnesota,Winona,0.0009560371074966,0.9560371074966718,3.0,,,"Winona County, Minnesota",66162.0,14.0,31.8,49792.0,2022.0,ACS 2022 5-year Data Profile
27171,27,171,Minnesota,Wright,,,,6.84378498991066,3.0,"Wright County, Minnesota",102980.0,4.8,33.1,142543.0,2022.0,ACS 2022 5-year Data Profile
28011,28,011,Mississippi,Bolivar,,,,8.132825126957622,3.0,"Bolivar County, Mississippi",37845.0,31.8,27.2,30688.0,2022.0,ACS 2022 5-year Data Profile
28033,28,033,Mississippi,DeSoto,,,,7.850879465776757,3.0,"DeSoto County, Mississippi",79666.0,9.8,27.4,186214.0,2022.0,ACS 2022 5-year Data Profile
28035,28,035,Mississippi,Forrest,,,,8.87274509340256,3.0,"Forrest County, Mississippi",49340.0,22.8,28.7,77917.0,2022.0,ACS 2022 5-year Data Profile
28045,28,045,Mississippi,Hancock,,,,7.783974765395111,3.0,"Hancock County, Mississippi",63623.0,13.7,24.4,46010.0,2022.0,ACS 2022 5-year Data Profile
28047,28,047,Mississippi,Harrison,,,,8.634319547341532,3.0,"Harrison County, Mississippi",55211.0,18.4,24.8,208748.0,2022.0,ACS 2022 5-year Data Profile
28049,28,049,Mississippi,Hinds,0.0033358624071738,3.3358624071738823,3.0,9.340128123004812,3.0,"Hinds County, Mississippi",48596.0,21.0,31.3,226541.0,2022.0,ACS 2022 5-year Data Profile
28059,28,059,Mississippi,Jackson,,,,7.919554563586509,3.0,"Jackson County, Mississippi",60045.0,15.7,23.6,143721.0,2022.0,ACS 2022 5-year Data Profile
29021,29,021,Missouri,Buchanan,,,,7.964949689976166,3.0,"Buchanan County, Missouri",58303.0,16.6,23.3,84544.0,2022.0,ACS 2022 5-year Data Profile
29037,29,037,Missouri,Cass,,,,6.496647234291217,3.0,"Cass County, Missouri",82473.0,7.0,27.9,108205.0,2022.0,ACS 2022 5-year Data Profile
29039,29,039,Missouri,Cedar,,,,7.236400672974064,3.0,"Cedar County, Missouri",43589.0,18.3,17.3,14314.0,2022.0,ACS 2022 5-year Data Profile
29047,29,047,Missouri,Clay,,,,6.210246135562829,3.0,"Clay County, Missouri",82264.0,8.3,34.9,253085.0,2022.0,ACS 2022 5-year Data Profile
29077,29,077,Missouri,Greene,,,,6.987781441680624,3.0,"Greene County, Missouri",54968.0,14.6,32.4,299188.0,2022.0,ACS 2022 5-year Data Profile
29095,29,095,Missouri,Jackson,,,,8.381587986682916,3.0,"Jackson County, Missouri",65169.0,13.9,33.0,715526.0,2022.0,ACS 2022 5-year Data Profile
29099,29,099,Missouri,Jefferson,0.0040203661830286,4.020366183028704,3.0,7.4140354977664815,3.0,"Jefferson County, Missouri",77217.0,8.3,22.8,226984.0,2022.0,ACS 2022 5-year Data Profile
29189,29,189,Missouri,Saint Louis,,,,7.906229172648338,3.0,"St. Louis County, Missouri",78067.0,9.6,46.1,999703.0,2022.0,ACS 2022 5-year Data Profile
29207,29,207,Missouri,Stoddard,0.0014527445587206,1.4527445587207228,3.0,,,"Stoddard County, Missouri",51703.0,16.5,14.9,28656.0,2022.0,ACS 2022 5-year Data Profile
29213,29,213,Missouri,Taney,0.000850907659535,0.8509076595350561,3.0,,,"Taney County, Missouri",54467.0,16.4,23.8,56202.0,2022.0,ACS 2022 5-year Data Profile
29510,29,510,Missouri,St. Louis City,0.0053025210084033,5.30252100840336,2.0,8.995667321513395,3.0,"St. Louis city, Missouri",52941.0,20.2,38.6,298018.0,2022.0,ACS 2022 5-year Data Profile
30027,30,027,Montana,Fergus,0.0002310044695365,0.2310044695365796,2.0,5.075508588644286,3.0,"Fergus County, Montana",58321.0,14.8,27.6,11496.0,2022.0,ACS 2022 5-year Data Profile
30029,30,029,Montana,Flathead,0.0002499820440996,0.2499820440996911,2.0,7.163817684819487,3.0,"Flathead County, Montana",68025.0,9.3,34.9,105950.0,2022.0,ACS 2022 5-year Data Profile
30031,30,031,Montana,Gallatin,,,,3.18970283258037,3.0,"Gallatin County, Montana",83434.0,10.6,52.9,119685.0,2022.0,ACS 2022 5-year Data Profile
30047,30,047,Montana,Lake,0.0002384108358684,0.2384108358684629,2.0,,,"Lake County, Montana",58009.0,19.0,31.9,31509.0,2022.0,ACS 2022 5-year Data Profile
30049,30,049,Montana,Lewis and Clark,0.0012201834862385,1.220183486238532,1.0,5.75167214658222,3.0,"Lewis and Clark County, Montana",71967.0,9.4,42.7,71487.0,2022.0,ACS 2022 5-year Data Profile
30053,30,053,Montana,Lincoln,,,,13.286148959800816,3.0,"Lincoln County, Montana",44593.0,16.9,17.5,20157.0,2022.0,ACS 2022 5-year Data Profile
30063,30,063,Montana,Missoula,,,,8.453777969420587,3.0,"Missoula County, Montana",66840.0,11.9,44.5,118541.0,2022.0,ACS 2022 5-year Data Profile
30071,30,071,Montana,Phillips,,,,5.688630180087178,3.0,"Phillips County, Montana",61250.0,6.9,20.0,4233.0,2022.0,ACS 2022 5-year Data Profile
30075,30,075,Montana,Powder River,,,,7.567585913424796,3.0,"Powder River County, Montana",60313.0,12.7,25.5,1773.0,2022.0,ACS 2022 5-year Data Profile
30077,30,077,Montana,Powell,3.0303030303030302e-05,0.0303030303030303,1.0,,,"Powell County, Montana",60994.0,5.2,19.4,6998.0,2022.0,ACS 2022 5-year Data Profile
30081,30,081,Montana,Ravalli,0.0001355932203389,0.135593220338983,1.0,6.539313568049502,3.0,"Ravalli County, Montana",67424.0,9.8,28.8,44876.0,2022.0,ACS 2022 5-year Data Profile
30083,30,083,Montana,Richland,,,,5.067279903185697,3.0,"Richland County, Montana",67515.0,8.3,14.2,11366.0,2022.0,ACS 2022 5-year Data Profile
30085,30,085,Montana,Roosevelt,0.0004,0.4,1.0,,,"Roosevelt County, Montana",51038.0,31.5,19.8,10799.0,2022.0,ACS 2022 5-year Data Profile
30087,30,087,Montana,Rosebud,,,,6.617618171394969,3.0,"Rosebud County, Montana",57656.0,20.4,19.4,8310.0,2022.0,ACS 2022 5-year Data Profile
30093,30,093,Montana,Silver Bow,,,,7.1724826515200775,3.0,"Silver Bow County, Montana",56297.0,15.9,27.7,35306.0,2022.0,ACS 2022 5-year Data Profile
30111,30,111,Montana,Yellowstone,,,,7.681995696973666,3.0,"Yellowstone County, Montana",72300.0,10.7,34.3,165524.0,2022.0,ACS 2022 5-year Data Profile
31055,31,055,Nebraska,Douglas,,,,7.290361308979587,3.0,"Douglas County, Nebraska",76083.0,11.0,41.2,582638.0,2022.0,ACS 2022 5-year Data Profile
31067,31,067,Nebraska,Gage,,,,11.0210767275,1.0,"Gage County, Nebraska",60035.0,13.4,20.0,21654.0,2022.0,ACS 2022 5-year Data Profile
31079,31,079,Nebraska,Hall,,,,5.995452623501918,3.0,"Hall County, Nebraska",63553.0,12.8,21.3,62575.0,2022.0,ACS 2022 5-year Data Profile
31109,31,109,Nebraska,Lancaster,,,,6.596160990712074,3.0,"Lancaster County, Nebraska",70387.0,11.8,40.9,322063.0,2022.0,ACS 2022 5-year Data Profile
31153,31,153,Nebraska,Sarpy,,,,8.157128270786473,3.0,"Sarpy County, Nebraska",95911.0,5.5,41.2,191272.0,2022.0,ACS 2022 5-year Data Profile
31157,31,157,Nebraska,Scotts Bluff,,,,5.909094513081854,3.0,"Scotts Bluff County, Nebraska",60137.0,12.5,25.2,36048.0,2022.0,ACS 2022 5-year Data Profile
31177,31,177,Nebraska,Washington,,,,6.842228054029699,3.0,"Washington County, Nebraska",89671.0,8.0,34.3,20884.0,2022.0,ACS 2022 5-year Data Profile
32003,32,003,Nevada,Clark,,,,6.457439163222122,3.0,"Clark County, Nevada",69911.0,13.4,26.4,2265926.0,2022.0,ACS 2022 5-year Data Profile
32005,32,005,Nevada,Douglas,,,,8.880057749859454,3.0,"Douglas County, Nevada",84262.0,7.5,31.3,49476.0,2022.0,ACS 2022 5-year Data Profile
32031,32,031,Nevada,Washoe,,,,8.81301879780383,3.0,"Washoe County, Nevada",81531.0,10.9,32.5,486674.0,2022.0,ACS 2022 5-year Data Profile
32510,32,510,Nevada,Carson City,,,,8.35551823117081,3.0,"Carson City, Nevada",67465.0,11.2,24.3,58249.0,2022.0,ACS 2022 5-year Data Profile
33001,33,001,New Hampshire,Belknap,,,,4.347845318476299,3.0,"Belknap County, New Hampshire",80719.0,8.6,31.9,63914.0,2022.0,ACS 2022 5-year Data Profile
33005,33,005,New Hampshire,Cheshire,,,,6.253069249029942,3.0,"Cheshire County, New Hampshire",76551.0,9.0,34.4,76610.0,2022.0,ACS 2022 5-year Data Profile
33009,33,009,New Hampshire,Grafton,,,,4.944847494391696,3.0,"Grafton County, New Hampshire",79949.0,9.9,43.3,90836.0,2022.0,ACS 2022 5-year Data Profile
33011,33,011,New Hampshire,Hillsborough,,,,3.4355559963726408,3.0,"Hillsborough County, New Hampshire",95112.0,6.9,40.2,422733.0,2022.0,ACS 2022 5-year Data Profile
33015,33,015,New Hampshire,Rockingham,,,,5.678505859286254,3.0,"Rockingham County, New Hampshire",110225.0,4.8,43.6,315169.0,2022.0,ACS 2022 5-year Data Profile
34001,34,001,New Jersey,Atlantic,,,,6.732359861078741,3.0,"Atlantic County, New Jersey",73113.0,13.0,30.1,274339.0,2022.0,ACS 2022 5-year Data Profile
34003,34,003,New Jersey,Bergen,,,,9.286017401790817,3.0,"Bergen County, New Jersey",118714.0,6.8,51.7,953243.0,2022.0,ACS 2022 5-year Data Profile
34007,34,007,New Jersey,Camden,,,,8.963861365849484,3.0,"Camden County, New Jersey",82005.0,12.4,34.3,522581.0,2022.0,ACS 2022 5-year Data Profile
34011,34,011,New Jersey,Cumberland,,,,7.689645615368353,3.0,"Cumberland County, New Jersey",62310.0,15.5,17.3,153588.0,2022.0,ACS 2022 5-year Data Profile
34013,34,013,New Jersey,Essex,,,,8.715577175744642,3.0,"Essex County, New Jersey",73785.0,15.0,37.4,853374.0,2022.0,ACS 2022 5-year Data Profile
34015,34,015,New Jersey,Gloucester,,,,7.196975334160122,3.0,"Gloucester County, New Jersey",99668.0,7.5,35.2,302621.0,2022.0,ACS 2022 5-year Data Profile
34017,34,017,New Jersey,Hudson,,,,7.976657228054221,3.0,"Hudson County, New Jersey",86854.0,14.2,46.6,712029.0,2022.0,ACS 2022 5-year Data Profile
34019,34,019,New Jersey,Hunterdon,,,,7.654505076589011,3.0,"Hunterdon County, New Jersey",133534.0,3.7,55.5,129099.0,2022.0,ACS 2022 5-year Data Profile
34021,34,021,New Jersey,Mercer,,,,7.90322796986234,3.0,"Mercer County, New Jersey",92697.0,11.2,44.2,383732.0,2022.0,ACS 2022 5-year Data Profile
34023,34,023,New Jersey,Middlesex,,,,7.852871593885531,3.0,"Middlesex County, New Jersey",105206.0,8.4,45.1,860147.0,2022.0,ACS 2022 5-year Data Profile
34027,34,027,New Jersey,Morris,,,,5.784917496216117,3.0,"Morris County, New Jersey",130808.0,5.0,57.1,508816.0,2022.0,ACS 2022 5-year Data Profile
34029,34,029,New Jersey,Ocean,,,,6.746643074636711,3.0,"Ocean County, New Jersey",82379.0,10.5,32.9,638691.0,2022.0,ACS 2022 5-year Data Profile
34031,34,031,New Jersey,Passaic,,,,7.506725663716814,2.0,"Passaic County, New Jersey",84465.0,13.5,30.1,519986.0,2022.0,ACS 2022 5-year Data Profile
34039,34,039,New Jersey,Union,,,,8.419902429848285,3.0,"Union County, New Jersey",95000.0,8.9,38.3,572079.0,2022.0,ACS 2022 5-year Data Profile
34041,34,041,New Jersey,Warren,,,,7.555605471611539,3.0,"Warren County, New Jersey",92620.0,7.7,35.5,109739.0,2022.0,ACS 2022 5-year Data Profile
35001,35,001,New Mexico,Bernalillo,,,,7.080363528701546,3.0,"Bernalillo County, New Mexico",62220.0,16.4,36.6,674692.0,2022.0,ACS 2022 5-year Data Profile
35013,35,013,New Mexico,Dona Ana,,,,6.8444653195525085,3.0,"Doña Ana County, New Mexico",51232.0,22.8,30.4,219870.0,2022.0,ACS 2022 5-year Data Profile
35025,35,025,New Mexico,Lea,,,,6.6108584738816765,3.0,"Lea County, New Mexico",65855.0,17.8,14.6,73103.0,2022.0,ACS 2022 5-year Data Profile
35049,35,049,New Mexico,Santa Fe,,,,4.285719172373445,3.0,"Santa Fe County, New Mexico",70522.0,12.3,42.2,154481.0,2022.0,ACS 2022 5-year Data Profile
35055,35,055,New Mexico,Taos,,,,5.556479667868622,3.0,"Taos County, New Mexico",55145.0,14.9,34.5,34475.0,2022.0,ACS 2022 5-year Data Profile
36001,36,001,New York,Albany,,,,6.871570828607248,3.0,"Albany County, New York",78829.0,12.5,44.4,315041.0,2022.0,ACS 2022 5-year Data Profile
36005,36,005,New York,Bronx,,,,7.780788185361607,3.0,"Bronx County, New York",47036.0,26.9,21.2,1443229.0,2022.0,ACS 2022 5-year Data Profile
36013,36,013,New York,Chautauqua,,,,5.951404297851075,3.0,"Chautauqua County, New York",54625.0,17.5,24.3,127440.0,2022.0,ACS 2022 5-year Data Profile
36029,36,029,New York,Erie,,,,6.853342995626619,3.0,"Erie County, New York",68014.0,13.8,36.4,951232.0,2022.0,ACS 2022 5-year Data Profile
36031,36,031,New York,Essex,,,,3.2563431855500817,3.0,"Essex County, New York",68090.0,10.4,31.2,37314.0,2022.0,ACS 2022 5-year Data Profile
36047,36,047,New York,Kings,,,,7.524845541348664,3.0,"Kings County, New York",74692.0,19.0,40.4,2679620.0,2022.0,ACS 2022 5-year Data Profile
36055,36,055,New York,Monroe,,,,6.306902269712747,3.0,"Monroe County, New York",71450.0,13.4,40.5,756406.0,2022.0,ACS 2022 5-year Data Profile
36061,36,061,New York,New York,,,,7.687683122723809,3.0,"New York County, New York",99880.0,15.8,62.8,1645867.0,2022.0,ACS 2022 5-year Data Profile
36067,36,067,New York,Onondaga,,,,6.108593638360442,3.0,"Onondaga County, New York",71479.0,13.9,36.9,472637.0,2022.0,ACS 2022 5-year Data Profile
36071,36,071,New York,Orange,,,,6.189485035675129,3.0,"Orange County, New York",91806.0,13.0,31.6,401237.0,2022.0,ACS 2022 5-year Data Profile
36081,36,081,New York,Queens,,,,6.8814287940792935,3.0,"Queens County, New York",82431.0,11.7,34.8,2360826.0,2022.0,ACS 2022 5-year Data Profile
36085,36,085,New York,Richmond,,,,7.889689160795946,3.0,"Richmond County, New York",96185.0,10.4,35.3,492925.0,2022.0,ACS 2022 5-year Data Profile
36101,36,101,New York,Steuben,,,,5.63303123033145,3.0,"Steuben County, New York",62506.0,13.4,25.9,93584.0,2022.0,ACS 2022 5-year Data Profile
36103,36,103,New York,Suffolk,,,,6.56818406625958,3.0,"Suffolk County, New York",122498.0,6.5,39.0,1524486.0,2022.0,ACS 2022 5-year Data Profile
37021,37,021,North Carolina,Buncombe,,,,5.965478270502159,3.0,"Buncombe County, North Carolina",66531.0,11.2,43.0,269449.0,2022.0,ACS 2022 5-year Data Profile
37035,37,035,North Carolina,Catawba,,,,8.096771718963076,3.0,"Catawba County, North Carolina",62070.0,13.0,24.8,161011.0,2022.0,ACS 2022 5-year Data Profile
37051,37,051,North Carolina,Cumberland,,,,7.494828005494505,3.0,"Cumberland County, North Carolina",55551.0,17.6,26.9,335207.0,2022.0,ACS 2022 5-year Data Profile
37057,37,057,North Carolina,Davidson,,,,8.772593929912857,3.0,"Davidson County, North Carolina",58473.0,13.9,20.5,169498.0,2022.0,ACS 2022 5-year Data Profile
37063,37,063,North Carolina,Durham,,,,7.668140356867755,3.0,"Durham County, North Carolina",74927.0,12.3,51.9,325101.0,2022.0,ACS 2022 5-year Data Profile
37067,37,067,North Carolina,Forsyth,,,,8.090389946299867,3.0,"Forsyth County, North Carolina",61229.0,15.2,35.3,383739.0,2022.0,ACS 2022 5-year Data Profile
37081,37,081,North Carolina,Guilford,,,,6.998111399106655,3.0,"Guilford County, North Carolina",62880.0,15.1,37.9,539557.0,2022.0,ACS 2022 5-year Data Profile
37099,37,099,North Carolina,Jackson,,,,6.712069550132657,3.0,"Jackson County, North Carolina",51482.0,19.3,29.8,42388.0,2022.0,ACS 2022 5-year Data Profile
37101,37,101,North Carolina,Johnston,,,,7.625380608980102,3.0,"Johnston County, North Carolina",75288.0,10.7,26.2,219042.0,2022.0,ACS 2022 5-year Data Profile
37119,37,119,North Carolina,Mecklenburg,,,,8.432308436109016,3.0,"Mecklenburg County, North Carolina",79265.0,10.5,47.8,1115403.0,2022.0,ACS 2022 5-year Data Profile
37121,37,121,North Carolina,Mitchell,,,,5.733210416893601,3.0,"Mitchell County, North Carolina",55534.0,13.4,22.0,14989.0,2022.0,ACS 2022 5-year Data Profile
37123,37,123,North Carolina,Montgomery,,,,7.765322879164681,3.0,"Montgomery County, North Carolina",55523.0,16.2,19.7,25839.0,2022.0,ACS 2022 5-year Data Profile
37129,37,129,North Carolina,New Hanover,,,,4.714591044399274,3.0,"New Hanover County, North Carolina",67515.0,12.7,43.4,228134.0,2022.0,ACS 2022 5-year Data Profile
37131,37,131,North Carolina,Northampton,,,,7.108029208800168,3.0,"Northampton County, North Carolina",45698.0,18.7,17.8,17528.0,2022.0,ACS 2022 5-year Data Profile
37147,37,147,North Carolina,Pitt,,,,6.358529341870846,3.0,"Pitt County, North Carolina",54915.0,20.0,33.1,171196.0,2022.0,ACS 2022 5-year Data Profile
37159,37,159,North Carolina,Rowan,,,,8.143167139768709,3.0,"Rowan County, North Carolina",59717.0,16.4,20.6,147067.0,2022.0,ACS 2022 5-year Data Profile
37173,37,173,North Carolina,Swain,,,,6.526182417994424,3.0,"Swain County, North Carolina",52818.0,19.8,21.1,14130.0,2022.0,ACS 2022 5-year Data Profile
37183,37,183,North Carolina,Wake,,,,7.840529703477092,3.0,"Wake County, North Carolina",96734.0,8.2,55.7,1132103.0,2022.0,ACS 2022 5-year Data Profile
38007,38,007,North Dakota,Billings,,,,4.189173402400448,3.0,"Billings County, North Dakota",74000.0,11.1,28.9,839.0,2022.0,ACS 2022 5-year Data Profile
38013,38,013,North Dakota,Burke,,,,5.208621890507691,3.0,"Burke County, North Dakota",94583.0,6.5,24.7,2184.0,2022.0,ACS 2022 5-year Data Profile
38015,38,015,North Dakota,Burleigh,,,,6.759500420088163,3.0,"Burleigh County, North Dakota",82141.0,7.9,37.3,98443.0,2022.0,ACS 2022 5-year Data Profile
38017,38,017,North Dakota,Cass,,,,7.686817408204919,3.0,"Cass County, North Dakota",73249.0,10.8,42.6,186328.0,2022.0,ACS 2022 5-year Data Profile
38025,38,025,North Dakota,Dunn,,,,5.172205863205684,3.0,"Dunn County, North Dakota",91758.0,6.8,19.0,4049.0,2022.0,ACS 2022 5-year Data Profile
38053,38,053,North Dakota,McKenzie,,,,4.809703727036123,3.0,"McKenzie County, North Dakota",83813.0,13.4,24.6,14081.0,2022.0,ACS 2022 5-year Data Profile
38057,38,057,North Dakota,Mercer,,,,5.730224707387368,3.0,"Mercer County, North Dakota",82155.0,9.6,19.9,8366.0,2022.0,ACS 2022 5-year Data Profile
38065,38,065,North Dakota,Oliver,,,,5.957732964587176,3.0,"Oliver County, North Dakota",69722.0,11.5,21.6,1832.0,2022.0,ACS 2022 5-year Data Profile
38101,38,101,North Dakota,Ward,,,,5.660232842426683,3.0,"Ward County, North Dakota",78143.0,9.0,29.4,69532.0,2022.0,ACS 2022 5-year Data Profile
38105,38,105,North Dakota,Williams,,,,4.088974695290858,1.0,"Williams County, North Dakota",86139.0,7.4,24.5,39076.0,2022.0,ACS 2022 5-year Data Profile
39003,39,003,Ohio,Allen,,,,6.414542292760076,3.0,"Allen County, Ohio",58976.0,12.3,19.1,102087.0,2022.0,ACS 2022 5-year Data Profile
39009,39,009,Ohio,Athens,,,,6.208249697011273,3.0,"Athens County, Ohio",48750.0,24.4,34.3,61276.0,2022.0,ACS 2022 5-year Data Profile
39013,39,013,Ohio,Belmont,,,,7.919665397715889,3.0,"Belmont County, Ohio",56943.0,14.0,17.4,66554.0,2022.0,ACS 2022 5-year Data Profile
39017,39,017,Ohio,Butler,,,,9.906250116412323,3.0,"Butler County, Ohio",77062.0,11.8,31.9,388327.0,2022.0,ACS 2022 5-year Data Profile
39023,39,023,Ohio,Clark,,,,9.188013722043245,3.0,"Clark County, Ohio",58954.0,15.6,18.6,135877.0,2022.0,ACS 2022 5-year Data Profile
39035,39,035,Ohio,Cuyahoga,,,,9.250121195138377,3.0,"Cuyahoga County, Ohio",60074.0,16.5,35.2,1256620.0,2022.0,ACS 2022 5-year Data Profile
39049,39,049,Ohio,Franklin,,,,8.816382590644869,3.0,"Franklin County, Ohio",71070.0,14.5,41.7,1318149.0,2022.0,ACS 2022 5-year Data Profile
39061,39,061,Ohio,Hamilton,,,,10.000582371771891,3.0,"Hamilton County, Ohio",68249.0,14.9,40.3,827671.0,2022.0,ACS 2022 5-year Data Profile
39067,39,067,Ohio,Harrison,,,,7.3880230291491005,3.0,"Harrison County, Ohio",54056.0,15.4,11.7,14528.0,2022.0,ACS 2022 5-year Data Profile
39081,39,081,Ohio,Jefferson,,,,9.98438751080247,3.0,"Jefferson County, Ohio",53124.0,18.2,19.5,65280.0,2022.0,ACS 2022 5-year Data Profile
39085,39,085,Ohio,Lake,,,,6.535558103975535,3.0,"Lake County, Ohio",76835.0,7.6,29.9,232236.0,2022.0,ACS 2022 5-year Data Profile
39087,39,087,Ohio,Lawrence,,,,7.803118101072563,3.0,"Lawrence County, Ohio",51846.0,17.9,18.2,57994.0,2022.0,ACS 2022 5-year Data Profile
39093,39,093,Ohio,Lorain,,,,7.073394924220153,3.0,"Lorain County, Ohio",67272.0,13.5,27.2,313101.0,2022.0,ACS 2022 5-year Data Profile
39095,39,095,Ohio,Lucas,,,,8.344073740149843,3.0,"Lucas County, Ohio",57265.0,17.8,28.0,430014.0,2022.0,ACS 2022 5-year Data Profile
39099,39,099,Ohio,Mahoning,,,,8.226550486865438,3.0,"Mahoning County, Ohio",54279.0,17.6,26.2,227979.0,2022.0,ACS 2022 5-year Data Profile
39103,39,103,Ohio,Medina,,,,7.091377565534221,3.0,"Medina County, Ohio",89968.0,6.0,35.9,182347.0,2022.0,ACS 2022 5-year Data Profile
39113,39,113,Ohio,Montgomery,,,,9.799123323418742,3.0,"Montgomery County, Ohio",61942.0,15.1,30.0,536121.0,2022.0,ACS 2022 5-year Data Profile
39133,39,133,Ohio,Portage,,,,7.3315295815295825,3.0,"Portage County, Ohio",69796.0,11.3,31.7,161217.0,2022.0,ACS 2022 5-year Data Profile
39135,39,135,Ohio,Preble,,,,8.271265566555675,3.0,"Preble County, Ohio",66355.0,10.3,18.8,40929.0,2022.0,ACS 2022 5-year Data Profile
39145,39,145,Ohio,Scioto,,,,6.849894937519134,3.0,"Scioto County, Ohio",46360.0,23.8,17.6,73716.0,2022.0,ACS 2022 5-year Data Profile
39151,39,151,Ohio,Stark,,,,9.607676374397714,3.0,"Stark County, Ohio",63130.0,13.2,24.1,374199.0,2022.0,ACS 2022 5-year Data Profile
39153,39,153,Ohio,Summit,,,,8.706257482996369,3.0,"Summit County, Ohio",68360.0,12.4,34.6,539361.0,2022.0,ACS 2022 5-year Data Profile
39155,39,155,Ohio,Trumbull,,,,7.196189274838346,3.0,"Trumbull County, Ohio",53537.0,17.1,20.0,201749.0,2022.0,ACS 2022 5-year Data Profile
40019,40,019,Oklahoma,Carter,,,,8.263643047646033,3.0,"Carter County, Oklahoma",56390.0,15.3,19.6,48202.0,2022.0,ACS 2022 5-year Data Profile
40027,40,027,Oklahoma,Cleveland,,,,9.749990917777687,3.0,"Cleveland County, Oklahoma",71757.0,12.8,35.2,295060.0,2022.0,ACS 2022 5-year Data Profile
40031,40,031,Oklahoma,Comanche,,,,7.553847441427384,3.0,"Comanche County, Oklahoma",57150.0,16.6,23.8,121777.0,2022.0,ACS 2022 5-year Data Profile
40043,40,043,Oklahoma,Dewey,,,,7.196648991580702,3.0,"Dewey County, Oklahoma",61310.0,14.2,19.5,4504.0,2022.0,ACS 2022 5-year Data Profile
40071,40,071,Oklahoma,Kay,,,,9.09128017057295,3.0,"Kay County, Oklahoma",53746.0,16.4,18.1,43859.0,2022.0,ACS 2022 5-year Data Profile
40079,40,079,Oklahoma,Le Flore,,,,7.251351351351351,1.0,"Le Flore County, Oklahoma",46750.0,20.4,15.2,48525.0,2022.0,ACS 2022 5-year Data Profile
40105,40,105,Oklahoma,Nowata,,,,8.357630926183845,1.0,"Nowata County, Oklahoma",50960.0,16.0,16.8,9460.0,2022.0,ACS 2022 5-year Data Profile
40109,40,109,Oklahoma,Oklahoma,,,,9.253217937945909,3.0,"Oklahoma County, Oklahoma",62505.0,15.8,34.2,795822.0,2022.0,ACS 2022 5-year Data Profile
40115,40,115,Oklahoma,Ottawa,,,,10.883294708708243,3.0,"Ottawa County, Oklahoma",46186.0,20.4,15.4,30472.0,2022.0,ACS 2022 5-year Data Profile
40121,40,121,Oklahoma,Pittsburg,,,,8.601181226918847,3.0,"Pittsburg County, Oklahoma",53054.0,19.0,19.0,43758.0,2022.0,ACS 2022 5-year Data Profile
40135,40,135,Oklahoma,Sequoyah,,,,7.853847566574839,3.0,"Sequoyah County, Oklahoma",47494.0,19.5,15.0,39538.0,2022.0,ACS 2022 5-year Data Profile
40143,40,143,Oklahoma,Tulsa,,,,8.730397274221657,3.0,"Tulsa County, Oklahoma",65229.0,14.4,33.2,668923.0,2022.0,ACS 2022 5-year Data Profile
40147,40,147,Oklahoma,Washington,,,,8.55861593512715,2.0,"Washington County, Oklahoma",59426.0,13.9,30.7,52579.0,2022.0,ACS 2022 5-year Data Profile
41013,41,013,Oregon,Crook,,,,10.411732489550372,3.0,"Crook County, Oregon",74969.0,7.9,20.9,24987.0,2022.0,ACS 2022 5-year Data Profile
41025,41,025,Oregon,Harney,,,,10.855620256985375,3.0,"Harney County, Oregon",45462.0,12.1,14.2,7496.0,2022.0,ACS 2022 5-year Data Profile
41029,41,029,Oregon,Jackson,,,,13.68543383365125,3.0,"Jackson County, Oregon",67690.0,13.3,30.0,222604.0,2022.0,ACS 2022 5-year Data Profile
41033,41,033,Oregon,Josephine,,,,11.684567901234567,3.0,"Josephine County, Oregon",56068.0,16.1,18.6,87994.0,2022.0,ACS 2022 5-year Data Profile
41035,41,035,Oregon,Klamath,,,,15.116261951335357,3.0,"Klamath County, Oregon",57219.0,17.8,20.8,69506.0,2022.0,ACS 2022 5-year Data Profile
41037,41,037,Oregon,Lake,,,,9.026752070356144,3.0,"Lake County, Oregon",54663.0,19.6,19.8,8201.0,2022.0,ACS 2022 5-year Data Profile
41039,41,039,Oregon,Lane,,,,9.82555357458664,3.0,"Lane County, Oregon",65157.0,16.1,33.0,382218.0,2022.0,ACS 2022 5-year Data Profile
41051,41,051,Oregon,Multnomah,,,,7.799764957264958,3.0,"Multnomah County, Oregon",83668.0,12.2,47.7,808098.0,2022.0,ACS 2022 5-year Data Profile
41067,41,067,Oregon,Washington,,,,7.441244754927975,3.0,"Washington County, Oregon",100121.0,8.2,45.8,599541.0,2022.0,ACS 2022 5-year Data Profile
42001,42,001,Pennsylvania,Adams,,,,8.2542507625287,3.0,"Adams County, Pennsylvania",78975.0,7.9,24.4,104604.0,2022.0,ACS 2022 5-year Data Profile
42003,42,003,Pennsylvania,Allegheny,,,,9.860142097559896,3.0,"Allegheny County, Pennsylvania",72537.0,11.1,43.8,1245310.0,2022.0,ACS 2022 5-year Data Profile
42005,42,005,Pennsylvania,Armstrong,,,,8.044891683057307,3.0,"Armstrong County, Pennsylvania",61011.0,10.4,18.6,65538.0,2022.0,ACS 2022 5-year Data Profile
42007,42,007,Pennsylvania,Beaver,,,,9.03666850768144,3.0,"Beaver County, Pennsylvania",67194.0,10.4,26.8,167629.0,2022.0,ACS 2022 5-year Data Profile
42011,42,011,Pennsylvania,Berks,,,,8.458580891626259,3.0,"Berks County, Pennsylvania",74617.0,11.8,26.8,428483.0,2022.0,ACS 2022 5-year Data Profile
42013,42,013,Pennsylvania,Blair,,,,8.000885443274031,3.0,"Blair County, Pennsylvania",59386.0,13.2,23.4,122640.0,2022.0,ACS 2022 5-year Data Profile
42015,42,015,Pennsylvania,Bradford,,,,6.713793569205556,3.0,"Bradford County, Pennsylvania",60650.0,13.1,20.0,60159.0,2022.0,ACS 2022 5-year Data Profile
42021,42,021,Pennsylvania,Cambria,,,,8.704598450941555,3.0,"Cambria County, Pennsylvania",54221.0,14.4,22.7,133263.0,2022.0,ACS 2022 5-year Data Profile
42027,42,027,Pennsylvania,Centre,,,,7.864021694681569,3.0,"Centre County, Pennsylvania",70087.0,17.0,46.2,158665.0,2022.0,ACS 2022 5-year Data Profile
42029,42,029,Pennsylvania,Chester,,,,8.246516839205395,3.0,"Chester County, Pennsylvania",118574.0,6.0,56.1,536474.0,2022.0,ACS 2022 5-year Data Profile
42041,42,041,Pennsylvania,Cumberland,,,,8.99654891994207,3.0,"Cumberland County, Pennsylvania",82849.0,7.7,38.7,261269.0,2022.0,ACS 2022 5-year Data Profile
42043,42,043,Pennsylvania,Dauphin,,,,9.14695077228691,3.0,"Dauphin County, Pennsylvania",71046.0,12.2,33.3,286108.0,2022.0,ACS 2022 5-year Data Profile
42045,42,045,Pennsylvania,Delaware,,,,8.652635805924868,3.0,"Delaware County, Pennsylvania",86390.0,9.7,40.9,575312.0,2022.0,ACS 2022 5-year Data Profile
42049,42,049,Pennsylvania,Erie,,,,6.622498187126952,3.0,"Erie County, Pennsylvania",59396.0,15.4,29.6,270495.0,2022.0,ACS 2022 5-year Data Profile
42051,42,051,Pennsylvania,Fayette,,,,7.404602590357488,3.0,"Fayette County, Pennsylvania",55579.0,16.2,18.6,128417.0,2022.0,ACS 2022 5-year Data Profile
42059,42,059,Pennsylvania,Greene,,,,6.625099371881807,3.0,"Greene County, Pennsylvania",66283.0,12.9,21.1,35781.0,2022.0,ACS 2022 5-year Data Profile
42063,42,063,Pennsylvania,Indiana,,,,7.560829743230519,2.0,"Indiana County, Pennsylvania",57170.0,13.0,26.2,83394.0,2022.0,ACS 2022 5-year Data Profile
42069,42,069,Pennsylvania,Lackawanna,,,,6.647835717578718,3.0,"Lackawanna County, Pennsylvania",63739.0,13.0,29.9,215672.0,2022.0,ACS 2022 5-year Data Profile
42071,42,071,Pennsylvania,Lancaster,,,,9.735085224838878,3.0,"Lancaster County, Pennsylvania",81458.0,8.2,30.5,553202.0,2022.0,ACS 2022 5-year Data Profile
42075,42,075,Pennsylvania,Lebanon,,,,8.785147791164214,3.0,"Lebanon County, Pennsylvania",72532.0,10.9,22.9,143258.0,2022.0,ACS 2022 5-year Data Profile
42077,42,077,Pennsylvania,Lehigh,,,,8.163534266384875,3.0,"Lehigh County, Pennsylvania",74973.0,11.9,32.4,374110.0,2022.0,ACS 2022 5-year Data Profile
42081,42,081,Pennsylvania,Lycoming,,,,7.187375836214268,3.0,"Lycoming County, Pennsylvania",63437.0,12.5,24.4,114022.0,2022.0,ACS 2022 5-year Data Profile
42085,42,085,Pennsylvania,Mercer,,,,7.25046941625028,3.0,"Mercer County, Pennsylvania",57353.0,13.5,24.1,110600.0,2022.0,ACS 2022 5-year Data Profile
42091,42,091,Pennsylvania,Montgomery,,,,7.870015789559127,3.0,"Montgomery County, Pennsylvania",107441.0,6.3,51.4,856399.0,2022.0,ACS 2022 5-year Data Profile
42095,42,095,Pennsylvania,Northampton,,,,8.097870576204237,3.0,"Northampton County, Pennsylvania",82201.0,9.2,32.8,314299.0,2022.0,ACS 2022 5-year Data Profile
42101,42,101,Pennsylvania,Philadelphia,,,,8.319289730793855,3.0,"Philadelphia County, Pennsylvania",57537.0,22.7,33.6,1593208.0,2022.0,ACS 2022 5-year Data Profile
42115,42,115,Pennsylvania,Susquehanna,,,,6.164694916541992,3.0,"Susquehanna County, Pennsylvania",63968.0,11.2,19.9,38540.0,2022.0,ACS 2022 5-year Data Profile
42117,42,117,Pennsylvania,Tioga,,,,5.790246124047677,3.0,"Tioga County, Pennsylvania",59707.0,12.2,21.3,41186.0,2022.0,ACS 2022 5-year Data Profile
42125,42,125,Pennsylvania,Washington,,,,7.569440006073925,3.0,"Washington County, Pennsylvania",74403.0,9.5,32.4,209631.0,2022.0,ACS 2022 5-year Data Profile
42129,42,129,Pennsylvania,Westmoreland,,,,7.569401065405198,3.0,"Westmoreland County, Pennsylvania",69454.0,9.7,31.2,354414.0,2022.0,ACS 2022 5-year Data Profile
42131,42,131,Pennsylvania,Wyoming,,,,7.049586348785759,3.0,"Wyoming County, Pennsylvania",67968.0,11.2,21.5,26219.0,2022.0,ACS 2022 5-year Data Profile
42133,42,133,Pennsylvania,York,,,,9.122324759086212,3.0,"York County, Pennsylvania",79183.0,8.6,26.3,457051.0,2022.0,ACS 2022 5-year Data Profile
44003,44,003,Rhode Island,Kent,,,,4.560861724922561,3.0,"Kent County, Rhode Island",85732.0,7.5,33.6,170168.0,2022.0,ACS 2022 5-year Data Profile
44007,44,007,Rhode Island,Providence,,,,6.940587130429658,3.0,"Providence County, Rhode Island",72579.0,13.6,31.2,657984.0,2022.0,ACS 2022 5-year Data Profile
44009,44,009,Rhode Island,Washington,,,,4.472448738103407,3.0,"Washington County, Rhode Island",99510.0,7.9,48.6,129998.0,2022.0,ACS 2022 5-year Data Profile
45019,45,019,South Carolina,Charleston,,,,7.3238534079722015,3.0,"Charleston County, South Carolina",78795.0,12.3,48.1,409840.0,2022.0,ACS 2022 5-year Data Profile
45025,45,025,South Carolina,Chesterfield,,,,6.885153492129658,3.0,"Chesterfield County, South Carolina",46326.0,20.3,12.9,43536.0,2022.0,ACS 2022 5-year Data Profile
45037,45,037,South Carolina,Edgefield,,,,7.512162066661527,3.0,"Edgefield County, South Carolina",60033.0,17.0,19.9,26181.0,2022.0,ACS 2022 5-year Data Profile
45041,45,041,South Carolina,Florence,,,,7.287457234920498,3.0,"Florence County, South Carolina",56088.0,17.8,23.8,137015.0,2022.0,ACS 2022 5-year Data Profile
45045,45,045,South Carolina,Greenville,,,,8.01458057798389,3.0,"Greenville County, South Carolina",71328.0,10.9,39.3,528251.0,2022.0,ACS 2022 5-year Data Profile
45063,45,063,South Carolina,Lexington,,,,7.880956359473305,3.0,"Lexington County, South Carolina",71280.0,11.6,32.6,295934.0,2022.0,ACS 2022 5-year Data Profile
45073,45,073,South Carolina,Oconee,,,,6.28758376821192,1.0,"Oconee County, South Carolina",56710.0,15.7,27.8,78775.0,2022.0,ACS 2022 5-year Data Profile
45079,45,079,South Carolina,Richland,,,,7.27762172164086,3.0,"Richland County, South Carolina",59850.0,16.8,40.2,416161.0,2022.0,ACS 2022 5-year Data Profile
45083,45,083,South Carolina,Spartanburg,,,,8.08159875489877,3.0,"Spartanburg County, South Carolina",61955.0,14.4,25.2,330119.0,2022.0,ACS 2022 5-year Data Profile
45091,45,091,South Carolina,York,,,,7.177933824747999,3.0,"York County, South Carolina",80158.0,8.4,36.9,282987.0,2022.0,ACS 2022 5-year Data Profile
46011,46,011,South Dakota,Brookings,,,,5.085794253795466,3.0,"Brookings County, South Dakota",64438.0,12.5,42.4,34631.0,2022.0,ACS 2022 5-year Data Profile
46013,46,013,South Dakota,Brown,,,,5.996935530079695,3.0,"Brown County, South Dakota",70379.0,10.5,32.8,38278.0,2022.0,ACS 2022 5-year Data Profile
46029,46,029,South Dakota,Codington,,,,7.422850623894827,3.0,"Codington County, South Dakota",65747.0,11.0,20.2,28402.0,2022.0,ACS 2022 5-year Data Profile
46033,46,033,South Dakota,Custer,,,,3.5481927729537546,3.0,"Custer County, South Dakota",75943.0,8.3,30.5,8515.0,2022.0,ACS 2022 5-year Data Profile
46065,46,065,South Dakota,Hughes,,,,3.795259606234229,3.0,"Hughes County, South Dakota",83750.0,10.0,35.4,17812.0,2022.0,ACS 2022 5-year Data Profile
46071,46,071,South Dakota,Jackson,,,,4.59762585190363,3.0,"Jackson County, South Dakota",26078.0,38.4,15.6,2838.0,2022.0,ACS 2022 5-year Data Profile
46099,46,099,South Dakota,Minnehaha,,,,5.87899058341863,3.0,"Minnehaha County, South Dakota",73110.0,8.7,34.2,197742.0,2022.0,ACS 2022 5-year Data Profile
46103,46,103,South Dakota,Pennington,,,,6.918412424547703,3.0,"Pennington County, South Dakota",67823.0,12.3,33.4,110386.0,2022.0,ACS 2022 5-year Data Profile
46127,46,127,South Dakota,Union,,,,6.798857080096906,3.0,"Union County, South Dakota",82036.0,8.2,35.4,16700.0,2022.0,ACS 2022 5-year Data Profile
47009,47,009,Tennessee,Blount,,,,6.911197306673981,3.0,"Blount County, Tennessee",70935.0,8.6,26.0,135951.0,2022.0,ACS 2022 5-year Data Profile
47037,47,037,Tennessee,Davidson,,,,9.080067679892126,3.0,"Davidson County, Tennessee",71863.0,14.3,46.0,709786.0,2022.0,ACS 2022 5-year Data Profile
47045,47,045,Tennessee,Dyer,,,,6.989310804434233,3.0,"Dyer County, Tennessee",53150.0,16.3,21.6,36818.0,2022.0,ACS 2022 5-year Data Profile
47065,47,065,Tennessee,Hamilton,,,,8.050353783020702,3.0,"Hamilton County, Tennessee",69069.0,12.3,35.5,367193.0,2022.0,ACS 2022 5-year Data Profile
47093,47,093,Tennessee,Knox,,,,8.578952096441897,3.0,"Knox County, Tennessee",68580.0,12.4,39.2,481406.0,2022.0,ACS 2022 5-year Data Profile
47099,47,099,Tennessee,Lawrence,,,,6.337007346795303,3.0,"Lawrence County, Tennessee",51038.0,16.1,15.6,44377.0,2022.0,ACS 2022 5-year Data Profile
47105,47,105,Tennessee,Loudon,,,,6.663911756523663,3.0,"Loudon County, Tennessee",75008.0,11.8,28.4,55507.0,2022.0,ACS 2022 5-year Data Profile
47107,47,107,Tennessee,McMinn,,,,7.325543483903725,3.0,"McMinn County, Tennessee",57982.0,13.6,17.4,53532.0,2022.0,ACS 2022 5-year Data Profile
47113,47,113,Tennessee,Madison,,,,7.132886382092096,3.0,"Madison County, Tennessee",55280.0,18.2,25.9,98644.0,2022.0,ACS 2022 5-year Data Profile
47119,47,119,Tennessee,Maury,,,,6.491650536058483,3.0,"Maury County, Tennessee",71500.0,8.9,25.9,102002.0,2022.0,ACS 2022 5-year Data Profile
47125,47,125,Tennessee,Montgomery,,,,6.965653945772389,3.0,"Montgomery County, Tennessee",67890.0,11.9,30.4,222305.0,2022.0,ACS 2022 5-year Data Profile
47141,47,141,Tennessee,Putnam,,,,6.601528397328125,3.0,"Putnam County, Tennessee",54371.0,16.3,27.6,80157.0,2022.0,ACS 2022 5-year Data Profile
47145,47,145,Tennessee,Roane,,,,7.154235439903657,3.0,"Roane County, Tennessee",66460.0,12.2,21.9,53777.0,2022.0,ACS 2022 5-year Data Profile
47157,47,157,Tennessee,Shelby,,,,8.512657265102847,3.0,"Shelby County, Tennessee",59621.0,18.1,33.8,926440.0,2022.0,ACS 2022 5-year Data Profile
47163,47,163,Tennessee,Sullivan,,,,6.662777044337144,3.0,"Sullivan County, Tennessee",54357.0,15.2,26.3,158722.0,2022.0,ACS 2022 5-year Data Profile
47165,47,165,Tennessee,Sumner,,,,7.335252884397622,3.0,"Sumner County, Tennessee",81883.0,9.4,31.2,196845.0,2022.0,ACS 2022 5-year Data Profile
48013,48,013,Texas,Atascosa,,,,8.845350562809918,2.0,"Atascosa County, Texas",67442.0,14.1,14.5,49403.0,2022.0,ACS 2022 5-year Data Profile
48027,48,027,Texas,Bell,,,,7.878059929986882,3.0,"Bell County, Texas",62858.0,14.7,26.8,372821.0,2022.0,ACS 2022 5-year Data Profile
48029,48,029,Texas,Bexar,,,,8.400283545663994,3.0,"Bexar County, Texas",67275.0,15.2,30.4,2014059.0,2022.0,ACS 2022 5-year Data Profile
48037,48,037,Texas,Bowie,,,,9.6632685648547,3.0,"Bowie County, Texas",56628.0,17.4,22.3,92747.0,2022.0,ACS 2022 5-year Data Profile
48041,48,041,Texas,Brazos,,,,8.066692843958116,2.0,"Brazos County, Texas",57562.0,24.3,43.2,234548.0,2022.0,ACS 2022 5-year Data Profile
48043,48,043,Texas,Brewster,,,,5.555410055509327,3.0,"Brewster County, Texas",47747.0,15.7,47.7,9454.0,2022.0,ACS 2022 5-year Data Profile
48061,48,061,Texas,Cameron,,,,10.315353039828766,3.0,"Cameron County, Texas",47435.0,25.3,19.5,421854.0,2022.0,ACS 2022 5-year Data Profile
48113,48,113,Texas,Dallas,,,,8.63588218655862,3.0,"Dallas County, Texas",70732.0,14.0,33.9,2604053.0,2022.0,ACS 2022 5-year Data Profile
48121,48,121,Texas,Denton,,,,7.456366753365226,3.0,"Denton County, Texas",104180.0,7.4,47.9,914870.0,2022.0,ACS 2022 5-year Data Profile
48135,48,135,Texas,Ector,,,,7.456579202425952,3.0,"Ector County, Texas",70566.0,15.8,16.6,162300.0,2022.0,ACS 2022 5-year Data Profile
48139,48,139,Texas,Ellis,,,,8.100864074443336,3.0,"Ellis County, Texas",93248.0,8.2,27.9,195509.0,2022.0,ACS 2022 5-year Data Profile
48141,48,141,Texas,El Paso,,,,8.81342349256361,3.0,"El Paso County, Texas",55417.0,19.5,25.0,863832.0,2022.0,ACS 2022 5-year Data Profile
48167,48,167,Texas,Galveston,,,,7.845007187969127,3.0,"Galveston County, Texas",83913.0,11.0,33.8,350801.0,2022.0,ACS 2022 5-year Data Profile
48201,48,201,Texas,Harris,,,,9.82276769009738,3.0,"Harris County, Texas",70789.0,15.8,33.2,4726177.0,2022.0,ACS 2022 5-year Data Profile
48203,48,203,Texas,Harrison,,,,9.003478069863982,3.0,"Harrison County, Texas",63427.0,16.3,22.2,69098.0,2022.0,ACS 2022 5-year Data Profile
48215,48,215,Texas,Hidalgo,,,,10.490901119750546,3.0,"Hidalgo County, Texas",49371.0,27.7,20.1,873167.0,2022.0,ACS 2022 5-year Data Profile
48245,48,245,Texas,Jefferson,,,,8.0389147965994,3.0,"Jefferson County, Texas",57294.0,18.2,19.9,254942.0,2022.0,ACS 2022 5-year Data Profile
48273,48,273,Texas,Kleberg,,,,9.610519436763475,3.0,"Kleberg County, Texas",52487.0,30.6,23.0,30860.0,2022.0,ACS 2022 5-year Data Profile
48303,48,303,Texas,Lubbock,,,,6.0138458297270825,3.0,"Lubbock County, Texas",61911.0,17.2,32.6,311509.0,2022.0,ACS 2022 5-year Data Profile
48323,48,323,Texas,Maverick,,,,7.796875873569874,3.0,"Maverick County, Texas",48497.0,23.4,15.8,57806.0,2022.0,ACS 2022 5-year Data Profile
48339,48,339,Texas,Montgomery,,,,9.962169231182797,1.0,"Montgomery County, Texas",95946.0,8.8,37.7,629989.0,2022.0,ACS 2022 5-year Data Profile
48355,48,355,Texas,Nueces,,,,8.721184977825748,3.0,"Nueces County, Texas",64027.0,17.3,22.5,353245.0,2022.0,ACS 2022 5-year Data Profile
48361,48,361,Texas,Orange,,,,8.241000092199814,3.0,"Orange County, Texas",71910.0,11.9,17.2,84761.0,2022.0,ACS 2022 5-year Data Profile
48375,48,375,Texas,Potter,,,,5.621100320679928,3.0,"Potter County, Texas",47974.0,20.7,17.0,117905.0,2022.0,ACS 2022 5-year Data Profile
48439,48,439,Texas,Tarrant,,,,8.978296836663569,3.0,"Tarrant County, Texas",78872.0,11.0,33.9,2113854.0,2022.0,ACS 2022 5-year Data Profile
48453,48,453,Texas,Travis,,,,9.176367989450869,3.0,"Travis County, Texas",92731.0,11.3,53.8,1289054.0,2022.0,ACS 2022 5-year Data Profile
48479,48,479,Texas,Webb,,,,10.381502630303313,3.0,"Webb County, Texas",59984.0,21.4,20.6,267282.0,2022.0,ACS 2022 5-year Data Profile
49003,49,003,Utah,Box Elder,,,,6.173256084313725,1.0,"Box Elder County, Utah",72769.0,8.1,25.8,58291.0,2022.0,ACS 2022 5-year Data Profile
49005,49,005,Utah,Cache,,,,8.143197786446008,3.0,"Cache County, Utah",72719.0,13.5,40.0,134428.0,2022.0,ACS 2022 5-year Data Profile
49007,49,007,Utah,Carbon,,,,14.9520835,1.0,"Carbon County, Utah",53734.0,16.6,16.7,20338.0,2022.0,ACS 2022 5-year Data Profile
49011,49,011,Utah,Davis,,,,7.76713388538688,3.0,"Davis County, Utah",101285.0,6.0,38.4,363032.0,2022.0,ACS 2022 5-year Data Profile
49013,49,013,Utah,Duchesne,,,,6.832141819960923,3.0,"Duchesne County, Utah",70821.0,13.5,14.4,19779.0,2022.0,ACS 2022 5-year Data Profile
49021,49,021,Utah,Iron,,,,5.427805529529405,3.0,"Iron County, Utah",63005.0,14.1,30.4,58068.0,2022.0,ACS 2022 5-year Data Profile
49035,49,035,Utah,Salt Lake,,,,8.066899234433023,3.0,"Salt Lake County, Utah",90011.0,8.1,37.7,1180643.0,2022.0,ACS 2022 5-year Data Profile
49045,49,045,Utah,Tooele,,,,6.787532823177416,3.0,"Tooele County, Utah",95545.0,4.5,22.6,74032.0,2022.0,ACS 2022 5-year Data Profile
49047,49,047,Utah,Uintah,,,,6.063426101825441,3.0,"Uintah County, Utah",67983.0,11.6,18.0,35951.0,2022.0,ACS 2022 5-year Data Profile
49049,49,049,Utah,Utah,,,,7.090027161208429,3.0,"Utah County, Utah",91263.0,8.9,42.8,666021.0,2022.0,ACS 2022 5-year Data Profile
49053,49,053,Utah,Washington,,,,5.476953333400935,3.0,"Washington County, Utah",71976.0,8.8,32.8,183297.0,2022.0,ACS 2022 5-year Data Profile
49057,49,057,Utah,Weber,,,,6.98436244829098,3.0,"Weber County, Utah",82291.0,7.6,27.0,262960.0,2022.0,ACS 2022 5-year Data Profile
50003,50,003,Vermont,Bennington,,,,5.331996335236117,3.0,"Bennington County, Vermont",68558.0,11.2,39.4,37326.0,2022.0,ACS 2022 5-year Data Profile
50007,50,007,Vermont,Chittenden,,,,5.288219881634479,3.0,"Chittenden County, Vermont",89494.0,11.2,55.7,168309.0,2022.0,ACS 2022 5-year Data Profile
50021,50,021,Vermont,Rutland,,,,7.089911357095342,3.0,"Rutland County, Vermont",62641.0,11.4,33.0,60585.0,2022.0,ACS 2022 5-year Data Profile
51003,51,003,Virginia,Albemarle,,,,6.635647348607146,3.0,"Albemarle County, Virginia",97708.0,7.1,60.1,112513.0,2022.0,ACS 2022 5-year Data Profile
51013,51,013,Virginia,Arlington,,,,7.475813405432308,3.0,"Arlington County, Virginia",137387.0,6.7,76.8,235845.0,2022.0,ACS 2022 5-year Data Profile
51036,51,036,Virginia,Charles,,,,6.388276836158192,3.0,"Charles City County, Virginia",65573.0,12.5,16.2,6760.0,2022.0,ACS 2022 5-year Data Profile
51041,51,041,Virginia,Chesterfield,,,,6.4380973248346125,3.0,"Chesterfield County, Virginia",95757.0,6.7,42.3,366019.0,2022.0,ACS 2022 5-year Data Profile
51059,51,059,Virginia,Fairfax,,,,7.911675063848256,3.0,"Fairfax County, Virginia",145165.0,6.0,64.1,1145354.0,2022.0,ACS 2022 5-year Data Profile
51069,51,069,Virginia,Frederick,,,,7.689869239926623,3.0,"Frederick County, Virginia",92443.0,6.8,29.1,92007.0,2022.0,ACS 2022 5-year Data Profile
51087,51,087,Virginia,Henrico,,,,7.099829829063804,3.0,"Henrico County, Virginia",82424.0,8.4,45.4,333120.0,2022.0,ACS 2022 5-year Data Profile
51107,51,107,Virginia,Loudoun,,,,6.961067115251898,3.0,"Loudoun County, Virginia",170463.0,3.8,63.5,420773.0,2022.0,ACS 2022 5-year Data Profile
51161,51,161,Virginia,Roanoke,,,,6.931016283263594,3.0,"Roanoke County, Virginia",80872.0,7.1,37.5,96653.0,2022.0,ACS 2022 5-year Data Profile
51165,51,165,Virginia,Rockingham,,,,6.830793295045992,3.0,"Rockingham County, Virginia",73232.0,8.8,28.8,83905.0,2022.0,ACS 2022 5-year Data Profile
51520,51,520,Virginia,Bristol City,,,,6.588542587680519,3.0,"Bristol city, Virginia",45250.0,17.0,22.8,17036.0,2022.0,ACS 2022 5-year Data Profile
51650,51,650,Virginia,Hampton City,,,,6.403056855675829,3.0,"Hampton city, Virginia",64430.0,13.5,27.7,137217.0,2022.0,ACS 2022 5-year Data Profile
51680,51,680,Virginia,Lynchburg City,,,,6.083390959077234,3.0,"Lynchburg city, Virginia",56243.0,17.5,38.0,79166.0,2022.0,ACS 2022 5-year Data Profile
51710,51,710,Virginia,Norfolk City,,,,6.775612121871402,3.0,"Norfolk city, Virginia",60998.0,16.9,32.2,236973.0,2022.0,ACS 2022 5-year Data Profile
51760,51,760,Virginia,Richmond City,,,,7.902198302846464,3.0,"Richmond city, Virginia",59606.0,19.5,44.1,227171.0,2022.0,ACS 2022 5-year Data Profile
51775,51,775,Virginia,Salem City,,,,6.537461479198768,3.0,"Salem city, Virginia",68402.0,9.6,32.5,25372.0,2022.0,ACS 2022 5-year Data Profile
51810,51,810,Virginia,Virginia Beach City,,,,6.772492259767888,3.0,"Virginia Beach city, Virginia",87544.0,8.0,39.8,457900.0,2022.0,ACS 2022 5-year Data Profile
53011,53,011,Washington,Clark,,,,8.717706902624279,3.0,"Clark County, Washington",90115.0,8.9,32.2,504091.0,2022.0,ACS 2022 5-year Data Profile
53033,53,033,Washington,King,,,,7.014387465961659,3.0,"King County, Washington",116340.0,8.4,54.8,2254371.0,2022.0,ACS 2022 5-year Data Profile
53035,53,035,Washington,Kitsap,,,,5.8944056198626695,3.0,"Kitsap County, Washington",93675.0,8.3,35.3,275411.0,2022.0,ACS 2022 5-year Data Profile
53037,53,037,Washington,Kittitas,,,,7.654421128996802,3.0,"Kittitas County, Washington",66800.0,14.5,36.1,44424.0,2022.0,ACS 2022 5-year Data Profile
53047,53,047,Washington,Okanogan,,,,12.47565016115432,3.0,"Okanogan County, Washington",58218.0,18.9,22.6,42336.0,2022.0,ACS 2022 5-year Data Profile
53053,53,053,Washington,Pierce,,,,7.548750810268743,3.0,"Pierce County, Washington",91486.0,8.7,29.3,918993.0,2022.0,ACS 2022 5-year Data Profile
53057,53,057,Washington,Skagit,,,,4.763801918119065,3.0,"Skagit County, Washington",82029.0,12.0,28.7,129480.0,2022.0,ACS 2022 5-year Data Profile
53061,53,061,Washington,Snohomish,,,,7.52006828159196,3.0,"Snohomish County, Washington",104083.0,7.6,35.4,828337.0,2022.0,ACS 2022 5-year Data Profile
53063,53,063,Washington,Spokane,,,,8.718309905997236,3.0,"Spokane County, Washington",70394.0,12.3,31.9,538711.0,2022.0,ACS 2022 5-year Data Profile
53065,53,065,Washington,Stevens,,,,12.70222310841587,3.0,"Stevens County, Washington",62381.0,13.3,20.9,46774.0,2022.0,ACS 2022 5-year Data Profile
53073,53,073,Washington,Whatcom,,,,4.724535872683237,3.0,"Whatcom County, Washington",77581.0,12.9,37.0,226523.0,2022.0,ACS 2022 5-year Data Profile
53077,53,077,Washington,Yakima,,,,11.284322487190162,3.0,"Yakima County, Washington",64910.0,15.5,18.2,256143.0,2022.0,ACS 2022 5-year Data Profile
54003,54,003,West Virginia,Berkeley,,,,8.362833667911806,3.0,"Berkeley County, West Virginia",73619.0,10.9,24.3,123283.0,2022.0,ACS 2022 5-year Data Profile
54009,54,009,West Virginia,Brooke,,,,8.943347905362495,3.0,"Brooke County, West Virginia",51963.0,11.0,21.9,22349.0,2022.0,ACS 2022 5-year Data Profile
54011,54,011,West Virginia,Cabell,,,,7.186454785080628,3.0,"Cabell County, West Virginia",48944.0,20.1,30.3,93965.0,2022.0,ACS 2022 5-year Data Profile
54029,54,029,West Virginia,Hancock,,,,8.038682968682968,3.0,"Hancock County, West Virginia",57515.0,13.4,19.1,28907.0,2022.0,ACS 2022 5-year Data Profile
54033,54,033,West Virginia,Harrison,,,,7.068439390016398,3.0,"Harrison County, West Virginia",56184.0,13.7,24.7,65862.0,2022.0,ACS 2022 5-year Data Profile
54039,54,039,West Virginia,Kanawha,,,,7.62088882459247,3.0,"Kanawha County, West Virginia",55226.0,16.4,28.2,179895.0,2022.0,ACS 2022 5-year Data Profile
54049,54,049,West Virginia,Marion,,,,7.536359886359886,3.0,"Marion County, West Virginia",59974.0,14.9,25.1,56194.0,2022.0,ACS 2022 5-year Data Profile
54051,54,051,West Virginia,Marshall,,,,9.50204540469074,3.0,"Marshall County, West Virginia",58129.0,14.7,19.0,30509.0,2022.0,ACS 2022 5-year Data Profile
54061,54,061,West Virginia,Monongalia,,,,7.073344414200792,3.0,"Monongalia County, West Virginia",60893.0,20.6,48.3,105988.0,2022.0,ACS 2022 5-year Data Profile
54069,54,069,West Virginia,Ohio,,,,7.778370998116761,3.0,"Ohio County, West Virginia",55521.0,14.7,33.2,42224.0,2022.0,ACS 2022 5-year Data Profile
54107,54,107,West Virginia,Wood,,,,7.583140734281134,3.0,"Wood County, West Virginia",54350.0,14.8,22.0,84272.0,2022.0,ACS 2022 5-year Data Profile
55003,55,003,Wisconsin,Ashland,,,,5.170036387177606,3.0,"Ashland County, Wisconsin",57000.0,16.6,20.7,16041.0,2022.0,ACS 2022 5-year Data Profile
55009,55,009,Wisconsin,Brown,,,,7.427088838475541,3.0,"Brown County, Wisconsin",74066.0,9.7,31.7,268393.0,2022.0,ACS 2022 5-year Data Profile
55025,55,025,Wisconsin,Dane,,,,7.995310158622421,3.0,"Dane County, Wisconsin",84297.0,10.9,54.0,559891.0,2022.0,ACS 2022 5-year Data Profile
55027,55,027,Wisconsin,Dodge,,,,7.420862442323629,3.0,"Dodge County, Wisconsin",71747.0,7.6,19.6,89032.0,2022.0,ACS 2022 5-year Data Profile
55035,55,035,Wisconsin,Eau Claire,,,,7.68200222653569,3.0,"Eau Claire County, Wisconsin",70127.0,12.1,35.4,105697.0,2022.0,ACS 2022 5-year Data Profile
55041,55,041,Wisconsin,Forest,,,,5.548235411137874,3.0,"Forest County, Wisconsin",55552.0,13.9,15.7,9239.0,2022.0,ACS 2022 5-year Data Profile
55043,55,043,Wisconsin,Grant,,,,8.159040709741037,3.0,"Grant County, Wisconsin",63497.0,13.8,24.2,51842.0,2022.0,ACS 2022 5-year Data Profile
55053,55,053,Wisconsin,Jackson,,,,6.453474534412956,1.0,"Jackson County, Wisconsin",64630.0,12.7,15.9,20958.0,2022.0,ACS 2022 5-year Data Profile
55059,55,059,Wisconsin,Kenosha,,,,7.166410968160743,3.0,"Kenosha County, Wisconsin",76583.0,11.1,29.4,168693.0,2022.0,ACS 2022 5-year Data Profile
55063,55,063,Wisconsin,La Crosse,,,,7.486281538391073,3.0,"La Crosse County, Wisconsin",68731.0,11.8,35.8,120216.0,2022.0,ACS 2022 5-year Data Profile
55079,55,079,Wisconsin,Milwaukee,,,,8.220026477935585,3.0,"Milwaukee County, Wisconsin",59319.0,17.8,33.1,933063.0,2022.0,ACS 2022 5-year Data Profile
55081,55,081,Wisconsin,Monroe,,,,6.46289444340796,1.0,"Monroe County, Wisconsin",66451.0,11.6,20.1,46208.0,2022.0,ACS 2022 5-year Data Profile
55087,55,087,Wisconsin,Outagamie,,,,7.58016857909233,3.0,"Outagamie County, Wisconsin",78705.0,6.9,31.6,190611.0,2022.0,ACS 2022 5-year Data Profile
55089,55,089,Wisconsin,Ozaukee,,,,6.444500682461059,3.0,"Ozaukee County, Wisconsin",92258.0,4.5,49.8,91745.0,2022.0,ACS 2022 5-year Data Profile
55111,55,111,Wisconsin,Sauk,,,,7.209241808652718,3.0,"Sauk County, Wisconsin",72930.0,8.6,25.2,65664.0,2022.0,ACS 2022 5-year Data Profile
55119,55,119,Wisconsin,Taylor,,,,6.378027295541533,3.0,"Taylor County, Wisconsin",61360.0,8.8,15.8,19979.0,2022.0,ACS 2022 5-year Data Profile
55125,55,125,Wisconsin,Vilas,,,,4.990557020213633,3.0,"Vilas County, Wisconsin",63726.0,9.8,29.2,23146.0,2022.0,ACS 2022 5-year Data Profile
55133,55,133,Wisconsin,Waukesha,,,,8.727589730736353,3.0,"Waukesha County, Wisconsin",101639.0,4.9,47.2,407290.0,2022.0,ACS 2022 5-year Data Profile
56001,56,001,Wyoming,Albany,,,,5.419370376903262,3.0,"Albany County, Wyoming",55887.0,23.0,55.9,37525.0,2022.0,ACS 2022 5-year Data Profile
56005,56,005,Wyoming,Campbell,,,,4.860171567352054,3.0,"Campbell County, Wyoming",93315.0,9.5,21.9,46857.0,2022.0,ACS 2022 5-year Data Profile
56009,56,009,Wyoming,Converse,,,,3.354459962603022,2.0,"Converse County, Wyoming",79235.0,11.0,22.0,13729.0,2022.0,ACS 2022 5-year Data Profile
56013,56,013,Wyoming,Fremont,,,,4.279503854123367,3.0,"Fremont County, Wyoming",60030.0,13.9,24.3,39402.0,2022.0,ACS 2022 5-year Data Profile
56021,56,021,Wyoming,Laramie,,,,4.016876227441414,3.0,"Laramie County, Wyoming",76282.0,9.0,30.5,100316.0,2022.0,ACS 2022 5-year Data Profile
56023,56,023,Wyoming,Lincoln,,,,7.483971733918128,1.0,"Lincoln County, Wyoming",83033.0,7.1,23.1,19794.0,2022.0,ACS 2022 5-year Data Profile
56025,56,025,Wyoming,Natrona,,,,3.7883597759113066,3.0,"Natrona County, Wyoming",69104.0,9.1,26.6,79506.0,2022.0,ACS 2022 5-year Data Profile
56029,56,029,Wyoming,Park,,,,4.112538672429166,3.0,"Park County, Wyoming",66754.0,9.6,32.8,29878.0,2022.0,ACS 2022 5-year Data Profile
56033,56,033,Wyoming,Sheridan,,,,5.464717048058514,3.0,"Sheridan County, Wyoming",68898.0,8.7,32.1,31176.0,2022.0,ACS 2022 5-year Data Profile
56035,56,035,Wyoming,Sublette,,,,3.6045152939042127,3.0,"Sublette County, Wyoming",85960.0,8.1,25.6,8801.0,2022.0,ACS 2022 5-year Data Profile
56037,56,037,Wyoming,Sweetwater,,,,4.475869519809264,3.0,"Sweetwater County, Wyoming",79375.0,11.7,20.0,42079.0,2022.0,ACS 2022 5-year Data Profile
56039,56,039,Wyoming,Teton,,,,4.053865510589328,3.0,"Teton County, Wyoming",108279.0,6.9,60.3,23346.0,2022.0,ACS 2022 5-year Data Profile
72001,72,001,Puerto Rico,Adjuntas,,,,4.281824218666324,3.0,"Adjuntas Municipio, Puerto Rico",17659.0,63.4,,17972.0,2022.0,ACS 2022 5-year Data Profile
72021,72,021,Puerto Rico,Bayamon,,,,7.161718005604135,3.0,"Bayamón Municipio, Puerto Rico",29403.0,34.8,,184326.0,2022.0,ACS 2022 5-year Data Profile
72025,72,025,Puerto Rico,Caguas,,,,6.945062527849413,3.0,"Caguas Municipio, Puerto Rico",29279.0,37.0,,126772.0,2022.0,ACS 2022 5-year Data Profile
72053,72,053,Puerto Rico,Fajardo,,,,6.812606401295241,3.0,"Fajardo Municipio, Puerto Rico",24309.0,42.6,,31984.0,2022.0,ACS 2022 5-year Data Profile
72057,72,057,Puerto Rico,Guayama,,,,7.280160932297447,2.0,"Guayama Municipio, Puerto Rico",19165.0,48.0,,36365.0,2022.0,ACS 2022 5-year Data Profile
72061,72,061,Puerto Rico,Guaynabo,,,,7.785717684412256,3.0,"Guaynabo Municipio, Puerto Rico",43304.0,25.1,,89554.0,2022.0,ACS 2022 5-year Data Profile
72113,72,113,Puerto Rico,Ponce,,,,6.682267485532827,3.0,"Ponce Municipio, Puerto Rico",18994.0,50.4,,136542.0,2022.0,ACS 2022 5-year Data Profile
78010,78,010,Virgin Islands,St Croix,,,,6.229028194523288,3.0,,,,,,,
78030,78,030,Virgin Islands,St Thomas,,,,7.323439917106331,2.0,,,,,,,
80002,80,002,Country Of Mexico,BAJA CALIFORNIA NORTE,,,,27.765740335449387,2.0,,,,,,,
